submission_id,adj,age,attentionCheck,comments,context,education,emoji,experiment_duration,experiment_end_time,experiment_start_time,gender,goalEmotion,goalState,inferredState,isPassedAttention,languages,prolific_pid,prolific_session_id,prolific_study_id,responseTime,trialType
3794,amazing,34,,,cookie,Graduated High-school,😀,196131,1774550817037,1774550620906,male,5,8,4,true,English,69a0587df827563d5d8dac63,69c57e48ac8887524b780914,69c4533653a5dca26006e516,20806,trial
3794,okay,34,,,movie,Graduated High-school,😐,196131,1774550817037,1774550620906,male,8,8,3,true,English,69a0587df827563d5d8dac63,69c57e48ac8887524b780914,69c4533653a5dca26006e516,17529,trial
3794,bad,34,,,concert,Graduated High-school,☹️,196131,1774550817037,1774550620906,male,8,8,1,true,English,69a0587df827563d5d8dac63,69c57e48ac8887524b780914,69c4533653a5dca26006e516,8862,trial
3794,terrible,34,3,,movie,Graduated High-school,🙁,196131,1774550817037,1774550620906,male,null,null,3,true,English,69a0587df827563d5d8dac63,69c57e48ac8887524b780914,69c4533653a5dca26006e516,10831,attention
3794,okay,34,,,concert,Graduated High-school,null,196131,1774550817037,1774550620906,male,4,8,3,true,English,69a0587df827563d5d8dac63,69c57e48ac8887524b780914,69c4533653a5dca26006e516,14174,trial
3794,amazing,34,,,movie,Graduated High-school,null,196131,1774550817037,1774550620906,male,2,8,4,true,English,69a0587df827563d5d8dac63,69c57e48ac8887524b780914,69c4533653a5dca26006e516,12765,trial
3794,good,34,,,party,Graduated High-school,null,196131,1774550817037,1774550620906,male,1,5,3,true,English,69a0587df827563d5d8dac63,69c57e48ac8887524b780914,69c4533653a5dca26006e516,9307,trial
3794,amazing,34,3,,party,Graduated High-school,☹️,196131,1774550817037,1774550620906,male,null,null,3,true,English,69a0587df827563d5d8dac63,69c57e48ac8887524b780914,69c4533653a5dca26006e516,6727,attention
3794,terrible,34,,,cookie,Graduated High-school,null,196131,1774550817037,1774550620906,male,4,9,1,true,English,69a0587df827563d5d8dac63,69c57e48ac8887524b780914,69c4533653a5dca26006e516,10156,trial
3794,terrible,34,,,concert,Graduated High-school,🙁,196131,1774550817037,1774550620906,male,6,9,1,true,English,69a0587df827563d5d8dac63,69c57e48ac8887524b780914,69c4533653a5dca26006e516,9616,trial
3794,good,34,,,coffee,Graduated High-school,🙂,196131,1774550817037,1774550620906,male,8,8,4,true,English,69a0587df827563d5d8dac63,69c57e48ac8887524b780914,69c4533653a5dca26006e516,7305,trial
3794,bad,34,,,cookie,Graduated High-school,null,196131,1774550817037,1774550620906,male,3,8,2,true,English,69a0587df827563d5d8dac63,69c57e48ac8887524b780914,69c4533653a5dca26006e516,8810,trial
3795,okay,35,,,pizza,Higher degree,null,114852,1774550849074,1774550734222,female,3,3,3,true,English,6777c88074566bdef374f9e5,69c57ec5e64c3fe20b15b3ae,69c4533653a5dca26006e516,14950,trial
3795,bad,35,,,pizza,Higher degree,☹️,114852,1774550849074,1774550734222,female,7,7,1,true,English,6777c88074566bdef374f9e5,69c57ec5e64c3fe20b15b3ae,69c4533653a5dca26006e516,11050,trial
3795,good,35,,,pizza,Higher degree,null,114852,1774550849074,1774550734222,female,5,5,4,true,English,6777c88074566bdef374f9e5,69c57ec5e64c3fe20b15b3ae,69c4533653a5dca26006e516,9033,trial
3795,terrible,35,4,,pizza,Higher degree,😠,114852,1774550849074,1774550734222,female,null,null,4,true,English,6777c88074566bdef374f9e5,69c57ec5e64c3fe20b15b3ae,69c4533653a5dca26006e516,4033,attention
3795,okay,35,,,party,Higher degree,😐,114852,1774550849074,1774550734222,female,6,6,2,true,English,6777c88074566bdef374f9e5,69c57ec5e64c3fe20b15b3ae,69c4533653a5dca26006e516,8017,trial
3795,amazing,35,,,pizza,Higher degree,☺️,114852,1774550849074,1774550734222,female,8,8,5,true,English,6777c88074566bdef374f9e5,69c57ec5e64c3fe20b15b3ae,69c4533653a5dca26006e516,5184,trial
3795,amazing,35,,,restaurant meal,Higher degree,null,114852,1774550849074,1774550734222,female,7,7,5,true,English,6777c88074566bdef374f9e5,69c57ec5e64c3fe20b15b3ae,69c4533653a5dca26006e516,6783,trial
3795,bad,35,2,,cookie,Higher degree,😆,114852,1774550849074,1774550734222,female,null,null,2,true,English,6777c88074566bdef374f9e5,69c57ec5e64c3fe20b15b3ae,69c4533653a5dca26006e516,2850,attention
3795,terrible,35,,,cookie,Higher degree,null,114852,1774550849074,1774550734222,female,2,2,1,true,English,6777c88074566bdef374f9e5,69c57ec5e64c3fe20b15b3ae,69c4533653a5dca26006e516,5450,trial
3795,bad,35,,,restaurant meal,Higher degree,null,114852,1774550849074,1774550734222,female,1,1,1,true,English,6777c88074566bdef374f9e5,69c57ec5e64c3fe20b15b3ae,69c4533653a5dca26006e516,4517,trial
3795,terrible,35,,,restaurant meal,Higher degree,😩,114852,1774550849074,1774550734222,female,7,7,1,true,English,6777c88074566bdef374f9e5,69c57ec5e64c3fe20b15b3ae,69c4533653a5dca26006e516,7083,trial
3795,good,35,,,pizza,Higher degree,😆,114852,1774550849074,1774550734222,female,7,7,4,true,English,6777c88074566bdef374f9e5,69c57ec5e64c3fe20b15b3ae,69c4533653a5dca26006e516,7866,trial
3796,bad,24,,,pizza,Higher degree,😠,124116,1774550868815,1774550744699,male,8,9,1,true,English,69c2a438522cff31e43a8e02,69c57ecc70bbb0c41ae85a66,69c4533653a5dca26006e516,25318,trial
3796,okay,24,,,pizza,Higher degree,null,124116,1774550868815,1774550744699,male,6,4,3,true,English,69c2a438522cff31e43a8e02,69c57ecc70bbb0c41ae85a66,69c4533653a5dca26006e516,14463,trial
3796,good,24,,,cookie,Higher degree,null,124116,1774550868815,1774550744699,male,8,9,5,true,English,69c2a438522cff31e43a8e02,69c57ecc70bbb0c41ae85a66,69c4533653a5dca26006e516,7975,trial
3796,bad,24,3,,cookie,Higher degree,😐,124116,1774550868815,1774550744699,male,null,null,3,true,English,69c2a438522cff31e43a8e02,69c57ecc70bbb0c41ae85a66,69c4533653a5dca26006e516,5821,attention
3796,good,24,,,coffee,Higher degree,😆,124116,1774550868815,1774550744699,male,9,7,5,true,English,69c2a438522cff31e43a8e02,69c57ecc70bbb0c41ae85a66,69c4533653a5dca26006e516,6975,trial
3796,terrible,24,,,party,Higher degree,☹️,124116,1774550868815,1774550744699,male,9,7,1,true,English,69c2a438522cff31e43a8e02,69c57ecc70bbb0c41ae85a66,69c4533653a5dca26006e516,10522,trial
3796,amazing,24,,,movie,Higher degree,null,124116,1774550868815,1774550744699,male,7,6,5,true,English,69c2a438522cff31e43a8e02,69c57ecc70bbb0c41ae85a66,69c4533653a5dca26006e516,4269,trial
3796,bad,24,3,,concert,Higher degree,😐,124116,1774550868815,1774550744699,male,null,null,3,true,English,69c2a438522cff31e43a8e02,69c57ecc70bbb0c41ae85a66,69c4533653a5dca26006e516,2779,attention
3796,terrible,24,,,coffee,Higher degree,null,124116,1774550868815,1774550744699,male,8,7,1,true,English,69c2a438522cff31e43a8e02,69c57ecc70bbb0c41ae85a66,69c4533653a5dca26006e516,10147,trial
3796,bad,24,,,concert,Higher degree,null,124116,1774550868815,1774550744699,male,7,6,1,true,English,69c2a438522cff31e43a8e02,69c57ecc70bbb0c41ae85a66,69c4533653a5dca26006e516,7590,trial
3796,okay,24,,,pizza,Higher degree,😗,124116,1774550868815,1774550744699,male,5,5,3,true,English,69c2a438522cff31e43a8e02,69c57ecc70bbb0c41ae85a66,69c4533653a5dca26006e516,5146,trial
3796,amazing,24,,,cookie,Higher degree,🙂,124116,1774550868815,1774550744699,male,9,8,5,true,English,69c2a438522cff31e43a8e02,69c57ecc70bbb0c41ae85a66,69c4533653a5dca26006e516,9316,trial
3797,okay,42,,,pizza,Higher degree,null,242114,1774550868373,1774550626259,female,5,5,2,true,English ,69b175a2e4064835321de40c,69c57e543a8726730983a61a,69c4533653a5dca26006e516,18897,trial
3797,okay,42,,,movie,Higher degree,😐,242114,1774550868373,1774550626259,female,5,5,3,true,English ,69b175a2e4064835321de40c,69c57e543a8726730983a61a,69c4533653a5dca26006e516,10728,trial
3797,amazing,42,,,movie,Higher degree,null,242114,1774550868373,1774550626259,female,9,9,5,true,English ,69b175a2e4064835321de40c,69c57e543a8726730983a61a,69c4533653a5dca26006e516,6584,trial
3797,amazing,42,3,,concert,Higher degree,😐,242114,1774550868373,1774550626259,female,null,null,3,true,English ,69b175a2e4064835321de40c,69c57e543a8726730983a61a,69c4533653a5dca26006e516,3559,attention
3797,good,42,,,party,Higher degree,🙂,242114,1774550868373,1774550626259,female,7,7,4,true,English ,69b175a2e4064835321de40c,69c57e543a8726730983a61a,69c4533653a5dca26006e516,40256,trial
3797,good,42,,,restaurant meal,Higher degree,null,242114,1774550868373,1774550626259,female,6,6,3,true,English ,69b175a2e4064835321de40c,69c57e543a8726730983a61a,69c4533653a5dca26006e516,7344,trial
3797,terrible,42,,,restaurant meal,Higher degree,😔,242114,1774550868373,1774550626259,female,1,1,1,true,English ,69b175a2e4064835321de40c,69c57e543a8726730983a61a,69c4533653a5dca26006e516,10326,trial
3797,good,42,3,,coffee,Higher degree,😠,242114,1774550868373,1774550626259,female,null,null,3,true,English ,69b175a2e4064835321de40c,69c57e543a8726730983a61a,69c4533653a5dca26006e516,4217,attention
3797,terrible,42,,,pizza,Higher degree,null,242114,1774550868373,1774550626259,female,1,1,1,true,English ,69b175a2e4064835321de40c,69c57e543a8726730983a61a,69c4533653a5dca26006e516,79784,trial
3797,bad,42,,,party,Higher degree,null,242114,1774550868373,1774550626259,female,2,2,2,true,English ,69b175a2e4064835321de40c,69c57e543a8726730983a61a,69c4533653a5dca26006e516,5672,trial
3797,amazing,42,,,cookie,Higher degree,😀,242114,1774550868373,1774550626259,female,9,9,5,true,English ,69b175a2e4064835321de40c,69c57e543a8726730983a61a,69c4533653a5dca26006e516,5760,trial
3797,bad,42,,,pizza,Higher degree,😔,242114,1774550868373,1774550626259,female,1,1,1,true,English ,69b175a2e4064835321de40c,69c57e543a8726730983a61a,69c4533653a5dca26006e516,5343,trial
3798,bad,57,,,movie,Higher degree,null,185887,1774550926503,1774550740616,male,1,9,1,true,English,69bfb254b4b396ab17d9bb1d,69c57ecd25d87bcf2cc8ec23,69c4533653a5dca26006e516,48180,trial
3798,good,57,,,movie,Higher degree,null,185887,1774550926503,1774550740616,male,7,8,4,true,English,69bfb254b4b396ab17d9bb1d,69c57ecd25d87bcf2cc8ec23,69c4533653a5dca26006e516,14212,trial
3798,amazing,57,,,cookie,Higher degree,🙂,185887,1774550926503,1774550740616,male,7,9,5,true,English,69bfb254b4b396ab17d9bb1d,69c57ecd25d87bcf2cc8ec23,69c4533653a5dca26006e516,10807,trial
3798,okay,57,2,,concert,Higher degree,😔,185887,1774550926503,1774550740616,male,null,null,2,true,English,69bfb254b4b396ab17d9bb1d,69c57ecd25d87bcf2cc8ec23,69c4533653a5dca26006e516,5491,attention
3798,amazing,57,,,cookie,Higher degree,null,185887,1774550926503,1774550740616,male,7,9,5,true,English,69bfb254b4b396ab17d9bb1d,69c57ecd25d87bcf2cc8ec23,69c4533653a5dca26006e516,9292,trial
3798,okay,57,,,party,Higher degree,null,185887,1774550926503,1774550740616,male,6,9,3,true,English,69bfb254b4b396ab17d9bb1d,69c57ecd25d87bcf2cc8ec23,69c4533653a5dca26006e516,7133,trial
3798,okay,57,,,party,Higher degree,😗,185887,1774550926503,1774550740616,male,6,9,3,true,English,69bfb254b4b396ab17d9bb1d,69c57ecd25d87bcf2cc8ec23,69c4533653a5dca26006e516,6022,trial
3798,terrible,57,1,,coffee,Higher degree,😗,185887,1774550926503,1774550740616,male,null,null,1,true,English,69bfb254b4b396ab17d9bb1d,69c57ecd25d87bcf2cc8ec23,69c4533653a5dca26006e516,5129,attention
3798,terrible,57,,,movie,Higher degree,😔,185887,1774550926503,1774550740616,male,8,9,1,true,English,69bfb254b4b396ab17d9bb1d,69c57ecd25d87bcf2cc8ec23,69c4533653a5dca26006e516,9039,trial
3798,terrible,57,,,cookie,Higher degree,null,185887,1774550926503,1774550740616,male,6,9,1,true,English,69bfb254b4b396ab17d9bb1d,69c57ecd25d87bcf2cc8ec23,69c4533653a5dca26006e516,8422,trial
3798,bad,57,,,coffee,Higher degree,😩,185887,1774550926503,1774550740616,male,9,9,1,true,English,69bfb254b4b396ab17d9bb1d,69c57ecd25d87bcf2cc8ec23,69c4533653a5dca26006e516,8454,trial
3798,good,57,,,pizza,Higher degree,🙂,185887,1774550926503,1774550740616,male,9,9,4,true,English,69bfb254b4b396ab17d9bb1d,69c57ecd25d87bcf2cc8ec23,69c4533653a5dca26006e516,5436,trial
3800,good,40,,No,cookie,Higher degree,😆,217732,1774550945576,1774550727844,male,7,7,4,true,English,5c66d6a50d7f5f00014b8ab0,69c57ec3e9d8b248b46d3739,69c4533653a5dca26006e516,10636,trial
3800,okay,40,,No,party,Higher degree,😐,217732,1774550945576,1774550727844,male,6,6,2,true,English,5c66d6a50d7f5f00014b8ab0,69c57ec3e9d8b248b46d3739,69c4533653a5dca26006e516,5390,trial
3800,terrible,40,,No,concert,Higher degree,😩,217732,1774550945576,1774550727844,male,7,7,1,true,English,5c66d6a50d7f5f00014b8ab0,69c57ec3e9d8b248b46d3739,69c4533653a5dca26006e516,4774,trial
3800,okay,40,5,No,party,Higher degree,😐,217732,1774550945576,1774550727844,male,null,null,5,true,English,5c66d6a50d7f5f00014b8ab0,69c57ec3e9d8b248b46d3739,69c4533653a5dca26006e516,3866,attention
3800,amazing,40,,No,restaurant meal,Higher degree,☺️,217732,1774550945576,1774550727844,male,8,8,5,true,English,5c66d6a50d7f5f00014b8ab0,69c57ec3e9d8b248b46d3739,69c4533653a5dca26006e516,3556,trial
3800,good,40,,No,party,Higher degree,null,217732,1774550945576,1774550727844,male,4,4,3,true,English,5c66d6a50d7f5f00014b8ab0,69c57ec3e9d8b248b46d3739,69c4533653a5dca26006e516,3478,trial
3800,okay,40,,No,pizza,Higher degree,null,217732,1774550945576,1774550727844,male,4,4,3,true,English,5c66d6a50d7f5f00014b8ab0,69c57ec3e9d8b248b46d3739,69c4533653a5dca26006e516,3369,trial
3800,good,40,1,No,party,Higher degree,☹️,217732,1774550945576,1774550727844,male,null,null,1,true,English,5c66d6a50d7f5f00014b8ab0,69c57ec3e9d8b248b46d3739,69c4533653a5dca26006e516,2637,attention
3800,bad,40,,No,pizza,Higher degree,😔,217732,1774550945576,1774550727844,male,7,6,1,true,English,5c66d6a50d7f5f00014b8ab0,69c57ec3e9d8b248b46d3739,69c4533653a5dca26006e516,7710,trial
3800,amazing,40,,No,pizza,Higher degree,null,217732,1774550945576,1774550727844,male,8,8,5,true,English,5c66d6a50d7f5f00014b8ab0,69c57ec3e9d8b248b46d3739,69c4533653a5dca26006e516,2993,trial
3800,bad,40,,No,cookie,Higher degree,null,217732,1774550945576,1774550727844,male,5,5,2,true,English,5c66d6a50d7f5f00014b8ab0,69c57ec3e9d8b248b46d3739,69c4533653a5dca26006e516,3563,trial
3800,terrible,40,,No,concert,Higher degree,null,217732,1774550945576,1774550727844,male,6,5,1,true,English,5c66d6a50d7f5f00014b8ab0,69c57ec3e9d8b248b46d3739,69c4533653a5dca26006e516,3293,trial
3801,good,39,,thank you,pizza,Graduated High-school,🙂,165298,1774550982124,1774550816826,male,2,7,4,true,english,65380aa0598f6524cdbcf013,69c57f18be68289887762a76,69c4533653a5dca26006e516,24784,trial
3801,terrible,39,,thank you,movie,Graduated High-school,null,165298,1774550982124,1774550816826,male,9,9,1,true,english,65380aa0598f6524cdbcf013,69c57f18be68289887762a76,69c4533653a5dca26006e516,14043,trial
3801,amazing,39,,thank you,cookie,Graduated High-school,😆,165298,1774550982124,1774550816826,male,7,9,5,true,english,65380aa0598f6524cdbcf013,69c57f18be68289887762a76,69c4533653a5dca26006e516,9885,trial
3801,good,39,1,thank you,movie,Graduated High-school,☺️,165298,1774550982124,1774550816826,male,null,null,1,true,english,65380aa0598f6524cdbcf013,69c57f18be68289887762a76,69c4533653a5dca26006e516,13034,attention
3801,okay,39,,thank you,movie,Graduated High-school,😗,165298,1774550982124,1774550816826,male,5,5,3,true,english,65380aa0598f6524cdbcf013,69c57f18be68289887762a76,69c4533653a5dca26006e516,11502,trial
3801,bad,39,,thank you,coffee,Graduated High-school,null,165298,1774550982124,1774550816826,male,7,4,4,true,english,65380aa0598f6524cdbcf013,69c57f18be68289887762a76,69c4533653a5dca26006e516,12170,trial
3801,terrible,39,,thank you,pizza,Graduated High-school,☹️,165298,1774550982124,1774550816826,male,7,7,4,true,english,65380aa0598f6524cdbcf013,69c57f18be68289887762a76,69c4533653a5dca26006e516,9092,trial
3801,okay,39,3,thank you,coffee,Graduated High-school,🙁,165298,1774550982124,1774550816826,male,null,null,3,true,english,65380aa0598f6524cdbcf013,69c57f18be68289887762a76,69c4533653a5dca26006e516,3964,attention
3801,good,39,,thank you,coffee,Graduated High-school,null,165298,1774550982124,1774550816826,male,6,5,4,true,english,65380aa0598f6524cdbcf013,69c57f18be68289887762a76,69c4533653a5dca26006e516,7860,trial
3801,amazing,39,,thank you,concert,Graduated High-school,null,165298,1774550982124,1774550816826,male,9,9,5,true,english,65380aa0598f6524cdbcf013,69c57f18be68289887762a76,69c4533653a5dca26006e516,7810,trial
3801,bad,39,,thank you,movie,Graduated High-school,🙁,165298,1774550982124,1774550816826,male,8,6,4,true,english,65380aa0598f6524cdbcf013,69c57f18be68289887762a76,69c4533653a5dca26006e516,14418,trial
3801,okay,39,,thank you,movie,Graduated High-school,null,165298,1774550982124,1774550816826,male,7,6,4,true,english,65380aa0598f6524cdbcf013,69c57f18be68289887762a76,69c4533653a5dca26006e516,9084,trial
3803,terrible,45,,none,concert,Graduated High-school,☹️,281095,1774551032577,1774550751482,female,6,1,1,true,english,69a30c73f94c3e12978508b8,69c57ed55e023ad9831bc363,69c4533653a5dca26006e516,32087,trial
3803,okay,45,,none,movie,Graduated High-school,null,281095,1774551032577,1774550751482,female,2,2,3,true,english,69a30c73f94c3e12978508b8,69c57ed55e023ad9831bc363,69c4533653a5dca26006e516,13560,trial
3803,amazing,45,,none,movie,Graduated High-school,🙂,281095,1774551032577,1774550751482,female,8,7,5,true,english,69a30c73f94c3e12978508b8,69c57ed55e023ad9831bc363,69c4533653a5dca26006e516,10504,trial
3803,okay,45,3,none,concert,Graduated High-school,🙂,281095,1774551032577,1774550751482,female,null,null,3,true,english,69a30c73f94c3e12978508b8,69c57ed55e023ad9831bc363,69c4533653a5dca26006e516,11880,attention
3803,good,45,,none,movie,Graduated High-school,null,281095,1774551032577,1774550751482,female,5,4,4,true,english,69a30c73f94c3e12978508b8,69c57ed55e023ad9831bc363,69c4533653a5dca26006e516,19759,trial
3803,terrible,45,,none,concert,Graduated High-school,null,281095,1774551032577,1774550751482,female,3,3,4,true,english,69a30c73f94c3e12978508b8,69c57ed55e023ad9831bc363,69c4533653a5dca26006e516,23824,trial
3803,good,45,,none,coffee,Graduated High-school,😊,281095,1774551032577,1774550751482,female,7,7,4,true,english,69a30c73f94c3e12978508b8,69c57ed55e023ad9831bc363,69c4533653a5dca26006e516,6632,trial
3803,amazing,45,2,none,cookie,Graduated High-school,☺️,281095,1774551032577,1774550751482,female,null,null,2,true,english,69a30c73f94c3e12978508b8,69c57ed55e023ad9831bc363,69c4533653a5dca26006e516,10584,attention
3803,bad,45,,none,coffee,Graduated High-school,😔,281095,1774551032577,1774550751482,female,4,4,1,true,english,69a30c73f94c3e12978508b8,69c57ed55e023ad9831bc363,69c4533653a5dca26006e516,14648,trial
3803,bad,45,,none,pizza,Graduated High-school,null,281095,1774551032577,1774550751482,female,4,2,1,true,english,69a30c73f94c3e12978508b8,69c57ed55e023ad9831bc363,69c4533653a5dca26006e516,25440,trial
3803,amazing,45,,none,cookie,Graduated High-school,null,281095,1774551032577,1774550751482,female,8,8,4,true,english,69a30c73f94c3e12978508b8,69c57ed55e023ad9831bc363,69c4533653a5dca26006e516,9144,trial
3803,okay,45,,none,restaurant meal,Graduated High-school,😐,281095,1774551032577,1774550751482,female,5,5,3,true,english,69a30c73f94c3e12978508b8,69c57ed55e023ad9831bc363,69c4533653a5dca26006e516,8272,trial
3799,good,27,,no,restaurant meal,Graduated High-school,null,154498,1774550927019,1774550772521,female,6,6,4,true,english,67299a3cb9242638dd2556db,69c57eec7c3dbf6932828425,69c4533653a5dca26006e516,13835,trial
3799,amazing,27,,no,coffee,Graduated High-school,😆,154498,1774550927019,1774550772521,female,8,8,5,true,english,67299a3cb9242638dd2556db,69c57eec7c3dbf6932828425,69c4533653a5dca26006e516,7331,trial
3799,bad,27,,no,movie,Graduated High-school,😩,154498,1774550927019,1774550772521,female,7,7,4,true,english,67299a3cb9242638dd2556db,69c57eec7c3dbf6932828425,69c4533653a5dca26006e516,8498,trial
3799,bad,27,2,no,coffee,Graduated High-school,🙁,154498,1774550927019,1774550772521,female,null,null,2,true,english,67299a3cb9242638dd2556db,69c57eec7c3dbf6932828425,69c4533653a5dca26006e516,5934,attention
3799,okay,27,,no,movie,Graduated High-school,😐,154498,1774550927019,1774550772521,female,7,7,4,true,english,67299a3cb9242638dd2556db,69c57eec7c3dbf6932828425,69c4533653a5dca26006e516,7495,trial
3799,terrible,27,,no,cookie,Graduated High-school,😠,154498,1774550927019,1774550772521,female,7,8,5,true,english,67299a3cb9242638dd2556db,69c57eec7c3dbf6932828425,69c4533653a5dca26006e516,10371,trial
3799,bad,27,,no,cookie,Graduated High-school,null,154498,1774550927019,1774550772521,female,6,6,4,true,english,67299a3cb9242638dd2556db,69c57eec7c3dbf6932828425,69c4533653a5dca26006e516,5784,trial
3799,terrible,27,4,no,coffee,Graduated High-school,😆,154498,1774550927019,1774550772521,female,null,null,4,true,english,67299a3cb9242638dd2556db,69c57eec7c3dbf6932828425,69c4533653a5dca26006e516,8439,attention
3799,amazing,27,,no,movie,Graduated High-school,null,154498,1774550927019,1774550772521,female,6,6,4,true,english,67299a3cb9242638dd2556db,69c57eec7c3dbf6932828425,69c4533653a5dca26006e516,5301,trial
3799,good,27,,no,restaurant meal,Graduated High-school,😊,154498,1774550927019,1774550772521,female,7,7,5,true,english,67299a3cb9242638dd2556db,69c57eec7c3dbf6932828425,69c4533653a5dca26006e516,7167,trial
3799,okay,27,,no,pizza,Graduated High-school,null,154498,1774550927019,1774550772521,female,7,7,4,true,english,67299a3cb9242638dd2556db,69c57eec7c3dbf6932828425,69c4533653a5dca26006e516,6784,trial
3799,terrible,27,,no,pizza,Graduated High-school,null,154498,1774550927019,1774550772521,female,6,6,4,true,english,67299a3cb9242638dd2556db,69c57eec7c3dbf6932828425,69c4533653a5dca26006e516,4768,trial
3802,okay,25,,,party,Graduated College,null,153780,1774551010550,1774550856770,female,3,4,3,true,English,69c1ee5fbfa5c749e4bf2705,69c57f3f63e123581666fc68,69c4533653a5dca26006e516,18453,trial
3802,good,25,,,cookie,Graduated College,null,153780,1774551010550,1774550856770,female,4,4,4,true,English,69c1ee5fbfa5c749e4bf2705,69c57f3f63e123581666fc68,69c4533653a5dca26006e516,15582,trial
3802,bad,25,,,restaurant meal,Graduated College,😩,153780,1774551010550,1774550856770,female,7,7,1,true,English,69c1ee5fbfa5c749e4bf2705,69c57f3f63e123581666fc68,69c4533653a5dca26006e516,15383,trial
3802,amazing,25,4,,coffee,Graduated College,😊,153780,1774551010550,1774550856770,female,null,null,4,true,English,69c1ee5fbfa5c749e4bf2705,69c57f3f63e123581666fc68,69c4533653a5dca26006e516,7402,attention
3802,okay,25,,,coffee,Graduated College,😗,153780,1774551010550,1774550856770,female,3,3,3,true,English,69c1ee5fbfa5c749e4bf2705,69c57f3f63e123581666fc68,69c4533653a5dca26006e516,15380,trial
3802,bad,25,,,party,Graduated College,null,153780,1774551010550,1774550856770,female,2,2,1,true,English,69c1ee5fbfa5c749e4bf2705,69c57f3f63e123581666fc68,69c4533653a5dca26006e516,10749,trial
3802,amazing,25,,,coffee,Graduated College,null,153780,1774551010550,1774550856770,female,6,6,5,true,English,69c1ee5fbfa5c749e4bf2705,69c57f3f63e123581666fc68,69c4533653a5dca26006e516,10348,trial
3802,terrible,25,2,,cookie,Graduated College,🙁,153780,1774551010550,1774550856770,female,null,null,2,true,English,69c1ee5fbfa5c749e4bf2705,69c57f3f63e123581666fc68,69c4533653a5dca26006e516,3984,attention
3802,good,25,,,coffee,Graduated College,🙂,153780,1774551010550,1774550856770,female,8,7,4,true,English,69c1ee5fbfa5c749e4bf2705,69c57f3f63e123581666fc68,69c4533653a5dca26006e516,8932,trial
3802,amazing,25,,,movie,Graduated College,😀,153780,1774551010550,1774550856770,female,8,7,5,true,English,69c1ee5fbfa5c749e4bf2705,69c57f3f63e123581666fc68,69c4533653a5dca26006e516,5680,trial
3802,terrible,25,,,pizza,Graduated College,😠,153780,1774551010550,1774550856770,female,8,7,1,true,English,69c1ee5fbfa5c749e4bf2705,69c57f3f63e123581666fc68,69c4533653a5dca26006e516,5921,trial
3802,terrible,25,,,cookie,Graduated College,null,153780,1774551010550,1774550856770,female,2,2,1,true,English,69c1ee5fbfa5c749e4bf2705,69c57f3f63e123581666fc68,69c4533653a5dca26006e516,5346,trial
3804,okay,40,,,cookie,Graduated College,😐,180306,1774551045251,1774550864945,female,8,8,3,true,English,5f88e12c764cc40463b32be9,69c57f487eed2207f2438d08,69c4533653a5dca26006e516,29722,trial
3804,amazing,40,,,pizza,Graduated College,😆,180306,1774551045251,1774550864945,female,9,9,5,true,English,5f88e12c764cc40463b32be9,69c57f487eed2207f2438d08,69c4533653a5dca26006e516,8301,trial
3804,bad,40,,,cookie,Graduated College,null,180306,1774551045251,1774550864945,female,4,7,1,true,English,5f88e12c764cc40463b32be9,69c57f487eed2207f2438d08,69c4533653a5dca26006e516,19913,trial
3804,bad,40,5,,coffee,Graduated College,😆,180306,1774551045251,1774550864945,female,null,null,5,true,English,5f88e12c764cc40463b32be9,69c57f487eed2207f2438d08,69c4533653a5dca26006e516,4542,attention
3804,amazing,40,,,movie,Graduated College,null,180306,1774551045251,1774550864945,female,5,9,5,true,English,5f88e12c764cc40463b32be9,69c57f487eed2207f2438d08,69c4533653a5dca26006e516,12068,trial
3804,okay,40,,,coffee,Graduated College,null,180306,1774551045251,1774550864945,female,7,7,3,true,English,5f88e12c764cc40463b32be9,69c57f487eed2207f2438d08,69c4533653a5dca26006e516,10380,trial
3804,good,40,,,pizza,Graduated College,☺️,180306,1774551045251,1774550864945,female,9,9,4,true,English,5f88e12c764cc40463b32be9,69c57f487eed2207f2438d08,69c4533653a5dca26006e516,7672,trial
3804,amazing,40,1,,restaurant meal,Graduated College,☹️,180306,1774551045251,1774550864945,female,null,null,1,true,English,5f88e12c764cc40463b32be9,69c57f487eed2207f2438d08,69c4533653a5dca26006e516,4994,attention
3804,bad,40,,,cookie,Graduated College,😔,180306,1774551045251,1774550864945,female,9,8,1,true,English,5f88e12c764cc40463b32be9,69c57f487eed2207f2438d08,69c4533653a5dca26006e516,16186,trial
3804,good,40,,,concert,Graduated College,null,180306,1774551045251,1774550864945,female,7,8,4,true,English,5f88e12c764cc40463b32be9,69c57f487eed2207f2438d08,69c4533653a5dca26006e516,14696,trial
3804,terrible,40,,,concert,Graduated College,null,180306,1774551045251,1774550864945,female,5,8,1,true,English,5f88e12c764cc40463b32be9,69c57f487eed2207f2438d08,69c4533653a5dca26006e516,12867,trial
3804,terrible,40,,,cookie,Graduated College,😩,180306,1774551045251,1774550864945,female,8,8,1,true,English,5f88e12c764cc40463b32be9,69c57f487eed2207f2438d08,69c4533653a5dca26006e516,9255,trial
3805,okay,37,,I love the study and had a fun time taking it. ,restaurant meal,Graduated College,null,377868,1774551055075,1774550677207,male,9,1,3,true,English,66bae5a3901395ad7fb4bad6,69c57e917f7a90d5c9cef36f,69c4533653a5dca26006e516,86016,trial
3805,amazing,37,,I love the study and had a fun time taking it. ,restaurant meal,Graduated College,null,377868,1774551055075,1774550677207,male,9,9,5,true,English,66bae5a3901395ad7fb4bad6,69c57e917f7a90d5c9cef36f,69c4533653a5dca26006e516,11819,trial
3805,terrible,37,,I love the study and had a fun time taking it. ,party,Graduated College,😩,377868,1774551055075,1774550677207,male,9,1,1,true,English,66bae5a3901395ad7fb4bad6,69c57e917f7a90d5c9cef36f,69c4533653a5dca26006e516,19463,trial
3805,amazing,37,2,I love the study and had a fun time taking it. ,coffee,Graduated College,😐,377868,1774551055075,1774550677207,male,null,null,2,true,English,66bae5a3901395ad7fb4bad6,69c57e917f7a90d5c9cef36f,69c4533653a5dca26006e516,20418,attention
3805,good,37,,I love the study and had a fun time taking it. ,restaurant meal,Graduated College,😆,377868,1774551055075,1774550677207,male,9,9,4,true,English,66bae5a3901395ad7fb4bad6,69c57e917f7a90d5c9cef36f,69c4533653a5dca26006e516,16663,trial
3805,amazing,37,,I love the study and had a fun time taking it. ,cookie,Graduated College,😆,377868,1774551055075,1774550677207,male,9,9,5,true,English,66bae5a3901395ad7fb4bad6,69c57e917f7a90d5c9cef36f,69c4533653a5dca26006e516,5945,trial
3805,good,37,,I love the study and had a fun time taking it. ,pizza,Graduated College,null,377868,1774551055075,1774550677207,male,9,9,4,true,English,66bae5a3901395ad7fb4bad6,69c57e917f7a90d5c9cef36f,69c4533653a5dca26006e516,6812,trial
3805,good,37,5,I love the study and had a fun time taking it. ,pizza,Graduated College,☺️,377868,1774551055075,1774550677207,male,null,null,5,true,English,66bae5a3901395ad7fb4bad6,69c57e917f7a90d5c9cef36f,69c4533653a5dca26006e516,24524,attention
3805,okay,37,,I love the study and had a fun time taking it. ,party,Graduated College,😗,377868,1774551055075,1774550677207,male,9,1,2,true,English,66bae5a3901395ad7fb4bad6,69c57e917f7a90d5c9cef36f,69c4533653a5dca26006e516,30482,trial
3805,bad,37,,I love the study and had a fun time taking it. ,party,Graduated College,🙁,377868,1774551055075,1774550677207,male,9,1,1,true,English,66bae5a3901395ad7fb4bad6,69c57e917f7a90d5c9cef36f,69c4533653a5dca26006e516,9102,trial
3805,terrible,37,,I love the study and had a fun time taking it. ,movie,Graduated College,null,377868,1774551055075,1774550677207,male,9,1,1,true,English,66bae5a3901395ad7fb4bad6,69c57e917f7a90d5c9cef36f,69c4533653a5dca26006e516,14177,trial
3805,bad,37,,I love the study and had a fun time taking it. ,cookie,Graduated College,null,377868,1774551055075,1774550677207,male,9,1,1,true,English,66bae5a3901395ad7fb4bad6,69c57e917f7a90d5c9cef36f,69c4533653a5dca26006e516,18601,trial
3806,amazing,19,,,pizza,Graduated High-school,null,197108,1774551062398,1774550865290,female,8,9,5,true,English,6978c88114aa450dc1c37809,69c57f4aa8068569b279660d,69c4533653a5dca26006e516,35033,trial
3806,okay,19,,,pizza,Graduated High-school,😐,197108,1774551062398,1774550865290,female,8,6,2,true,English,6978c88114aa450dc1c37809,69c57f4aa8068569b279660d,69c4533653a5dca26006e516,22784,trial
3806,bad,19,,,restaurant meal,Graduated High-school,null,197108,1774551062398,1774550865290,female,8,8,1,true,English,6978c88114aa450dc1c37809,69c57f4aa8068569b279660d,69c4533653a5dca26006e516,21267,trial
3806,bad,19,2,,concert,Graduated High-school,☹️,197108,1774551062398,1774550865290,female,null,null,2,true,English,6978c88114aa450dc1c37809,69c57f4aa8068569b279660d,69c4533653a5dca26006e516,10683,attention
3806,terrible,19,,,movie,Graduated High-school,null,197108,1774551062398,1774550865290,female,9,8,1,true,English,6978c88114aa450dc1c37809,69c57f4aa8068569b279660d,69c4533653a5dca26006e516,16283,trial
3806,amazing,19,,,movie,Graduated High-school,☺️,197108,1774551062398,1774550865290,female,9,8,5,true,English,6978c88114aa450dc1c37809,69c57f4aa8068569b279660d,69c4533653a5dca26006e516,16466,trial
3806,good,19,,,coffee,Graduated High-school,null,197108,1774551062398,1774550865290,female,6,6,3,true,English,6978c88114aa450dc1c37809,69c57f4aa8068569b279660d,69c4533653a5dca26006e516,6450,trial
3806,amazing,19,5,,movie,Graduated High-school,😩,197108,1774551062398,1774550865290,female,null,null,5,true,English,6978c88114aa450dc1c37809,69c57f4aa8068569b279660d,69c4533653a5dca26006e516,4433,attention
3806,okay,19,,,movie,Graduated High-school,null,197108,1774551062398,1774550865290,female,5,5,3,true,English,6978c88114aa450dc1c37809,69c57f4aa8068569b279660d,69c4533653a5dca26006e516,11149,trial
3806,good,19,,,party,Graduated High-school,☺️,197108,1774551062398,1774550865290,female,8,8,4,true,English,6978c88114aa450dc1c37809,69c57f4aa8068569b279660d,69c4533653a5dca26006e516,10900,trial
3806,terrible,19,,,movie,Graduated High-school,😔,197108,1774551062398,1774550865290,female,8,7,1,true,English,6978c88114aa450dc1c37809,69c57f4aa8068569b279660d,69c4533653a5dca26006e516,8601,trial
3806,bad,19,,,movie,Graduated High-school,😔,197108,1774551062398,1774550865290,female,8,7,2,true,English,6978c88114aa450dc1c37809,69c57f4aa8068569b279660d,69c4533653a5dca26006e516,9983,trial
3809,terrible,23,,N/A,restaurant meal,Graduated College,😠,458621,1774551077380,1774550618759,female,9,9,1,true,English,6990f03349def79734ef0bd2,69c57e4cbe2edd861e6cf881,69c4533653a5dca26006e516,18499,trial
3809,amazing,23,,N/A,concert,Graduated College,☺️,458621,1774551077380,1774550618759,female,9,9,5,true,English,6990f03349def79734ef0bd2,69c57e4cbe2edd861e6cf881,69c4533653a5dca26006e516,8801,trial
3809,okay,23,,N/A,coffee,Graduated College,null,458621,1774551077380,1774550618759,female,3,4,2,true,English,6990f03349def79734ef0bd2,69c57e4cbe2edd861e6cf881,69c4533653a5dca26006e516,13980,trial
3809,amazing,23,5,N/A,movie,Graduated College,😀,458621,1774551077380,1774550618759,female,null,null,5,true,English,6990f03349def79734ef0bd2,69c57e4cbe2edd861e6cf881,69c4533653a5dca26006e516,6256,attention
3809,good,23,,N/A,movie,Graduated College,null,458621,1774551077380,1774550618759,female,5,4,3,true,English,6990f03349def79734ef0bd2,69c57e4cbe2edd861e6cf881,69c4533653a5dca26006e516,24832,trial
3809,okay,23,,N/A,party,Graduated College,😗,458621,1774551077380,1774550618759,female,1,1,2,true,English,6990f03349def79734ef0bd2,69c57e4cbe2edd861e6cf881,69c4533653a5dca26006e516,10095,trial
3809,terrible,23,,N/A,party,Graduated College,null,458621,1774551077380,1774550618759,female,9,9,1,true,English,6990f03349def79734ef0bd2,69c57e4cbe2edd861e6cf881,69c4533653a5dca26006e516,218921,trial
3809,good,23,4,N/A,coffee,Graduated College,😊,458621,1774551077380,1774550618759,female,null,null,4,true,English,6990f03349def79734ef0bd2,69c57e4cbe2edd861e6cf881,69c4533653a5dca26006e516,4675,attention
3809,bad,23,,N/A,cookie,Graduated College,null,458621,1774551077380,1774550618759,female,7,8,1,true,English,6990f03349def79734ef0bd2,69c57e4cbe2edd861e6cf881,69c4533653a5dca26006e516,8468,trial
3809,good,23,,N/A,pizza,Graduated College,☺️,458621,1774551077380,1774550618759,female,9,9,5,true,English,6990f03349def79734ef0bd2,69c57e4cbe2edd861e6cf881,69c4533653a5dca26006e516,8695,trial
3809,amazing,23,,N/A,coffee,Graduated College,null,458621,1774551077380,1774550618759,female,4,4,3,true,English,6990f03349def79734ef0bd2,69c57e4cbe2edd861e6cf881,69c4533653a5dca26006e516,10290,trial
3809,bad,23,,N/A,restaurant meal,Graduated College,☹️,458621,1774551077380,1774550618759,female,9,8,1,true,English,6990f03349def79734ef0bd2,69c57e4cbe2edd861e6cf881,69c4533653a5dca26006e516,8018,trial
3810,amazing,52,,,movie,Graduated College,null,374946,1774551116231,1774550741285,female,9,8,5,true,English,59d665ef03203500011acd8c,69c57e50331c1e151dcdbad6,69c4533653a5dca26006e516,15619,trial
3810,okay,52,,,cookie,Graduated College,null,374946,1774551116231,1774550741285,female,2,3,3,true,English,59d665ef03203500011acd8c,69c57e50331c1e151dcdbad6,69c4533653a5dca26006e516,12380,trial
3810,amazing,52,,,cookie,Graduated College,☺️,374946,1774551116231,1774550741285,female,9,9,5,true,English,59d665ef03203500011acd8c,69c57e50331c1e151dcdbad6,69c4533653a5dca26006e516,10847,trial
3810,terrible,52,2,,party,Graduated College,☹️,374946,1774551116231,1774550741285,female,null,null,2,true,English,59d665ef03203500011acd8c,69c57e50331c1e151dcdbad6,69c4533653a5dca26006e516,5336,attention
3810,bad,52,,,movie,Graduated College,null,374946,1774551116231,1774550741285,female,6,2,1,true,English,59d665ef03203500011acd8c,69c57e50331c1e151dcdbad6,69c4533653a5dca26006e516,26825,trial
3810,bad,52,,,restaurant meal,Graduated College,☹️,374946,1774551116231,1774550741285,female,9,9,1,true,English,59d665ef03203500011acd8c,69c57e50331c1e151dcdbad6,69c4533653a5dca26006e516,15477,trial
3810,good,52,,,movie,Graduated College,😀,374946,1774551116231,1774550741285,female,9,7,5,true,English,59d665ef03203500011acd8c,69c57e50331c1e151dcdbad6,69c4533653a5dca26006e516,21881,trial
3810,amazing,52,5,,coffee,Graduated College,🙁,374946,1774551116231,1774550741285,female,null,null,5,true,English,59d665ef03203500011acd8c,69c57e50331c1e151dcdbad6,69c4533653a5dca26006e516,5901,attention
3810,terrible,52,,,movie,Graduated College,😔,374946,1774551116231,1774550741285,female,9,9,1,true,English,59d665ef03203500011acd8c,69c57e50331c1e151dcdbad6,69c4533653a5dca26006e516,50753,trial
3810,terrible,52,,,restaurant meal,Graduated College,null,374946,1774551116231,1774550741285,female,8,8,1,true,English,59d665ef03203500011acd8c,69c57e50331c1e151dcdbad6,69c4533653a5dca26006e516,10964,trial
3810,good,52,,,pizza,Graduated College,null,374946,1774551116231,1774550741285,female,5,6,3,true,English,59d665ef03203500011acd8c,69c57e50331c1e151dcdbad6,69c4533653a5dca26006e516,26577,trial
3810,okay,52,,,movie,Graduated College,😗,374946,1774551116231,1774550741285,female,7,5,2,true,English,59d665ef03203500011acd8c,69c57e50331c1e151dcdbad6,69c4533653a5dca26006e516,34125,trial
3807,okay,35,,,restaurant meal,Graduated High-school,null,305345,1774551062990,1774550757645,other,2,9,3,true,English,56e32190e414dc000c8b40ae,69c57ecdc244f3597a091cd9,69c4533653a5dca26006e516,36432,trial
3807,terrible,35,,,restaurant meal,Graduated High-school,😠,305345,1774551062990,1774550757645,other,9,9,1,true,English,56e32190e414dc000c8b40ae,69c57ecdc244f3597a091cd9,69c4533653a5dca26006e516,33838,trial
3807,good,35,,,pizza,Graduated High-school,☺️,305345,1774551062990,1774550757645,other,8,7,4,true,English,56e32190e414dc000c8b40ae,69c57ecdc244f3597a091cd9,69c4533653a5dca26006e516,18517,trial
3807,okay,35,3,,restaurant meal,Graduated High-school,😠,305345,1774551062990,1774550757645,other,null,null,3,true,English,56e32190e414dc000c8b40ae,69c57ecdc244f3597a091cd9,69c4533653a5dca26006e516,8983,attention
3807,bad,35,,,movie,Graduated High-school,😩,305345,1774551062990,1774550757645,other,9,8,1,true,English,56e32190e414dc000c8b40ae,69c57ecdc244f3597a091cd9,69c4533653a5dca26006e516,20618,trial
3807,amazing,35,,,cookie,Graduated High-school,null,305345,1774551062990,1774550757645,other,7,9,5,true,English,56e32190e414dc000c8b40ae,69c57ecdc244f3597a091cd9,69c4533653a5dca26006e516,16050,trial
3807,terrible,35,,,movie,Graduated High-school,null,305345,1774551062990,1774550757645,other,6,9,1,true,English,56e32190e414dc000c8b40ae,69c57ecdc244f3597a091cd9,69c4533653a5dca26006e516,14851,trial
3807,okay,35,1,,cookie,Graduated High-school,😠,305345,1774551062990,1774550757645,other,null,null,1,true,English,56e32190e414dc000c8b40ae,69c57ecdc244f3597a091cd9,69c4533653a5dca26006e516,10853,attention
3807,okay,35,,,coffee,Graduated High-school,😐,305345,1774551062990,1774550757645,other,7,9,3,true,English,56e32190e414dc000c8b40ae,69c57ecdc244f3597a091cd9,69c4533653a5dca26006e516,16433,trial
3807,good,35,,,party,Graduated High-school,null,305345,1774551062990,1774550757645,other,5,8,4,true,English,56e32190e414dc000c8b40ae,69c57ecdc244f3597a091cd9,69c4533653a5dca26006e516,9833,trial
3807,amazing,35,,,pizza,Graduated High-school,☺️,305345,1774551062990,1774550757645,other,9,9,5,true,English,56e32190e414dc000c8b40ae,69c57ecdc244f3597a091cd9,69c4533653a5dca26006e516,9234,trial
3807,bad,35,,,movie,Graduated High-school,null,305345,1774551062990,1774550757645,other,6,8,2,true,English,56e32190e414dc000c8b40ae,69c57ecdc244f3597a091cd9,69c4533653a5dca26006e516,9383,trial
3808,good,63,,,party,Graduated College,😊,265767,1774551066969,1774550801202,male,4,6,4,true,English,692748e778089b584e73927a,69c57f07f378e5eec3410d47,69c4533653a5dca26006e516,41300,trial
3808,amazing,63,,,party,Graduated College,😀,265767,1774551066969,1774550801202,male,8,8,5,true,English,692748e778089b584e73927a,69c57f07f378e5eec3410d47,69c4533653a5dca26006e516,11220,trial
3808,good,63,,,restaurant meal,Graduated College,null,265767,1774551066969,1774550801202,male,3,4,4,true,English,692748e778089b584e73927a,69c57f07f378e5eec3410d47,69c4533653a5dca26006e516,21213,trial
3808,bad,63,4,,restaurant meal,Graduated College,😆,265767,1774551066969,1774550801202,male,null,null,4,true,English,692748e778089b584e73927a,69c57f07f378e5eec3410d47,69c4533653a5dca26006e516,9648,attention
3808,terrible,63,,,restaurant meal,Graduated College,null,265767,1774551066969,1774550801202,male,6,8,1,true,English,692748e778089b584e73927a,69c57f07f378e5eec3410d47,69c4533653a5dca26006e516,21844,trial
3808,amazing,63,,,movie,Graduated College,null,265767,1774551066969,1774550801202,male,7,8,5,true,English,692748e778089b584e73927a,69c57f07f378e5eec3410d47,69c4533653a5dca26006e516,10892,trial
3808,terrible,63,,,pizza,Graduated College,🙁,265767,1774551066969,1774550801202,male,7,8,1,true,English,692748e778089b584e73927a,69c57f07f378e5eec3410d47,69c4533653a5dca26006e516,14014,trial
3808,good,63,1,,pizza,Graduated College,😐,265767,1774551066969,1774550801202,male,null,null,1,true,English,692748e778089b584e73927a,69c57f07f378e5eec3410d47,69c4533653a5dca26006e516,8644,attention
3808,bad,63,,,pizza,Graduated College,🙁,265767,1774551066969,1774550801202,male,6,7,1,true,English,692748e778089b584e73927a,69c57f07f378e5eec3410d47,69c4533653a5dca26006e516,14288,trial
3808,bad,63,,,cookie,Graduated College,null,265767,1774551066969,1774550801202,male,5,6,2,true,English,692748e778089b584e73927a,69c57f07f378e5eec3410d47,69c4533653a5dca26006e516,19904,trial
3808,okay,63,,,party,Graduated College,null,265767,1774551066969,1774550801202,male,3,3,3,true,English,692748e778089b584e73927a,69c57f07f378e5eec3410d47,69c4533653a5dca26006e516,11712,trial
3808,okay,63,,,pizza,Graduated College,😗,265767,1774551066969,1774550801202,male,5,6,4,true,English,692748e778089b584e73927a,69c57f07f378e5eec3410d47,69c4533653a5dca26006e516,13580,trial
3811,bad,64,,,cookie,Graduated High-school,☹️,152490,1774551180512,1774551028022,male,9,1,1,true,English,5a7b3463aa46dd00016b4abf,69c57fecb8f1aa037a9b0271,69c4533653a5dca26006e516,18016,trial
3811,terrible,64,,,coffee,Graduated High-school,null,152490,1774551180512,1774551028022,male,9,1,1,true,English,5a7b3463aa46dd00016b4abf,69c57fecb8f1aa037a9b0271,69c4533653a5dca26006e516,14374,trial
3811,good,64,,,concert,Graduated High-school,😀,152490,1774551180512,1774551028022,male,8,8,5,true,English,5a7b3463aa46dd00016b4abf,69c57fecb8f1aa037a9b0271,69c4533653a5dca26006e516,15253,trial
3811,terrible,64,4,,movie,Graduated High-school,😠,152490,1774551180512,1774551028022,male,null,null,4,true,English,5a7b3463aa46dd00016b4abf,69c57fecb8f1aa037a9b0271,69c4533653a5dca26006e516,4195,attention
3811,terrible,64,,,restaurant meal,Graduated High-school,😠,152490,1774551180512,1774551028022,male,8,1,1,true,English,5a7b3463aa46dd00016b4abf,69c57fecb8f1aa037a9b0271,69c4533653a5dca26006e516,10486,trial
3811,bad,64,,,cookie,Graduated High-school,null,152490,1774551180512,1774551028022,male,8,1,1,true,English,5a7b3463aa46dd00016b4abf,69c57fecb8f1aa037a9b0271,69c4533653a5dca26006e516,10502,trial
3811,amazing,64,,,restaurant meal,Graduated High-school,null,152490,1774551180512,1774551028022,male,8,9,5,true,English,5a7b3463aa46dd00016b4abf,69c57fecb8f1aa037a9b0271,69c4533653a5dca26006e516,12593,trial
3811,bad,64,2,,concert,Graduated High-school,☺️,152490,1774551180512,1774551028022,male,null,null,2,true,English,5a7b3463aa46dd00016b4abf,69c57fecb8f1aa037a9b0271,69c4533653a5dca26006e516,4034,attention
3811,good,64,,,pizza,Graduated High-school,null,152490,1774551180512,1774551028022,male,7,8,4,true,English,5a7b3463aa46dd00016b4abf,69c57fecb8f1aa037a9b0271,69c4533653a5dca26006e516,7802,trial
3811,amazing,64,,,cookie,Graduated High-school,😀,152490,1774551180512,1774551028022,male,8,8,5,true,English,5a7b3463aa46dd00016b4abf,69c57fecb8f1aa037a9b0271,69c4533653a5dca26006e516,9301,trial
3811,okay,64,,,coffee,Graduated High-school,null,152490,1774551180512,1774551028022,male,5,5,3,true,English,5a7b3463aa46dd00016b4abf,69c57fecb8f1aa037a9b0271,69c4533653a5dca26006e516,8855,trial
3811,okay,64,,,pizza,Graduated High-school,😐,152490,1774551180512,1774551028022,male,5,5,3,true,English,5a7b3463aa46dd00016b4abf,69c57fecb8f1aa037a9b0271,69c4533653a5dca26006e516,7195,trial
3814,terrible,25,,,coffee,Graduated High-school,😩,413648,1774551267424,1774550853776,female,7,7,2,true,English,60fdb05e9fae758192d21a0e,69c57f3807151e50e0d0a5be,69c4533653a5dca26006e516,113573,trial
3814,okay,25,,,party,Graduated High-school,null,413648,1774551267424,1774550853776,female,5,4,3,true,English,60fdb05e9fae758192d21a0e,69c57f3807151e50e0d0a5be,69c4533653a5dca26006e516,9970,trial
3814,good,25,,,concert,Graduated High-school,null,413648,1774551267424,1774550853776,female,5,5,4,true,English,60fdb05e9fae758192d21a0e,69c57f3807151e50e0d0a5be,69c4533653a5dca26006e516,180156,trial
3814,okay,25,5,,concert,Graduated High-school,🙂,413648,1774551267424,1774550853776,female,null,null,5,true,English,60fdb05e9fae758192d21a0e,69c57f3807151e50e0d0a5be,69c4533653a5dca26006e516,3076,attention
3814,bad,25,,,movie,Graduated High-school,null,413648,1774551267424,1774550853776,female,5,5,2,true,English,60fdb05e9fae758192d21a0e,69c57f3807151e50e0d0a5be,69c4533653a5dca26006e516,6110,trial
3814,okay,25,,,pizza,Graduated High-school,😗,413648,1774551267424,1774550853776,female,6,6,3,true,English,60fdb05e9fae758192d21a0e,69c57f3807151e50e0d0a5be,69c4533653a5dca26006e516,8062,trial
3814,amazing,25,,,cookie,Graduated High-school,null,413648,1774551267424,1774550853776,female,7,7,4,true,English,60fdb05e9fae758192d21a0e,69c57f3807151e50e0d0a5be,69c4533653a5dca26006e516,32664,trial
3814,terrible,25,4,,movie,Graduated High-school,☺️,413648,1774551267424,1774550853776,female,null,null,4,true,English,60fdb05e9fae758192d21a0e,69c57f3807151e50e0d0a5be,69c4533653a5dca26006e516,2302,attention
3814,amazing,25,,,restaurant meal,Graduated High-school,😊,413648,1774551267424,1774550853776,female,8,8,5,true,English,60fdb05e9fae758192d21a0e,69c57f3807151e50e0d0a5be,69c4533653a5dca26006e516,5982,trial
3814,good,25,,,restaurant meal,Graduated High-school,☺️,413648,1774551267424,1774550853776,female,7,7,4,true,English,60fdb05e9fae758192d21a0e,69c57f3807151e50e0d0a5be,69c4533653a5dca26006e516,5559,trial
3814,bad,25,,,concert,Graduated High-school,😠,413648,1774551267424,1774550853776,female,7,7,1,true,English,60fdb05e9fae758192d21a0e,69c57f3807151e50e0d0a5be,69c4533653a5dca26006e516,14258,trial
3814,terrible,25,,,coffee,Graduated High-school,null,413648,1774551267424,1774550853776,female,7,7,1,true,English,60fdb05e9fae758192d21a0e,69c57f3807151e50e0d0a5be,69c4533653a5dca26006e516,4467,trial
3816,amazing,29,,N/A,concert,Higher degree,😊,316867,1774551298600,1774550981733,female,2,3,4,true,ENGLISH,5eeb58ec4c86582a76ff55ec,69c57fbc935f8f33c12d7bb9,69c4533653a5dca26006e516,20475,trial
3816,good,29,,N/A,coffee,Higher degree,☺️,316867,1774551298600,1774550981733,female,2,2,3,true,ENGLISH,5eeb58ec4c86582a76ff55ec,69c57fbc935f8f33c12d7bb9,69c4533653a5dca26006e516,36980,trial
3816,good,29,,N/A,restaurant meal,Higher degree,null,316867,1774551298600,1774550981733,female,1,1,1,true,ENGLISH,5eeb58ec4c86582a76ff55ec,69c57fbc935f8f33c12d7bb9,69c4533653a5dca26006e516,99198,trial
3816,amazing,29,1,N/A,concert,Higher degree,😔,316867,1774551298600,1774550981733,female,null,null,1,true,ENGLISH,5eeb58ec4c86582a76ff55ec,69c57fbc935f8f33c12d7bb9,69c4533653a5dca26006e516,6111,attention
3816,bad,29,,N/A,restaurant meal,Higher degree,😔,316867,1774551298600,1774550981733,female,3,3,2,true,ENGLISH,5eeb58ec4c86582a76ff55ec,69c57fbc935f8f33c12d7bb9,69c4533653a5dca26006e516,7436,trial
3816,okay,29,,N/A,coffee,Higher degree,null,316867,1774551298600,1774550981733,female,1,1,1,true,ENGLISH,5eeb58ec4c86582a76ff55ec,69c57fbc935f8f33c12d7bb9,69c4533653a5dca26006e516,6605,trial
3816,okay,29,,N/A,movie,Higher degree,😗,316867,1774551298600,1774550981733,female,1,1,2,true,ENGLISH,5eeb58ec4c86582a76ff55ec,69c57fbc935f8f33c12d7bb9,69c4533653a5dca26006e516,7033,trial
3816,good,29,2,N/A,pizza,Higher degree,😊,316867,1774551298600,1774550981733,female,null,null,2,true,ENGLISH,5eeb58ec4c86582a76ff55ec,69c57fbc935f8f33c12d7bb9,69c4533653a5dca26006e516,3987,attention
3816,bad,29,,N/A,restaurant meal,Higher degree,null,316867,1774551298600,1774550981733,female,2,2,2,true,ENGLISH,5eeb58ec4c86582a76ff55ec,69c57fbc935f8f33c12d7bb9,69c4533653a5dca26006e516,9874,trial
3816,terrible,29,,N/A,restaurant meal,Higher degree,😩,316867,1774551298600,1774550981733,female,4,4,3,true,ENGLISH,5eeb58ec4c86582a76ff55ec,69c57fbc935f8f33c12d7bb9,69c4533653a5dca26006e516,26230,trial
3816,terrible,29,,N/A,coffee,Higher degree,null,316867,1774551298600,1774550981733,female,3,3,3,true,ENGLISH,5eeb58ec4c86582a76ff55ec,69c57fbc935f8f33c12d7bb9,69c4533653a5dca26006e516,12199,trial
3816,amazing,29,,N/A,restaurant meal,Higher degree,null,316867,1774551298600,1774550981733,female,3,3,3,true,ENGLISH,5eeb58ec4c86582a76ff55ec,69c57fbc935f8f33c12d7bb9,69c4533653a5dca26006e516,5955,trial
3818,amazing,66,,,restaurant meal,Graduated College,null,262903,1774551311005,1774551048102,female,9,9,5,true,english,699794ff59dd4066d19736be,69c580021254eb54edb115ee,69c4533653a5dca26006e516,29390,trial
3818,terrible,66,,,cookie,Graduated College,☹️,262903,1774551311005,1774551048102,female,7,7,1,true,english,699794ff59dd4066d19736be,69c580021254eb54edb115ee,69c4533653a5dca26006e516,37620,trial
3818,bad,66,,,party,Graduated College,null,262903,1774551311005,1774551048102,female,7,7,2,true,english,699794ff59dd4066d19736be,69c580021254eb54edb115ee,69c4533653a5dca26006e516,20180,trial
3818,bad,66,4,,coffee,Graduated College,☹️,262903,1774551311005,1774551048102,female,null,null,4,true,english,699794ff59dd4066d19736be,69c580021254eb54edb115ee,69c4533653a5dca26006e516,8794,attention
3818,bad,66,,,pizza,Graduated College,😠,262903,1774551311005,1774551048102,female,6,6,2,true,english,699794ff59dd4066d19736be,69c580021254eb54edb115ee,69c4533653a5dca26006e516,15627,trial
3818,good,66,,,movie,Graduated College,😀,262903,1774551311005,1774551048102,female,7,6,4,true,english,699794ff59dd4066d19736be,69c580021254eb54edb115ee,69c4533653a5dca26006e516,16462,trial
3818,good,66,,,movie,Graduated College,null,262903,1774551311005,1774551048102,female,6,6,4,true,english,699794ff59dd4066d19736be,69c580021254eb54edb115ee,69c4533653a5dca26006e516,12406,trial
3818,okay,66,2,,party,Graduated College,😗,262903,1774551311005,1774551048102,female,null,null,2,true,english,699794ff59dd4066d19736be,69c580021254eb54edb115ee,69c4533653a5dca26006e516,7283,attention
3818,amazing,66,,,restaurant meal,Graduated College,🙂,262903,1774551311005,1774551048102,female,9,9,5,true,english,699794ff59dd4066d19736be,69c580021254eb54edb115ee,69c4533653a5dca26006e516,12128,trial
3818,okay,66,,,cookie,Graduated College,null,262903,1774551311005,1774551048102,female,5,5,3,true,english,699794ff59dd4066d19736be,69c580021254eb54edb115ee,69c4533653a5dca26006e516,9944,trial
3818,okay,66,,,party,Graduated College,😗,262903,1774551311005,1774551048102,female,6,5,3,true,english,699794ff59dd4066d19736be,69c580021254eb54edb115ee,69c4533653a5dca26006e516,11314,trial
3818,terrible,66,,,movie,Graduated College,null,262903,1774551311005,1774551048102,female,5,5,1,true,english,699794ff59dd4066d19736be,69c580021254eb54edb115ee,69c4533653a5dca26006e516,10554,trial
3824,okay,19,,"I liked how I got to use the emojis to see that the messages were conveying a stronger emotion, even if the sentence was the same.",concert,Graduated High-school,null,477469,1774551567748,1774551090279,male,3,6,3,true,English,69b3940c79afadd5c572981a,69c580297a19ac28d4b115e6,69c4533653a5dca26006e516,60913,trial
3824,amazing,19,,"I liked how I got to use the emojis to see that the messages were conveying a stronger emotion, even if the sentence was the same.",cookie,Graduated High-school,null,477469,1774551567748,1774551090279,male,8,9,5,true,English,69b3940c79afadd5c572981a,69c580297a19ac28d4b115e6,69c4533653a5dca26006e516,38783,trial
3824,bad,19,,"I liked how I got to use the emojis to see that the messages were conveying a stronger emotion, even if the sentence was the same.",movie,Graduated High-school,☹️,477469,1774551567748,1774551090279,male,7,8,2,true,English,69b3940c79afadd5c572981a,69c580297a19ac28d4b115e6,69c4533653a5dca26006e516,34808,trial
3824,bad,19,3,"I liked how I got to use the emojis to see that the messages were conveying a stronger emotion, even if the sentence was the same.",party,Graduated High-school,😗,477469,1774551567748,1774551090279,male,null,null,3,true,English,69b3940c79afadd5c572981a,69c580297a19ac28d4b115e6,69c4533653a5dca26006e516,23854,attention
3824,okay,19,,"I liked how I got to use the emojis to see that the messages were conveying a stronger emotion, even if the sentence was the same.",concert,Graduated High-school,😐,477469,1774551567748,1774551090279,male,3,5,3,true,English,69b3940c79afadd5c572981a,69c580297a19ac28d4b115e6,69c4533653a5dca26006e516,30437,trial
3824,bad,19,,"I liked how I got to use the emojis to see that the messages were conveying a stronger emotion, even if the sentence was the same.",party,Graduated High-school,null,477469,1774551567748,1774551090279,male,5,7,2,true,English,69b3940c79afadd5c572981a,69c580297a19ac28d4b115e6,69c4533653a5dca26006e516,29346,trial
3824,amazing,19,,"I liked how I got to use the emojis to see that the messages were conveying a stronger emotion, even if the sentence was the same.",concert,Graduated High-school,😀,477469,1774551567748,1774551090279,male,8,9,5,true,English,69b3940c79afadd5c572981a,69c580297a19ac28d4b115e6,69c4533653a5dca26006e516,36600,trial
3824,amazing,19,3,"I liked how I got to use the emojis to see that the messages were conveying a stronger emotion, even if the sentence was the same.",movie,Graduated High-school,😠,477469,1774551567748,1774551090279,male,null,null,3,true,English,69b3940c79afadd5c572981a,69c580297a19ac28d4b115e6,69c4533653a5dca26006e516,5687,attention
3824,terrible,19,,"I liked how I got to use the emojis to see that the messages were conveying a stronger emotion, even if the sentence was the same.",party,Graduated High-school,😩,477469,1774551567748,1774551090279,male,8,9,1,true,English,69b3940c79afadd5c572981a,69c580297a19ac28d4b115e6,69c4533653a5dca26006e516,27514,trial
3824,terrible,19,,"I liked how I got to use the emojis to see that the messages were conveying a stronger emotion, even if the sentence was the same.",restaurant meal,Graduated High-school,null,477469,1774551567748,1774551090279,male,8,9,1,true,English,69b3940c79afadd5c572981a,69c580297a19ac28d4b115e6,69c4533653a5dca26006e516,23043,trial
3824,good,19,,"I liked how I got to use the emojis to see that the messages were conveying a stronger emotion, even if the sentence was the same.",pizza,Graduated High-school,null,477469,1774551567748,1774551090279,male,4,7,4,true,English,69b3940c79afadd5c572981a,69c580297a19ac28d4b115e6,69c4533653a5dca26006e516,27314,trial
3824,good,19,,"I liked how I got to use the emojis to see that the messages were conveying a stronger emotion, even if the sentence was the same.",party,Graduated High-school,😊,477469,1774551567748,1774551090279,male,6,7,4,true,English,69b3940c79afadd5c572981a,69c580297a19ac28d4b115e6,69c4533653a5dca26006e516,28208,trial
3812,okay,30,,,movie,Graduated College,null,231691,1774551180858,1774550949167,female,5,5,3,true,English,69a07e9824a9035ebe95af83,69c57f9efbab15663f39e46d,69c4533653a5dca26006e516,24034,trial
3812,good,30,,,concert,Graduated College,😀,231691,1774551180858,1774550949167,female,8,7,4,true,English,69a07e9824a9035ebe95af83,69c57f9efbab15663f39e46d,69c4533653a5dca26006e516,15080,trial
3812,okay,30,,,party,Graduated College,😗,231691,1774551180858,1774550949167,female,6,7,3,true,English,69a07e9824a9035ebe95af83,69c57f9efbab15663f39e46d,69c4533653a5dca26006e516,21103,trial
3812,okay,30,4,,concert,Graduated College,☹️,231691,1774551180858,1774550949167,female,null,null,4,true,English,69a07e9824a9035ebe95af83,69c57f9efbab15663f39e46d,69c4533653a5dca26006e516,7316,attention
3812,amazing,30,,,party,Graduated College,😆,231691,1774551180858,1774550949167,female,9,8,5,true,English,69a07e9824a9035ebe95af83,69c57f9efbab15663f39e46d,69c4533653a5dca26006e516,9650,trial
3812,bad,30,,,party,Graduated College,null,231691,1774551180858,1774550949167,female,6,7,2,true,English,69a07e9824a9035ebe95af83,69c57f9efbab15663f39e46d,69c4533653a5dca26006e516,16317,trial
3812,bad,30,,,restaurant meal,Graduated College,☹️,231691,1774551180858,1774550949167,female,8,7,1,true,English,69a07e9824a9035ebe95af83,69c57f9efbab15663f39e46d,69c4533653a5dca26006e516,19650,trial
3812,bad,30,5,,movie,Graduated College,☹️,231691,1774551180858,1774550949167,female,null,null,5,true,English,69a07e9824a9035ebe95af83,69c57f9efbab15663f39e46d,69c4533653a5dca26006e516,3882,attention
3812,terrible,30,,,cookie,Graduated College,null,231691,1774551180858,1774550949167,female,6,4,1,true,English,69a07e9824a9035ebe95af83,69c57f9efbab15663f39e46d,69c4533653a5dca26006e516,16168,trial
3812,amazing,30,,,cookie,Graduated College,null,231691,1774551180858,1774550949167,female,7,6,5,true,English,69a07e9824a9035ebe95af83,69c57f9efbab15663f39e46d,69c4533653a5dca26006e516,9197,trial
3812,good,30,,,coffee,Graduated College,null,231691,1774551180858,1774550949167,female,6,6,4,true,English,69a07e9824a9035ebe95af83,69c57f9efbab15663f39e46d,69c4533653a5dca26006e516,13486,trial
3812,terrible,30,,,cookie,Graduated College,😔,231691,1774551180858,1774550949167,female,6,7,1,true,English,69a07e9824a9035ebe95af83,69c57f9efbab15663f39e46d,69c4533653a5dca26006e516,15566,trial
3813,good,19,,,coffee,Graduated High-school,null,168716,1774551195799,1774551027083,male,6,6,4,true,english,69ace337f2e2b66033b46f03,69c57fcb82c96938a2980e69,69c4533653a5dca26006e516,18125,trial
3813,amazing,19,,,concert,Graduated High-school,null,168716,1774551195799,1774551027083,male,8,8,5,true,english,69ace337f2e2b66033b46f03,69c57fcb82c96938a2980e69,69c4533653a5dca26006e516,6872,trial
3813,terrible,19,,,cookie,Graduated High-school,null,168716,1774551195799,1774551027083,male,8,7,2,true,english,69ace337f2e2b66033b46f03,69c57fcb82c96938a2980e69,69c4533653a5dca26006e516,13650,trial
3813,good,19,2,,party,Graduated High-school,😔,168716,1774551195799,1774551027083,male,null,null,2,true,english,69ace337f2e2b66033b46f03,69c57fcb82c96938a2980e69,69c4533653a5dca26006e516,9237,attention
3813,good,19,,,restaurant meal,Graduated High-school,☺️,168716,1774551195799,1774551027083,male,9,9,5,true,english,69ace337f2e2b66033b46f03,69c57fcb82c96938a2980e69,69c4533653a5dca26006e516,9178,trial
3813,okay,19,,,coffee,Graduated High-school,null,168716,1774551195799,1774551027083,male,4,3,2,true,english,69ace337f2e2b66033b46f03,69c57fcb82c96938a2980e69,69c4533653a5dca26006e516,6870,trial
3813,terrible,19,,,concert,Graduated High-school,😔,168716,1774551195799,1774551027083,male,8,7,1,true,english,69ace337f2e2b66033b46f03,69c57fcb82c96938a2980e69,69c4533653a5dca26006e516,18080,trial
3813,okay,19,1,,concert,Graduated High-school,☺️,168716,1774551195799,1774551027083,male,null,null,1,true,english,69ace337f2e2b66033b46f03,69c57fcb82c96938a2980e69,69c4533653a5dca26006e516,6281,attention
3813,bad,19,,,coffee,Graduated High-school,😩,168716,1774551195799,1774551027083,male,8,7,1,true,english,69ace337f2e2b66033b46f03,69c57fcb82c96938a2980e69,69c4533653a5dca26006e516,10138,trial
3813,amazing,19,,,movie,Graduated High-school,🙂,168716,1774551195799,1774551027083,male,9,8,5,true,english,69ace337f2e2b66033b46f03,69c57fcb82c96938a2980e69,69c4533653a5dca26006e516,8134,trial
3813,okay,19,,,movie,Graduated High-school,😗,168716,1774551195799,1774551027083,male,6,8,2,true,english,69ace337f2e2b66033b46f03,69c57fcb82c96938a2980e69,69c4533653a5dca26006e516,7238,trial
3813,bad,19,,,concert,Graduated High-school,null,168716,1774551195799,1774551027083,male,2,3,1,true,english,69ace337f2e2b66033b46f03,69c57fcb82c96938a2980e69,69c4533653a5dca26006e516,5624,trial
3815,amazing,31,,,concert,Higher degree,null,184698,1774551291205,1774551106507,female,9,9,5,true,English,69c2a26e40bcaf40dcbca1b0,69c5802a3c024267d01fd606,69c4533653a5dca26006e516,21509,trial
3815,okay,31,,,coffee,Higher degree,null,184698,1774551291205,1774551106507,female,7,8,3,true,English,69c2a26e40bcaf40dcbca1b0,69c5802a3c024267d01fd606,69c4533653a5dca26006e516,16486,trial
3815,bad,31,,,restaurant meal,Higher degree,null,184698,1774551291205,1774551106507,female,9,6,1,true,English,69c2a26e40bcaf40dcbca1b0,69c5802a3c024267d01fd606,69c4533653a5dca26006e516,15401,trial
3815,good,31,5,,party,Higher degree,😐,184698,1774551291205,1774551106507,female,null,null,5,true,English,69c2a26e40bcaf40dcbca1b0,69c5802a3c024267d01fd606,69c4533653a5dca26006e516,8767,attention
3815,terrible,31,,,party,Higher degree,null,184698,1774551291205,1774551106507,female,9,8,1,true,English,69c2a26e40bcaf40dcbca1b0,69c5802a3c024267d01fd606,69c4533653a5dca26006e516,15613,trial
3815,okay,31,,,restaurant meal,Higher degree,😗,184698,1774551291205,1774551106507,female,8,8,4,true,English,69c2a26e40bcaf40dcbca1b0,69c5802a3c024267d01fd606,69c4533653a5dca26006e516,15069,trial
3815,terrible,31,,,coffee,Higher degree,😩,184698,1774551291205,1774551106507,female,7,8,1,true,English,69c2a26e40bcaf40dcbca1b0,69c5802a3c024267d01fd606,69c4533653a5dca26006e516,15508,trial
3815,bad,31,5,,coffee,Higher degree,☺️,184698,1774551291205,1774551106507,female,null,null,5,true,English,69c2a26e40bcaf40dcbca1b0,69c5802a3c024267d01fd606,69c4533653a5dca26006e516,5086,attention
3815,good,31,,,coffee,Higher degree,null,184698,1774551291205,1774551106507,female,9,8,5,true,English,69c2a26e40bcaf40dcbca1b0,69c5802a3c024267d01fd606,69c4533653a5dca26006e516,5829,trial
3815,good,31,,,concert,Higher degree,☺️,184698,1774551291205,1774551106507,female,9,9,5,true,English,69c2a26e40bcaf40dcbca1b0,69c5802a3c024267d01fd606,69c4533653a5dca26006e516,8631,trial
3815,bad,31,,,coffee,Higher degree,🙁,184698,1774551291205,1774551106507,female,8,8,5,true,English,69c2a26e40bcaf40dcbca1b0,69c5802a3c024267d01fd606,69c4533653a5dca26006e516,17248,trial
3815,amazing,31,,,concert,Higher degree,😆,184698,1774551291205,1774551106507,female,8,8,5,true,English,69c2a26e40bcaf40dcbca1b0,69c5802a3c024267d01fd606,69c4533653a5dca26006e516,8058,trial
3819,good,28,,good luck with resesarch,concert,Graduated College,null,500899,1774551356871,1774550855972,female,7,7,4,true,english,5f2af36061a10a452cd8dc4e,69c57f3dd5ab766adb5002c8,69c4533653a5dca26006e516,14667,trial
3819,good,28,,good luck with resesarch,pizza,Graduated College,😆,500899,1774551356871,1774550855972,female,8,8,5,true,english,5f2af36061a10a452cd8dc4e,69c57f3dd5ab766adb5002c8,69c4533653a5dca26006e516,9350,trial
3819,okay,28,,good luck with resesarch,party,Graduated College,😐,500899,1774551356871,1774550855972,female,9,1,1,true,english,5f2af36061a10a452cd8dc4e,69c57f3dd5ab766adb5002c8,69c4533653a5dca26006e516,13100,trial
3819,terrible,28,1,good luck with resesarch,party,Graduated College,😐,500899,1774551356871,1774550855972,female,null,null,1,true,english,5f2af36061a10a452cd8dc4e,69c57f3dd5ab766adb5002c8,69c4533653a5dca26006e516,5533,attention
3819,bad,28,,good luck with resesarch,concert,Graduated College,null,500899,1774551356871,1774550855972,female,9,9,1,true,english,5f2af36061a10a452cd8dc4e,69c57f3dd5ab766adb5002c8,69c4533653a5dca26006e516,14350,trial
3819,bad,28,,good luck with resesarch,pizza,Graduated College,😩,500899,1774551356871,1774550855972,female,9,9,1,true,english,5f2af36061a10a452cd8dc4e,69c57f3dd5ab766adb5002c8,69c4533653a5dca26006e516,7183,trial
3819,amazing,28,,good luck with resesarch,cookie,Graduated College,null,500899,1774551356871,1774550855972,female,9,9,5,true,english,5f2af36061a10a452cd8dc4e,69c57f3dd5ab766adb5002c8,69c4533653a5dca26006e516,5533,trial
3819,good,28,5,good luck with resesarch,pizza,Graduated College,☺️,500899,1774551356871,1774550855972,female,null,null,5,true,english,5f2af36061a10a452cd8dc4e,69c57f3dd5ab766adb5002c8,69c4533653a5dca26006e516,3134,attention
3819,terrible,28,,good luck with resesarch,pizza,Graduated College,null,500899,1774551356871,1774550855972,female,9,9,1,true,english,5f2af36061a10a452cd8dc4e,69c57f3dd5ab766adb5002c8,69c4533653a5dca26006e516,5883,trial
3819,amazing,28,,good luck with resesarch,movie,Graduated College,😀,500899,1774551356871,1774550855972,female,9,9,5,true,english,5f2af36061a10a452cd8dc4e,69c57f3dd5ab766adb5002c8,69c4533653a5dca26006e516,7583,trial
3819,okay,28,,good luck with resesarch,cookie,Graduated College,null,500899,1774551356871,1774550855972,female,9,4,1,true,english,5f2af36061a10a452cd8dc4e,69c57f3dd5ab766adb5002c8,69c4533653a5dca26006e516,15800,trial
3819,terrible,28,,good luck with resesarch,movie,Graduated College,😔,500899,1774551356871,1774550855972,female,9,1,1,true,english,5f2af36061a10a452cd8dc4e,69c57f3dd5ab766adb5002c8,69c4533653a5dca26006e516,10133,trial
3821,amazing,59,,,party,Graduated College,null,448897,1774551475448,1774551026551,female,9,9,5,true,English,5c4196dae14431000107574d,69c57fe3a7bb0cfcbdfa10c9,69c4533653a5dca26006e516,36139,trial
3821,okay,59,,,pizza,Graduated College,😐,448897,1774551475448,1774551026551,female,5,5,3,true,English,5c4196dae14431000107574d,69c57fe3a7bb0cfcbdfa10c9,69c4533653a5dca26006e516,37953,trial
3821,terrible,59,,,party,Graduated College,😔,448897,1774551475448,1774551026551,female,5,9,1,true,English,5c4196dae14431000107574d,69c57fe3a7bb0cfcbdfa10c9,69c4533653a5dca26006e516,42303,trial
3821,amazing,59,4,,pizza,Graduated College,🙂,448897,1774551475448,1774551026551,female,null,null,4,true,English,5c4196dae14431000107574d,69c57fe3a7bb0cfcbdfa10c9,69c4533653a5dca26006e516,18732,attention
3821,amazing,59,,,movie,Graduated College,😆,448897,1774551475448,1774551026551,female,4,6,4,true,English,5c4196dae14431000107574d,69c57fe3a7bb0cfcbdfa10c9,69c4533653a5dca26006e516,35009,trial
3821,bad,59,,,concert,Graduated College,🙁,448897,1774551475448,1774551026551,female,9,9,1,true,English,5c4196dae14431000107574d,69c57fe3a7bb0cfcbdfa10c9,69c4533653a5dca26006e516,18749,trial
3821,terrible,59,,,pizza,Graduated College,null,448897,1774551475448,1774551026551,female,3,5,1,true,English,5c4196dae14431000107574d,69c57fe3a7bb0cfcbdfa10c9,69c4533653a5dca26006e516,28160,trial
3821,bad,59,3,,restaurant meal,Graduated College,😆,448897,1774551475448,1774551026551,female,null,null,3,true,English,5c4196dae14431000107574d,69c57fe3a7bb0cfcbdfa10c9,69c4533653a5dca26006e516,11454,attention
3821,okay,59,,,movie,Graduated College,null,448897,1774551475448,1774551026551,female,1,4,3,true,English,5c4196dae14431000107574d,69c57fe3a7bb0cfcbdfa10c9,69c4533653a5dca26006e516,28122,trial
3821,bad,59,,,coffee,Graduated College,null,448897,1774551475448,1774551026551,female,1,5,1,true,English,5c4196dae14431000107574d,69c57fe3a7bb0cfcbdfa10c9,69c4533653a5dca26006e516,49109,trial
3821,good,59,,,movie,Graduated College,😆,448897,1774551475448,1774551026551,female,1,1,4,true,English,5c4196dae14431000107574d,69c57fe3a7bb0cfcbdfa10c9,69c4533653a5dca26006e516,28540,trial
3821,good,59,,,movie,Graduated College,null,448897,1774551475448,1774551026551,female,1,1,4,true,English,5c4196dae14431000107574d,69c57fe3a7bb0cfcbdfa10c9,69c4533653a5dca26006e516,17195,trial
3817,amazing,59,,,party,Graduated College,🙂,326470,1774551301626,1774550975156,female,8,8,5,true,english,5a8edb14b093f80001a83682,69c57fb54161bb5c81fd66b6,69c4533653a5dca26006e516,60777,trial
3817,bad,59,,,party,Graduated College,🙁,326470,1774551301626,1774550975156,female,8,8,2,true,english,5a8edb14b093f80001a83682,69c57fb54161bb5c81fd66b6,69c4533653a5dca26006e516,22253,trial
3817,terrible,59,,,movie,Graduated College,null,326470,1774551301626,1774550975156,female,8,8,2,true,english,5a8edb14b093f80001a83682,69c57fb54161bb5c81fd66b6,69c4533653a5dca26006e516,12645,trial
3817,good,59,5,,pizza,Graduated College,🙂,326470,1774551301626,1774550975156,female,null,null,5,true,english,5a8edb14b093f80001a83682,69c57fb54161bb5c81fd66b6,69c4533653a5dca26006e516,6059,attention
3817,good,59,,,movie,Graduated College,null,326470,1774551301626,1774550975156,female,7,7,4,true,english,5a8edb14b093f80001a83682,69c57fb54161bb5c81fd66b6,69c4533653a5dca26006e516,7787,trial
3817,amazing,59,,,pizza,Graduated College,null,326470,1774551301626,1774550975156,female,8,8,5,true,english,5a8edb14b093f80001a83682,69c57fb54161bb5c81fd66b6,69c4533653a5dca26006e516,8383,trial
3817,okay,59,,,movie,Graduated College,😗,326470,1774551301626,1774550975156,female,7,7,3,true,english,5a8edb14b093f80001a83682,69c57fb54161bb5c81fd66b6,69c4533653a5dca26006e516,9099,trial
3817,good,59,5,,pizza,Graduated College,😀,326470,1774551301626,1774550975156,female,null,null,5,true,english,5a8edb14b093f80001a83682,69c57fb54161bb5c81fd66b6,69c4533653a5dca26006e516,5501,attention
3817,good,59,,,coffee,Graduated College,😆,326470,1774551301626,1774550975156,female,6,6,5,true,english,5a8edb14b093f80001a83682,69c57fb54161bb5c81fd66b6,69c4533653a5dca26006e516,7698,trial
3817,bad,59,,,concert,Graduated College,null,326470,1774551301626,1774550975156,female,7,7,2,true,english,5a8edb14b093f80001a83682,69c57fb54161bb5c81fd66b6,69c4533653a5dca26006e516,8834,trial
3817,terrible,59,,,cookie,Graduated College,☹️,326470,1774551301626,1774550975156,female,6,6,1,true,english,5a8edb14b093f80001a83682,69c57fb54161bb5c81fd66b6,69c4533653a5dca26006e516,8599,trial
3817,okay,59,,,cookie,Graduated College,null,326470,1774551301626,1774550975156,female,6,6,3,true,english,5a8edb14b093f80001a83682,69c57fb54161bb5c81fd66b6,69c4533653a5dca26006e516,6564,trial
3822,good,49,,,concert,Graduated College,null,318853,1774551488911,1774551170058,female,7,5,4,true,english,5c55a56ae66e510001ee791d,69c58054cca44c84d89f85f6,69c4533653a5dca26006e516,21880,trial
3822,good,49,,,cookie,Graduated College,😀,318853,1774551488911,1774551170058,female,9,9,5,true,english,5c55a56ae66e510001ee791d,69c58054cca44c84d89f85f6,69c4533653a5dca26006e516,10584,trial
3822,amazing,49,,,cookie,Graduated College,null,318853,1774551488911,1774551170058,female,7,7,4,true,english,5c55a56ae66e510001ee791d,69c58054cca44c84d89f85f6,69c4533653a5dca26006e516,9600,trial
3822,amazing,49,1,,concert,Graduated College,😊,318853,1774551488911,1774551170058,female,null,null,1,true,english,5c55a56ae66e510001ee791d,69c58054cca44c84d89f85f6,69c4533653a5dca26006e516,3704,attention
3822,okay,49,,,pizza,Graduated College,😗,318853,1774551488911,1774551170058,female,3,3,3,true,english,5c55a56ae66e510001ee791d,69c58054cca44c84d89f85f6,69c4533653a5dca26006e516,10352,trial
3822,bad,49,,,movie,Graduated College,null,318853,1774551488911,1774551170058,female,6,1,1,true,english,5c55a56ae66e510001ee791d,69c58054cca44c84d89f85f6,69c4533653a5dca26006e516,15600,trial
3822,okay,49,,,movie,Graduated College,null,318853,1774551488911,1774551170058,female,4,1,2,true,english,5c55a56ae66e510001ee791d,69c58054cca44c84d89f85f6,69c4533653a5dca26006e516,40112,trial
3822,amazing,49,4,,pizza,Graduated College,😔,318853,1774551488911,1774551170058,female,null,null,4,true,english,5c55a56ae66e510001ee791d,69c58054cca44c84d89f85f6,69c4533653a5dca26006e516,4336,attention
3822,bad,49,,,coffee,Graduated College,😠,318853,1774551488911,1774551170058,female,8,8,5,true,english,5c55a56ae66e510001ee791d,69c58054cca44c84d89f85f6,69c4533653a5dca26006e516,13888,trial
3822,terrible,49,,,coffee,Graduated College,null,318853,1774551488911,1774551170058,female,5,5,3,true,english,5c55a56ae66e510001ee791d,69c58054cca44c84d89f85f6,69c4533653a5dca26006e516,6528,trial
3822,amazing,49,,,coffee,Graduated College,😀,318853,1774551488911,1774551170058,female,8,8,5,true,english,5c55a56ae66e510001ee791d,69c58054cca44c84d89f85f6,69c4533653a5dca26006e516,8456,trial
3822,terrible,49,,,coffee,Graduated College,😩,318853,1774551488911,1774551170058,female,8,8,5,true,english,5c55a56ae66e510001ee791d,69c58054cca44c84d89f85f6,69c4533653a5dca26006e516,5368,trial
3820,okay,22,,An interesting study ,movie,Higher degree,null,364231,1774551474294,1774551110063,male,5,5,3,true,English ,67503701c4ef8958767a58d9,69c57fb5a6d0f43be768bd63,69c4533653a5dca26006e516,44609,trial
3820,amazing,22,,An interesting study ,restaurant meal,Higher degree,😀,364231,1774551474294,1774551110063,male,7,7,4,true,English ,67503701c4ef8958767a58d9,69c57fb5a6d0f43be768bd63,69c4533653a5dca26006e516,25438,trial
3820,terrible,22,,An interesting study ,restaurant meal,Higher degree,😔,364231,1774551474294,1774551110063,male,8,2,2,true,English ,67503701c4ef8958767a58d9,69c57fb5a6d0f43be768bd63,69c4533653a5dca26006e516,62080,trial
3820,terrible,22,2,An interesting study ,pizza,Higher degree,😊,364231,1774551474294,1774551110063,male,null,null,2,true,English ,67503701c4ef8958767a58d9,69c57fb5a6d0f43be768bd63,69c4533653a5dca26006e516,14511,attention
3820,good,22,,An interesting study ,concert,Higher degree,null,364231,1774551474294,1774551110063,male,6,7,4,true,English ,67503701c4ef8958767a58d9,69c57fb5a6d0f43be768bd63,69c4533653a5dca26006e516,19583,trial
3820,amazing,22,,An interesting study ,concert,Higher degree,null,364231,1774551474294,1774551110063,male,8,8,5,true,English ,67503701c4ef8958767a58d9,69c57fb5a6d0f43be768bd63,69c4533653a5dca26006e516,14882,trial
3820,bad,22,,An interesting study ,pizza,Higher degree,null,364231,1774551474294,1774551110063,male,5,2,2,true,English ,67503701c4ef8958767a58d9,69c57fb5a6d0f43be768bd63,69c4533653a5dca26006e516,43054,trial
3820,good,22,1,An interesting study ,coffee,Higher degree,🙂,364231,1774551474294,1774551110063,male,null,null,1,true,English ,67503701c4ef8958767a58d9,69c57fb5a6d0f43be768bd63,69c4533653a5dca26006e516,12657,attention
3820,okay,22,,An interesting study ,restaurant meal,Higher degree,😐,364231,1774551474294,1774551110063,male,7,6,4,true,English ,67503701c4ef8958767a58d9,69c57fb5a6d0f43be768bd63,69c4533653a5dca26006e516,16272,trial
3820,terrible,22,,An interesting study ,movie,Higher degree,null,364231,1774551474294,1774551110063,male,7,2,1,true,English ,67503701c4ef8958767a58d9,69c57fb5a6d0f43be768bd63,69c4533653a5dca26006e516,21696,trial
3820,bad,22,,An interesting study ,movie,Higher degree,🙁,364231,1774551474294,1774551110063,male,8,2,1,true,English ,67503701c4ef8958767a58d9,69c57fb5a6d0f43be768bd63,69c4533653a5dca26006e516,18464,trial
3820,good,22,,An interesting study ,pizza,Higher degree,☺️,364231,1774551474294,1774551110063,male,8,8,5,true,English ,67503701c4ef8958767a58d9,69c57fb5a6d0f43be768bd63,69c4533653a5dca26006e516,12176,trial
3823,terrible,54,,,pizza,Graduated High-school,null,116616,1774551570072,1774551453456,female,9,9,1,true,English,63e5665b49cf3cdbd54ea57b,69c5819689dc2b8fcc9ec151,69c4533653a5dca26006e516,14123,trial
3823,amazing,54,,,restaurant meal,Graduated High-school,☺️,116616,1774551570072,1774551453456,female,8,8,4,true,English,63e5665b49cf3cdbd54ea57b,69c5819689dc2b8fcc9ec151,69c4533653a5dca26006e516,10600,trial
3823,terrible,54,,,concert,Graduated High-school,🙁,116616,1774551570072,1774551453456,female,7,7,4,true,English,63e5665b49cf3cdbd54ea57b,69c5819689dc2b8fcc9ec151,69c4533653a5dca26006e516,8447,trial
3823,terrible,54,5,,cookie,Graduated High-school,😩,116616,1774551570072,1774551453456,female,null,null,5,true,English,63e5665b49cf3cdbd54ea57b,69c5819689dc2b8fcc9ec151,69c4533653a5dca26006e516,5600,attention
3823,good,54,,,movie,Graduated High-school,null,116616,1774551570072,1774551453456,female,6,6,3,true,English,63e5665b49cf3cdbd54ea57b,69c5819689dc2b8fcc9ec151,69c4533653a5dca26006e516,10001,trial
3823,bad,54,,,movie,Graduated High-school,null,116616,1774551570072,1774551453456,female,5,5,3,true,English,63e5665b49cf3cdbd54ea57b,69c5819689dc2b8fcc9ec151,69c4533653a5dca26006e516,6712,trial
3823,bad,54,,,coffee,Graduated High-school,😠,116616,1774551570072,1774551453456,female,5,5,3,true,English,63e5665b49cf3cdbd54ea57b,69c5819689dc2b8fcc9ec151,69c4533653a5dca26006e516,7360,trial
3823,terrible,54,5,,party,Graduated High-school,☹️,116616,1774551570072,1774551453456,female,null,null,5,true,English,63e5665b49cf3cdbd54ea57b,69c5819689dc2b8fcc9ec151,69c4533653a5dca26006e516,3944,attention
3823,amazing,54,,,pizza,Graduated High-school,null,116616,1774551570072,1774551453456,female,6,6,4,true,English,63e5665b49cf3cdbd54ea57b,69c5819689dc2b8fcc9ec151,69c4533653a5dca26006e516,7673,trial
3823,good,54,,,restaurant meal,Graduated High-school,😆,116616,1774551570072,1774551453456,female,5,5,3,true,English,63e5665b49cf3cdbd54ea57b,69c5819689dc2b8fcc9ec151,69c4533653a5dca26006e516,6543,trial
3823,okay,54,,,party,Graduated High-school,null,116616,1774551570072,1774551453456,female,4,4,3,true,English,63e5665b49cf3cdbd54ea57b,69c5819689dc2b8fcc9ec151,69c4533653a5dca26006e516,7586,trial
3823,okay,54,,,pizza,Graduated High-school,😐,116616,1774551570072,1774551453456,female,4,4,3,true,English,63e5665b49cf3cdbd54ea57b,69c5819689dc2b8fcc9ec151,69c4533653a5dca26006e516,5161,trial
3825,good,24,,,concert,Higher degree,null,314907,1774551631647,1774551316740,female,6,6,4,true,English,69bedc4b24fd9e834605ad9a,69c57edc211b81eb4c512157,69c4533653a5dca26006e516,38463,trial
3825,amazing,24,,,pizza,Higher degree,😆,314907,1774551631647,1774551316740,female,9,8,5,true,English,69bedc4b24fd9e834605ad9a,69c57edc211b81eb4c512157,69c4533653a5dca26006e516,29944,trial
3825,bad,24,,,pizza,Higher degree,null,314907,1774551631647,1774551316740,female,2,2,2,true,English,69bedc4b24fd9e834605ad9a,69c57edc211b81eb4c512157,69c4533653a5dca26006e516,35023,trial
3825,bad,24,1,,party,Higher degree,😆,314907,1774551631647,1774551316740,female,null,null,1,true,English,69bedc4b24fd9e834605ad9a,69c57edc211b81eb4c512157,69c4533653a5dca26006e516,14385,attention
3825,terrible,24,,,party,Higher degree,null,314907,1774551631647,1774551316740,female,2,2,1,true,English,69bedc4b24fd9e834605ad9a,69c57edc211b81eb4c512157,69c4533653a5dca26006e516,37439,trial
3825,good,24,,,concert,Higher degree,😀,314907,1774551631647,1774551316740,female,9,8,4,true,English,69bedc4b24fd9e834605ad9a,69c57edc211b81eb4c512157,69c4533653a5dca26006e516,17301,trial
3825,amazing,24,,,restaurant meal,Higher degree,null,314907,1774551631647,1774551316740,female,8,8,5,true,English,69bedc4b24fd9e834605ad9a,69c57edc211b81eb4c512157,69c4533653a5dca26006e516,22433,trial
3825,amazing,24,2,,pizza,Higher degree,☹️,314907,1774551631647,1774551316740,female,null,null,2,true,English,69bedc4b24fd9e834605ad9a,69c57edc211b81eb4c512157,69c4533653a5dca26006e516,4426,attention
3825,bad,24,,,movie,Higher degree,🙁,314907,1774551631647,1774551316740,female,8,1,1,true,English,69bedc4b24fd9e834605ad9a,69c57edc211b81eb4c512157,69c4533653a5dca26006e516,24533,trial
3825,terrible,24,,,cookie,Higher degree,😔,314907,1774551631647,1774551316740,female,9,1,1,true,English,69bedc4b24fd9e834605ad9a,69c57edc211b81eb4c512157,69c4533653a5dca26006e516,12286,trial
3825,okay,24,,,party,Higher degree,😗,314907,1774551631647,1774551316740,female,7,5,4,true,English,69bedc4b24fd9e834605ad9a,69c57edc211b81eb4c512157,69c4533653a5dca26006e516,20967,trial
3825,okay,24,,,movie,Higher degree,null,314907,1774551631647,1774551316740,female,6,5,3,true,English,69bedc4b24fd9e834605ad9a,69c57edc211b81eb4c512157,69c4533653a5dca26006e516,20301,trial
3826,amazing,50,,,coffee,Graduated College,😀,479865,1774551647348,1774551167483,male,9,9,5,true,English,5be1ac50ca095c0001b9f717,69c5807821295b7937ced0c4,69c4533653a5dca26006e516,55431,trial
3826,terrible,50,,,party,Graduated College,null,479865,1774551647348,1774551167483,male,6,1,1,true,English,5be1ac50ca095c0001b9f717,69c5807821295b7937ced0c4,69c4533653a5dca26006e516,27800,trial
3826,amazing,50,,,movie,Graduated College,null,479865,1774551647348,1774551167483,male,8,9,5,true,English,5be1ac50ca095c0001b9f717,69c5807821295b7937ced0c4,69c4533653a5dca26006e516,36727,trial
3826,okay,50,4,,cookie,Graduated College,😆,479865,1774551647348,1774551167483,male,null,null,4,true,English,5be1ac50ca095c0001b9f717,69c5807821295b7937ced0c4,69c4533653a5dca26006e516,36259,attention
3826,good,50,,,party,Graduated College,null,479865,1774551647348,1774551167483,male,6,7,4,true,English,5be1ac50ca095c0001b9f717,69c5807821295b7937ced0c4,69c4533653a5dca26006e516,10805,trial
3826,okay,50,,,party,Graduated College,😗,479865,1774551647348,1774551167483,male,4,3,3,true,English,5be1ac50ca095c0001b9f717,69c5807821295b7937ced0c4,69c4533653a5dca26006e516,71616,trial
3826,okay,50,,,pizza,Graduated College,null,479865,1774551647348,1774551167483,male,6,6,3,true,English,5be1ac50ca095c0001b9f717,69c5807821295b7937ced0c4,69c4533653a5dca26006e516,50274,trial
3826,good,50,2,,pizza,Graduated College,☺️,479865,1774551647348,1774551167483,male,null,null,2,true,English,5be1ac50ca095c0001b9f717,69c5807821295b7937ced0c4,69c4533653a5dca26006e516,4759,attention
3826,good,50,,,pizza,Graduated College,☺️,479865,1774551647348,1774551167483,male,8,8,4,true,English,5be1ac50ca095c0001b9f717,69c5807821295b7937ced0c4,69c4533653a5dca26006e516,32417,trial
3826,bad,50,,,party,Graduated College,🙁,479865,1774551647348,1774551167483,male,9,1,1,true,English,5be1ac50ca095c0001b9f717,69c5807821295b7937ced0c4,69c4533653a5dca26006e516,20496,trial
3826,terrible,50,,,coffee,Graduated College,😠,479865,1774551647348,1774551167483,male,9,1,1,true,English,5be1ac50ca095c0001b9f717,69c5807821295b7937ced0c4,69c4533653a5dca26006e516,10086,trial
3826,bad,50,,,cookie,Graduated College,null,479865,1774551647348,1774551167483,male,6,2,1,true,English,5be1ac50ca095c0001b9f717,69c5807821295b7937ced0c4,69c4533653a5dca26006e516,79857,trial
3827,good,35,,,concert,Graduated College,null,670923,1774551654832,1774550983909,female,5,6,3,true,English,672f778691bdfe96c2c704de,69c57fc1f248c66794d08db1,69c4533653a5dca26006e516,440477,trial
3827,good,35,,,pizza,Graduated College,😀,670923,1774551654832,1774550983909,female,9,9,5,true,English,672f778691bdfe96c2c704de,69c57fc1f248c66794d08db1,69c4533653a5dca26006e516,12591,trial
3827,amazing,35,,,party,Graduated College,😊,670923,1774551654832,1774550983909,female,9,9,5,true,English,672f778691bdfe96c2c704de,69c57fc1f248c66794d08db1,69c4533653a5dca26006e516,5040,trial
3827,terrible,35,2,,party,Graduated College,😠,670923,1774551654832,1774550983909,female,null,null,2,true,English,672f778691bdfe96c2c704de,69c57fc1f248c66794d08db1,69c4533653a5dca26006e516,8722,attention
3827,amazing,35,,,party,Graduated College,null,670923,1774551654832,1774550983909,female,7,7,5,true,English,672f778691bdfe96c2c704de,69c57fc1f248c66794d08db1,69c4533653a5dca26006e516,5401,trial
3827,bad,35,,,restaurant meal,Graduated College,🙁,670923,1774551654832,1774550983909,female,1,1,1,true,English,672f778691bdfe96c2c704de,69c57fc1f248c66794d08db1,69c4533653a5dca26006e516,11958,trial
3827,terrible,35,,,coffee,Graduated College,🙁,670923,1774551654832,1774550983909,female,1,1,1,true,English,672f778691bdfe96c2c704de,69c57fc1f248c66794d08db1,69c4533653a5dca26006e516,5282,trial
3827,amazing,35,2,,concert,Graduated College,😩,670923,1774551654832,1774550983909,female,null,null,2,true,English,672f778691bdfe96c2c704de,69c57fc1f248c66794d08db1,69c4533653a5dca26006e516,37877,attention
3827,okay,35,,,cookie,Graduated College,😐,670923,1774551654832,1774550983909,female,5,5,3,true,English,672f778691bdfe96c2c704de,69c57fc1f248c66794d08db1,69c4533653a5dca26006e516,69198,trial
3827,bad,35,,,coffee,Graduated College,null,670923,1774551654832,1774550983909,female,2,3,1,true,English,672f778691bdfe96c2c704de,69c57fc1f248c66794d08db1,69c4533653a5dca26006e516,10162,trial
3827,terrible,35,,,party,Graduated College,null,670923,1774551654832,1774550983909,female,2,3,2,true,English,672f778691bdfe96c2c704de,69c57fc1f248c66794d08db1,69c4533653a5dca26006e516,4438,trial
3827,okay,35,,,restaurant meal,Graduated College,null,670923,1774551654832,1774550983909,female,5,5,3,true,English,672f778691bdfe96c2c704de,69c57fc1f248c66794d08db1,69c4533653a5dca26006e516,5320,trial
3828,good,31,,,party,Higher degree,null,312011,1774551706101,1774551394090,male,5,7,4,true,English,6767202a0793489cda4738d2,69c57fb0987542f55e744f57,69c4533653a5dca26006e516,34694,trial
3828,terrible,31,,,cookie,Higher degree,😠,312011,1774551706101,1774551394090,male,7,6,1,true,English,6767202a0793489cda4738d2,69c57fb0987542f55e744f57,69c4533653a5dca26006e516,9734,trial
3828,bad,31,,,restaurant meal,Higher degree,😠,312011,1774551706101,1774551394090,male,5,7,1,true,English,6767202a0793489cda4738d2,69c57fb0987542f55e744f57,69c4533653a5dca26006e516,31502,trial
3828,good,31,1,,party,Higher degree,😐,312011,1774551706101,1774551394090,male,null,null,1,true,English,6767202a0793489cda4738d2,69c57fb0987542f55e744f57,69c4533653a5dca26006e516,12543,attention
3828,okay,31,,,restaurant meal,Higher degree,null,312011,1774551706101,1774551394090,male,7,7,3,true,English,6767202a0793489cda4738d2,69c57fb0987542f55e744f57,69c4533653a5dca26006e516,17330,trial
3828,bad,31,,,movie,Higher degree,null,312011,1774551706101,1774551394090,male,5,7,2,true,English,6767202a0793489cda4738d2,69c57fb0987542f55e744f57,69c4533653a5dca26006e516,13639,trial
3828,good,31,,,movie,Higher degree,😆,312011,1774551706101,1774551394090,male,8,8,5,true,English,6767202a0793489cda4738d2,69c57fb0987542f55e744f57,69c4533653a5dca26006e516,5559,trial
3828,okay,31,3,,restaurant meal,Higher degree,😆,312011,1774551706101,1774551394090,male,null,null,3,true,English,6767202a0793489cda4738d2,69c57fb0987542f55e744f57,69c4533653a5dca26006e516,7859,attention
3828,terrible,31,,,restaurant meal,Higher degree,null,312011,1774551706101,1774551394090,male,8,7,1,true,English,6767202a0793489cda4738d2,69c57fb0987542f55e744f57,69c4533653a5dca26006e516,8033,trial
3828,amazing,31,,,concert,Higher degree,☺️,312011,1774551706101,1774551394090,male,8,7,5,true,English,6767202a0793489cda4738d2,69c57fb0987542f55e744f57,69c4533653a5dca26006e516,69822,trial
3828,okay,31,,,party,Higher degree,😗,312011,1774551706101,1774551394090,male,4,7,3,true,English,6767202a0793489cda4738d2,69c57fb0987542f55e744f57,69c4533653a5dca26006e516,21796,trial
3828,amazing,31,,,restaurant meal,Higher degree,null,312011,1774551706101,1774551394090,male,3,6,5,true,English,6767202a0793489cda4738d2,69c57fb0987542f55e744f57,69c4533653a5dca26006e516,14072,trial
3829,terrible,54,,,movie,Graduated College,😠,409652,1774551776372,1774551366720,male,9,1,1,true,English,5f4a8c8347b9fe5082353a3c,69c5813ebdf7283819c9a80b,69c4533653a5dca26006e516,58929,trial
3829,amazing,54,,,concert,Graduated College,☺️,409652,1774551776372,1774551366720,male,9,9,5,true,English,5f4a8c8347b9fe5082353a3c,69c5813ebdf7283819c9a80b,69c4533653a5dca26006e516,27054,trial
3829,okay,54,,,concert,Graduated College,null,409652,1774551776372,1774551366720,male,5,7,3,true,English,5f4a8c8347b9fe5082353a3c,69c5813ebdf7283819c9a80b,69c4533653a5dca26006e516,35856,trial
3829,amazing,54,3,,pizza,Graduated College,🙁,409652,1774551776372,1774551366720,male,null,null,3,true,English,5f4a8c8347b9fe5082353a3c,69c5813ebdf7283819c9a80b,69c4533653a5dca26006e516,12352,attention
3829,good,54,,,concert,Graduated College,null,409652,1774551776372,1774551366720,male,5,7,4,true,English,5f4a8c8347b9fe5082353a3c,69c5813ebdf7283819c9a80b,69c4533653a5dca26006e516,24063,trial
3829,amazing,54,,,movie,Graduated College,null,409652,1774551776372,1774551366720,male,7,8,5,true,English,5f4a8c8347b9fe5082353a3c,69c5813ebdf7283819c9a80b,69c4533653a5dca26006e516,19769,trial
3829,bad,54,,,restaurant meal,Graduated College,null,409652,1774551776372,1774551366720,male,6,2,2,true,English,5f4a8c8347b9fe5082353a3c,69c5813ebdf7283819c9a80b,69c4533653a5dca26006e516,32864,trial
3829,good,54,3,,party,Graduated College,😗,409652,1774551776372,1774551366720,male,null,null,3,true,English,5f4a8c8347b9fe5082353a3c,69c5813ebdf7283819c9a80b,69c4533653a5dca26006e516,6079,attention
3829,terrible,54,,,coffee,Graduated College,null,409652,1774551776372,1774551366720,male,7,2,1,true,English,5f4a8c8347b9fe5082353a3c,69c5813ebdf7283819c9a80b,69c4533653a5dca26006e516,33152,trial
3829,bad,54,,,concert,Graduated College,😠,409652,1774551776372,1774551366720,male,9,1,1,true,English,5f4a8c8347b9fe5082353a3c,69c5813ebdf7283819c9a80b,69c4533653a5dca26006e516,30233,trial
3829,good,54,,,movie,Graduated College,😊,409652,1774551776372,1774551366720,male,8,7,4,true,English,5f4a8c8347b9fe5082353a3c,69c5813ebdf7283819c9a80b,69c4533653a5dca26006e516,19551,trial
3829,okay,54,,,pizza,Graduated College,😐,409652,1774551776372,1774551366720,male,7,5,3,true,English,5f4a8c8347b9fe5082353a3c,69c5813ebdf7283819c9a80b,69c4533653a5dca26006e516,14647,trial
3830,okay,,,,movie,,😗,191499,1774551967784,1774551776285,,8,3,3,true,,605fbc12c61d8d10250f6e51,69c582cd46e36e36809238e6,69c4533653a5dca26006e516,28882,trial
3830,good,,,,coffee,,null,191499,1774551967784,1774551776285,,4,6,4,true,,605fbc12c61d8d10250f6e51,69c582cd46e36e36809238e6,69c4533653a5dca26006e516,19508,trial
3830,okay,,,,pizza,,null,191499,1774551967784,1774551776285,,6,2,3,true,,605fbc12c61d8d10250f6e51,69c582cd46e36e36809238e6,69c4533653a5dca26006e516,11184,trial
3830,bad,,3,,cookie,,😗,191499,1774551967784,1774551776285,,null,null,3,true,,605fbc12c61d8d10250f6e51,69c582cd46e36e36809238e6,69c4533653a5dca26006e516,6107,attention
3830,amazing,,,,cookie,,null,191499,1774551967784,1774551776285,,7,8,5,true,,605fbc12c61d8d10250f6e51,69c582cd46e36e36809238e6,69c4533653a5dca26006e516,11250,trial
3830,terrible,,,,movie,,😩,191499,1774551967784,1774551776285,,8,6,1,true,,605fbc12c61d8d10250f6e51,69c582cd46e36e36809238e6,69c4533653a5dca26006e516,15312,trial
3830,good,,,,pizza,,🙂,191499,1774551967784,1774551776285,,7,7,4,true,,605fbc12c61d8d10250f6e51,69c582cd46e36e36809238e6,69c4533653a5dca26006e516,8812,trial
3830,good,,1,,pizza,,🙂,191499,1774551967784,1774551776285,,null,null,1,true,,605fbc12c61d8d10250f6e51,69c582cd46e36e36809238e6,69c4533653a5dca26006e516,3748,attention
3830,terrible,,,,cookie,,null,191499,1774551967784,1774551776285,,6,7,1,true,,605fbc12c61d8d10250f6e51,69c582cd46e36e36809238e6,69c4533653a5dca26006e516,8414,trial
3830,bad,,,,coffee,,🙁,191499,1774551967784,1774551776285,,7,7,1,true,,605fbc12c61d8d10250f6e51,69c582cd46e36e36809238e6,69c4533653a5dca26006e516,8955,trial
3830,bad,,,,cookie,,null,191499,1774551967784,1774551776285,,8,5,2,true,,605fbc12c61d8d10250f6e51,69c582cd46e36e36809238e6,69c4533653a5dca26006e516,10879,trial
3830,amazing,,,,concert,,🙂,191499,1774551967784,1774551776285,,9,8,5,true,,605fbc12c61d8d10250f6e51,69c582cd46e36e36809238e6,69c4533653a5dca26006e516,6674,trial
3831,terrible,44,,,pizza,Graduated College,🙁,205265,1774551971626,1774551766361,male,8,1,1,true,english,69260e738ece9b885ae946a5,69c582ca401deb506f26a75c,69c4533653a5dca26006e516,25178,trial
3831,amazing,44,,,pizza,Graduated College,null,205265,1774551971626,1774551766361,male,8,9,5,true,english,69260e738ece9b885ae946a5,69c582ca401deb506f26a75c,69c4533653a5dca26006e516,16651,trial
3831,good,44,,,concert,Graduated College,null,205265,1774551971626,1774551766361,male,3,5,3,true,english,69260e738ece9b885ae946a5,69c582ca401deb506f26a75c,69c4533653a5dca26006e516,20756,trial
3831,amazing,44,1,,pizza,Graduated College,😊,205265,1774551971626,1774551766361,male,null,null,1,true,english,69260e738ece9b885ae946a5,69c582ca401deb506f26a75c,69c4533653a5dca26006e516,8409,attention
3831,amazing,44,,,movie,Graduated College,🙂,205265,1774551971626,1774551766361,male,8,9,5,true,english,69260e738ece9b885ae946a5,69c582ca401deb506f26a75c,69c4533653a5dca26006e516,12447,trial
3831,okay,44,,,concert,Graduated College,null,205265,1774551971626,1774551766361,male,4,4,3,true,english,69260e738ece9b885ae946a5,69c582ca401deb506f26a75c,69c4533653a5dca26006e516,10728,trial
3831,good,44,,,restaurant meal,Graduated College,😀,205265,1774551971626,1774551766361,male,6,7,4,true,english,69260e738ece9b885ae946a5,69c582ca401deb506f26a75c,69c4533653a5dca26006e516,12981,trial
3831,okay,44,5,,cookie,Graduated College,😠,205265,1774551971626,1774551766361,male,null,null,5,true,english,69260e738ece9b885ae946a5,69c582ca401deb506f26a75c,69c4533653a5dca26006e516,5322,attention
3831,bad,44,,,cookie,Graduated College,😠,205265,1774551971626,1774551766361,male,7,1,1,true,english,69260e738ece9b885ae946a5,69c582ca401deb506f26a75c,69c4533653a5dca26006e516,12548,trial
3831,okay,44,,,party,Graduated College,😗,205265,1774551971626,1774551766361,male,4,4,3,true,english,69260e738ece9b885ae946a5,69c582ca401deb506f26a75c,69c4533653a5dca26006e516,13715,trial
3831,bad,44,,,cookie,Graduated College,null,205265,1774551971626,1774551766361,male,2,3,2,true,english,69260e738ece9b885ae946a5,69c582ca401deb506f26a75c,69c4533653a5dca26006e516,11396,trial
3831,terrible,44,,,party,Graduated College,null,205265,1774551971626,1774551766361,male,6,1,1,true,english,69260e738ece9b885ae946a5,69c582ca401deb506f26a75c,69c4533653a5dca26006e516,13349,trial
3832,good,19,,N/A,movie,Higher degree,☺️,407379,1774552172558,1774551765179,female,9,9,5,true,English,6759faea38faca8e359a5f99,69c582b9b09b888fbde666e0,69c4533653a5dca26006e516,79997,trial
3832,amazing,19,,N/A,concert,Higher degree,null,407379,1774552172558,1774551765179,female,9,9,5,true,English,6759faea38faca8e359a5f99,69c582b9b09b888fbde666e0,69c4533653a5dca26006e516,18096,trial
3832,bad,19,,N/A,party,Higher degree,🙁,407379,1774552172558,1774551765179,female,1,1,1,true,English,6759faea38faca8e359a5f99,69c582b9b09b888fbde666e0,69c4533653a5dca26006e516,48551,trial
3832,okay,19,5,N/A,party,Higher degree,😔,407379,1774552172558,1774551765179,female,null,null,5,true,English,6759faea38faca8e359a5f99,69c582b9b09b888fbde666e0,69c4533653a5dca26006e516,10025,attention
3832,good,19,,N/A,coffee,Higher degree,null,407379,1774552172558,1774551765179,female,8,7,3,true,English,6759faea38faca8e359a5f99,69c582b9b09b888fbde666e0,69c4533653a5dca26006e516,30098,trial
3832,bad,19,,N/A,movie,Higher degree,null,407379,1774552172558,1774551765179,female,1,1,1,true,English,6759faea38faca8e359a5f99,69c582b9b09b888fbde666e0,69c4533653a5dca26006e516,10123,trial
3832,amazing,19,,N/A,pizza,Higher degree,☺️,407379,1774552172558,1774551765179,female,8,8,4,true,English,6759faea38faca8e359a5f99,69c582b9b09b888fbde666e0,69c4533653a5dca26006e516,9318,trial
3832,okay,19,3,N/A,party,Higher degree,☺️,407379,1774552172558,1774551765179,female,null,null,3,true,English,6759faea38faca8e359a5f99,69c582b9b09b888fbde666e0,69c4533653a5dca26006e516,9097,attention
3832,okay,19,,N/A,coffee,Higher degree,null,407379,1774552172558,1774551765179,female,5,4,3,true,English,6759faea38faca8e359a5f99,69c582b9b09b888fbde666e0,69c4533653a5dca26006e516,20598,trial
3832,terrible,19,,N/A,movie,Higher degree,😩,407379,1774552172558,1774551765179,female,1,1,1,true,English,6759faea38faca8e359a5f99,69c582b9b09b888fbde666e0,69c4533653a5dca26006e516,45868,trial
3832,okay,19,,N/A,restaurant meal,Higher degree,😗,407379,1774552172558,1774551765179,female,4,4,2,true,English,6759faea38faca8e359a5f99,69c582b9b09b888fbde666e0,69c4533653a5dca26006e516,10463,trial
3832,terrible,19,,N/A,coffee,Higher degree,null,407379,1774552172558,1774551765179,female,1,1,1,true,English,6759faea38faca8e359a5f99,69c582b9b09b888fbde666e0,69c4533653a5dca26006e516,40047,trial
3833,good,71,,,movie,Graduated College,😆,276050,1774552340364,1774552064314,male,7,9,4,true,English,5dee11c6d35cc34acae7c301,69c583fc0aa766889b1b53c5,69c4533653a5dca26006e516,38624,trial
3833,okay,71,,,pizza,Graduated College,null,276050,1774552340364,1774552064314,male,7,3,3,true,English,5dee11c6d35cc34acae7c301,69c583fc0aa766889b1b53c5,69c4533653a5dca26006e516,19416,trial
3833,good,71,,,restaurant meal,Graduated College,null,276050,1774552340364,1774552064314,male,7,8,4,true,English,5dee11c6d35cc34acae7c301,69c583fc0aa766889b1b53c5,69c4533653a5dca26006e516,21687,trial
3833,okay,71,3,,cookie,Graduated College,😗,276050,1774552340364,1774552064314,male,null,null,3,true,English,5dee11c6d35cc34acae7c301,69c583fc0aa766889b1b53c5,69c4533653a5dca26006e516,5576,attention
3833,bad,71,,,pizza,Graduated College,😠,276050,1774552340364,1774552064314,male,8,3,1,true,English,5dee11c6d35cc34acae7c301,69c583fc0aa766889b1b53c5,69c4533653a5dca26006e516,27127,trial
3833,amazing,71,,,party,Graduated College,😀,276050,1774552340364,1774552064314,male,8,6,3,true,English,5dee11c6d35cc34acae7c301,69c583fc0aa766889b1b53c5,69c4533653a5dca26006e516,15424,trial
3833,terrible,71,,,cookie,Graduated College,😩,276050,1774552340364,1774552064314,male,8,2,1,true,English,5dee11c6d35cc34acae7c301,69c583fc0aa766889b1b53c5,69c4533653a5dca26006e516,18192,trial
3833,terrible,71,3,,cookie,Graduated College,😊,276050,1774552340364,1774552064314,male,null,null,3,true,English,5dee11c6d35cc34acae7c301,69c583fc0aa766889b1b53c5,69c4533653a5dca26006e516,4488,attention
3833,terrible,71,,,concert,Graduated College,null,276050,1774552340364,1774552064314,male,8,2,2,true,English,5dee11c6d35cc34acae7c301,69c583fc0aa766889b1b53c5,69c4533653a5dca26006e516,17527,trial
3833,bad,71,,,party,Graduated College,null,276050,1774552340364,1774552064314,male,8,3,2,true,English,5dee11c6d35cc34acae7c301,69c583fc0aa766889b1b53c5,69c4533653a5dca26006e516,11640,trial
3833,amazing,71,,,pizza,Graduated College,null,276050,1774552340364,1774552064314,male,7,9,5,true,English,5dee11c6d35cc34acae7c301,69c583fc0aa766889b1b53c5,69c4533653a5dca26006e516,16320,trial
3833,okay,71,,,restaurant meal,Graduated College,😐,276050,1774552340364,1774552064314,male,8,6,3,true,English,5dee11c6d35cc34acae7c301,69c583fc0aa766889b1b53c5,69c4533653a5dca26006e516,19064,trial
3834,good,41,,,party,Graduated High-school,null,226525,1774552438247,1774552211722,male,6,6,4,true,English,614f472ccd42769f8fa1a07f,69c58488861a617173335051,69c4533653a5dca26006e516,32292,trial
3834,amazing,41,,,pizza,Graduated High-school,😀,226525,1774552438247,1774552211722,male,9,9,5,true,English,614f472ccd42769f8fa1a07f,69c58488861a617173335051,69c4533653a5dca26006e516,17294,trial
3834,good,41,,,concert,Graduated High-school,🙂,226525,1774552438247,1774552211722,male,6,6,4,true,English,614f472ccd42769f8fa1a07f,69c58488861a617173335051,69c4533653a5dca26006e516,10533,trial
3834,bad,41,3,,pizza,Graduated High-school,🙁,226525,1774552438247,1774552211722,male,null,null,3,true,English,614f472ccd42769f8fa1a07f,69c58488861a617173335051,69c4533653a5dca26006e516,6944,attention
3834,bad,41,,,movie,Graduated High-school,🙁,226525,1774552438247,1774552211722,male,9,9,1,true,English,614f472ccd42769f8fa1a07f,69c58488861a617173335051,69c4533653a5dca26006e516,25006,trial
3834,amazing,41,,,party,Graduated High-school,null,226525,1774552438247,1774552211722,male,9,9,5,true,English,614f472ccd42769f8fa1a07f,69c58488861a617173335051,69c4533653a5dca26006e516,11064,trial
3834,terrible,41,,,party,Graduated High-school,😠,226525,1774552438247,1774552211722,male,9,9,1,true,English,614f472ccd42769f8fa1a07f,69c58488861a617173335051,69c4533653a5dca26006e516,12494,trial
3834,bad,41,1,,restaurant meal,Graduated High-school,😐,226525,1774552438247,1774552211722,male,null,null,1,true,English,614f472ccd42769f8fa1a07f,69c58488861a617173335051,69c4533653a5dca26006e516,6249,attention
3834,okay,41,,,pizza,Graduated High-school,😐,226525,1774552438247,1774552211722,male,5,5,3,true,English,614f472ccd42769f8fa1a07f,69c58488861a617173335051,69c4533653a5dca26006e516,15997,trial
3834,bad,41,,,cookie,Graduated High-school,null,226525,1774552438247,1774552211722,male,9,9,1,true,English,614f472ccd42769f8fa1a07f,69c58488861a617173335051,69c4533653a5dca26006e516,30187,trial
3834,okay,41,,,cookie,Graduated High-school,null,226525,1774552438247,1774552211722,male,5,5,3,true,English,614f472ccd42769f8fa1a07f,69c58488861a617173335051,69c4533653a5dca26006e516,12446,trial
3834,terrible,41,,,restaurant meal,Graduated High-school,null,226525,1774552438247,1774552211722,male,9,9,1,true,English,614f472ccd42769f8fa1a07f,69c58488861a617173335051,69c4533653a5dca26006e516,11178,trial
3835,amazing,28,,None,coffee,Graduated College,☺️,153597,1774552460528,1774552306931,female,8,8,4,true,English,667c9f9c07cc857002729af5,69c584edb944274066d91abd,69c4533653a5dca26006e516,13185,trial
3835,good,28,,None,restaurant meal,Graduated College,😀,153597,1774552460528,1774552306931,female,8,8,4,true,English,667c9f9c07cc857002729af5,69c584edb944274066d91abd,69c4533653a5dca26006e516,17615,trial
3835,okay,28,,None,pizza,Graduated College,null,153597,1774552460528,1774552306931,female,6,4,3,true,English,667c9f9c07cc857002729af5,69c584edb944274066d91abd,69c4533653a5dca26006e516,11305,trial
3835,okay,28,4,None,party,Graduated College,😆,153597,1774552460528,1774552306931,female,null,null,4,true,English,667c9f9c07cc857002729af5,69c584edb944274066d91abd,69c4533653a5dca26006e516,7528,attention
3835,amazing,28,,None,party,Graduated College,null,153597,1774552460528,1774552306931,female,8,9,5,true,English,667c9f9c07cc857002729af5,69c584edb944274066d91abd,69c4533653a5dca26006e516,8752,trial
3835,terrible,28,,None,movie,Graduated College,😔,153597,1774552460528,1774552306931,female,7,9,1,true,English,667c9f9c07cc857002729af5,69c584edb944274066d91abd,69c4533653a5dca26006e516,14295,trial
3835,bad,28,,None,pizza,Graduated College,😔,153597,1774552460528,1774552306931,female,6,4,1,true,English,667c9f9c07cc857002729af5,69c584edb944274066d91abd,69c4533653a5dca26006e516,7633,trial
3835,bad,28,2,None,cookie,Graduated College,😀,153597,1774552460528,1774552306931,female,null,null,2,true,English,667c9f9c07cc857002729af5,69c584edb944274066d91abd,69c4533653a5dca26006e516,2911,attention
3835,okay,28,,None,pizza,Graduated College,😐,153597,1774552460528,1774552306931,female,6,6,2,true,English,667c9f9c07cc857002729af5,69c584edb944274066d91abd,69c4533653a5dca26006e516,6711,trial
3835,terrible,28,,None,coffee,Graduated College,null,153597,1774552460528,1774552306931,female,4,5,2,true,English,667c9f9c07cc857002729af5,69c584edb944274066d91abd,69c4533653a5dca26006e516,7928,trial
3835,good,28,,None,party,Graduated College,null,153597,1774552460528,1774552306931,female,3,5,3,true,English,667c9f9c07cc857002729af5,69c584edb944274066d91abd,69c4533653a5dca26006e516,5471,trial
3835,bad,28,,None,pizza,Graduated College,null,153597,1774552460528,1774552306931,female,2,3,1,true,English,667c9f9c07cc857002729af5,69c584edb944274066d91abd,69c4533653a5dca26006e516,8216,trial
3836,terrible,44,,Good luck!,movie,Graduated College,😠,190878,1774552484139,1774552293261,male,9,7,1,true,English,65aebd911489344139045cdf,69c584ce7db7368941d76c8f,69c4533653a5dca26006e516,23009,trial
3836,bad,44,,Good luck!,concert,Graduated College,😠,190878,1774552484139,1774552293261,male,8,7,2,true,English,65aebd911489344139045cdf,69c584ce7db7368941d76c8f,69c4533653a5dca26006e516,18352,trial
3836,terrible,44,,Good luck!,concert,Graduated College,null,190878,1774552484139,1774552293261,male,8,9,1,true,English,65aebd911489344139045cdf,69c584ce7db7368941d76c8f,69c4533653a5dca26006e516,20056,trial
3836,bad,44,4,Good luck!,pizza,Graduated College,😆,190878,1774552484139,1774552293261,male,null,null,4,true,English,65aebd911489344139045cdf,69c584ce7db7368941d76c8f,69c4533653a5dca26006e516,5000,attention
3836,good,44,,Good luck!,movie,Graduated College,null,190878,1774552484139,1774552293261,male,3,5,3,true,English,65aebd911489344139045cdf,69c584ce7db7368941d76c8f,69c4533653a5dca26006e516,18160,trial
3836,okay,44,,Good luck!,concert,Graduated College,null,190878,1774552484139,1774552293261,male,1,4,3,true,English,65aebd911489344139045cdf,69c584ce7db7368941d76c8f,69c4533653a5dca26006e516,12647,trial
3836,okay,44,,Good luck!,movie,Graduated College,😐,190878,1774552484139,1774552293261,male,3,5,3,true,English,65aebd911489344139045cdf,69c584ce7db7368941d76c8f,69c4533653a5dca26006e516,7982,trial
3836,okay,44,1,Good luck!,party,Graduated College,😩,190878,1774552484139,1774552293261,male,null,null,1,true,English,65aebd911489344139045cdf,69c584ce7db7368941d76c8f,69c4533653a5dca26006e516,2459,attention
3836,amazing,44,,Good luck!,restaurant meal,Graduated College,😀,190878,1774552484139,1774552293261,male,7,9,5,true,English,65aebd911489344139045cdf,69c584ce7db7368941d76c8f,69c4533653a5dca26006e516,9335,trial
3836,bad,44,,Good luck!,concert,Graduated College,null,190878,1774552484139,1774552293261,male,6,8,2,true,English,65aebd911489344139045cdf,69c584ce7db7368941d76c8f,69c4533653a5dca26006e516,10728,trial
3836,good,44,,Good luck!,pizza,Graduated College,😊,190878,1774552484139,1774552293261,male,7,9,4,true,English,65aebd911489344139045cdf,69c584ce7db7368941d76c8f,69c4533653a5dca26006e516,10704,trial
3836,amazing,44,,Good luck!,movie,Graduated College,null,190878,1774552484139,1774552293261,male,8,7,5,true,English,65aebd911489344139045cdf,69c584ce7db7368941d76c8f,69c4533653a5dca26006e516,12112,trial
3837,bad,70,,NA,party,Higher degree,null,212422,1774552546699,1774552334278,male,7,1,1,true,English,5d1511f1e814b800016108a6,69c584f61d9900bd42438cfe,69c4533653a5dca26006e516,22161,trial
3837,amazing,70,,NA,concert,Higher degree,null,212422,1774552546699,1774552334278,male,4,9,5,true,English,5d1511f1e814b800016108a6,69c584f61d9900bd42438cfe,69c4533653a5dca26006e516,14748,trial
3837,amazing,70,,NA,cookie,Higher degree,😆,212422,1774552546699,1774552334278,male,7,9,5,true,English,5d1511f1e814b800016108a6,69c584f61d9900bd42438cfe,69c4533653a5dca26006e516,9900,trial
3837,terrible,70,5,NA,coffee,Higher degree,😀,212422,1774552546699,1774552334278,male,null,null,5,true,English,5d1511f1e814b800016108a6,69c584f61d9900bd42438cfe,69c4533653a5dca26006e516,6429,attention
3837,okay,70,,NA,coffee,Higher degree,null,212422,1774552546699,1774552334278,male,5,8,3,true,English,5d1511f1e814b800016108a6,69c584f61d9900bd42438cfe,69c4533653a5dca26006e516,11830,trial
3837,bad,70,,NA,pizza,Higher degree,😠,212422,1774552546699,1774552334278,male,2,9,1,true,English,5d1511f1e814b800016108a6,69c584f61d9900bd42438cfe,69c4533653a5dca26006e516,19566,trial
3837,okay,70,,NA,party,Higher degree,😐,212422,1774552546699,1774552334278,male,9,8,3,true,English,5d1511f1e814b800016108a6,69c584f61d9900bd42438cfe,69c4533653a5dca26006e516,15431,trial
3837,okay,70,5,NA,movie,Higher degree,😐,212422,1774552546699,1774552334278,male,null,null,5,true,English,5d1511f1e814b800016108a6,69c584f61d9900bd42438cfe,69c4533653a5dca26006e516,4916,attention
3837,good,70,,NA,coffee,Higher degree,null,212422,1774552546699,1774552334278,male,2,9,4,true,English,5d1511f1e814b800016108a6,69c584f61d9900bd42438cfe,69c4533653a5dca26006e516,9795,trial
3837,terrible,70,,NA,restaurant meal,Higher degree,null,212422,1774552546699,1774552334278,male,4,9,1,true,English,5d1511f1e814b800016108a6,69c584f61d9900bd42438cfe,69c4533653a5dca26006e516,9599,trial
3837,good,70,,NA,pizza,Higher degree,😊,212422,1774552546699,1774552334278,male,4,9,4,true,English,5d1511f1e814b800016108a6,69c584f61d9900bd42438cfe,69c4533653a5dca26006e516,12528,trial
3837,terrible,70,,NA,restaurant meal,Higher degree,😠,212422,1774552546699,1774552334278,male,4,9,1,true,English,5d1511f1e814b800016108a6,69c584f61d9900bd42438cfe,69c4533653a5dca26006e516,8160,trial
3838,amazing,46,,,party,Higher degree,😆,233954,1774552570509,1774552336555,female,8,8,5,true,English,664f9fe745392e574c5c57c3,69c58504e889d670dbbf13e8,69c4533653a5dca26006e516,15727,trial
3838,okay,46,,,coffee,Higher degree,😐,233954,1774552570509,1774552336555,female,5,5,3,true,English,664f9fe745392e574c5c57c3,69c58504e889d670dbbf13e8,69c4533653a5dca26006e516,12561,trial
3838,bad,46,,,concert,Higher degree,null,233954,1774552570509,1774552336555,female,2,2,2,true,English,664f9fe745392e574c5c57c3,69c58504e889d670dbbf13e8,69c4533653a5dca26006e516,14952,trial
3838,bad,46,3,,concert,Higher degree,😔,233954,1774552570509,1774552336555,female,null,null,3,true,English,664f9fe745392e574c5c57c3,69c58504e889d670dbbf13e8,69c4533653a5dca26006e516,18008,attention
3838,terrible,46,,,movie,Higher degree,null,233954,1774552570509,1774552336555,female,2,2,3,true,English,664f9fe745392e574c5c57c3,69c58504e889d670dbbf13e8,69c4533653a5dca26006e516,26448,trial
3838,good,46,,,coffee,Higher degree,null,233954,1774552570509,1774552336555,female,7,7,3,true,English,664f9fe745392e574c5c57c3,69c58504e889d670dbbf13e8,69c4533653a5dca26006e516,10487,trial
3838,bad,46,,,movie,Higher degree,🙁,233954,1774552570509,1774552336555,female,2,2,3,true,English,664f9fe745392e574c5c57c3,69c58504e889d670dbbf13e8,69c4533653a5dca26006e516,12345,trial
3838,good,46,3,,movie,Higher degree,😆,233954,1774552570509,1774552336555,female,null,null,3,true,English,664f9fe745392e574c5c57c3,69c58504e889d670dbbf13e8,69c4533653a5dca26006e516,9208,attention
3838,good,46,,,party,Higher degree,😆,233954,1774552570509,1774552336555,female,7,7,4,true,English,664f9fe745392e574c5c57c3,69c58504e889d670dbbf13e8,69c4533653a5dca26006e516,12704,trial
3838,okay,46,,,coffee,Higher degree,null,233954,1774552570509,1774552336555,female,5,5,3,true,English,664f9fe745392e574c5c57c3,69c58504e889d670dbbf13e8,69c4533653a5dca26006e516,9199,trial
3838,amazing,46,,,pizza,Higher degree,null,233954,1774552570509,1774552336555,female,8,8,4,true,English,664f9fe745392e574c5c57c3,69c58504e889d670dbbf13e8,69c4533653a5dca26006e516,12233,trial
3838,terrible,46,,,restaurant meal,Higher degree,🙁,233954,1774552570509,1774552336555,female,2,2,3,true,English,664f9fe745392e574c5c57c3,69c58504e889d670dbbf13e8,69c4533653a5dca26006e516,13128,trial
3839,bad,29,,,restaurant meal,Graduated College,null,270799,1774553850503,1774553579704,male,5,9,2,true,English ,675ef67a1ac1854b97ad3898,69c589e7066d7c9b46c34a6b,69c4533653a5dca26006e516,107446,trial
3839,bad,29,,,movie,Graduated College,😔,270799,1774553850503,1774553579704,male,5,4,2,true,English ,675ef67a1ac1854b97ad3898,69c589e7066d7c9b46c34a6b,69c4533653a5dca26006e516,10334,trial
3839,amazing,29,,,cookie,Graduated College,☺️,270799,1774553850503,1774553579704,male,7,5,5,true,English ,675ef67a1ac1854b97ad3898,69c589e7066d7c9b46c34a6b,69c4533653a5dca26006e516,6847,trial
3839,good,29,2,,coffee,Graduated College,😀,270799,1774553850503,1774553579704,male,null,null,5,false,English ,675ef67a1ac1854b97ad3898,69c589e7066d7c9b46c34a6b,69c4533653a5dca26006e516,9248,attention
3839,amazing,29,,,party,Graduated College,null,270799,1774553850503,1774553579704,male,5,6,3,true,English ,675ef67a1ac1854b97ad3898,69c589e7066d7c9b46c34a6b,69c4533653a5dca26006e516,7754,trial
3839,okay,29,,,cookie,Graduated College,😐,270799,1774553850503,1774553579704,male,7,5,5,true,English ,675ef67a1ac1854b97ad3898,69c589e7066d7c9b46c34a6b,69c4533653a5dca26006e516,4704,trial
3839,okay,29,,,restaurant meal,Graduated College,null,270799,1774553850503,1774553579704,male,5,7,3,true,English ,675ef67a1ac1854b97ad3898,69c589e7066d7c9b46c34a6b,69c4533653a5dca26006e516,5330,trial
3839,amazing,29,5,,coffee,Graduated College,😠,270799,1774553850503,1774553579704,male,null,null,5,true,English ,675ef67a1ac1854b97ad3898,69c589e7066d7c9b46c34a6b,69c4533653a5dca26006e516,10642,attention
3839,good,29,,,coffee,Graduated College,null,270799,1774553850503,1774553579704,male,7,5,5,true,English ,675ef67a1ac1854b97ad3898,69c589e7066d7c9b46c34a6b,69c4533653a5dca26006e516,6478,trial
3839,good,29,,,concert,Graduated College,😀,270799,1774553850503,1774553579704,male,6,5,5,true,English ,675ef67a1ac1854b97ad3898,69c589e7066d7c9b46c34a6b,69c4533653a5dca26006e516,6352,trial
3839,terrible,29,,,restaurant meal,Graduated College,null,270799,1774553850503,1774553579704,male,7,3,4,true,English ,675ef67a1ac1854b97ad3898,69c589e7066d7c9b46c34a6b,69c4533653a5dca26006e516,8446,trial
3839,terrible,29,,,coffee,Graduated College,😠,270799,1774553850503,1774553579704,male,4,5,5,true,English ,675ef67a1ac1854b97ad3898,69c589e7066d7c9b46c34a6b,69c4533653a5dca26006e516,10044,trial
3840,okay,36,,,restaurant meal,Graduated College,null,377755,1774554268480,1774553890725,female,3,7,2,true,English,5f6c238ed9915e19408f161b,69c58b1c74c1447ca0410d9d,69c4533653a5dca26006e516,79188,trial
3840,good,36,,,party,Graduated College,😀,377755,1774554268480,1774553890725,female,7,7,4,true,English,5f6c238ed9915e19408f161b,69c58b1c74c1447ca0410d9d,69c4533653a5dca26006e516,22582,trial
3840,okay,36,,,pizza,Graduated College,😗,377755,1774554268480,1774553890725,female,7,8,2,true,English,5f6c238ed9915e19408f161b,69c58b1c74c1447ca0410d9d,69c4533653a5dca26006e516,28449,trial
3840,amazing,36,2,,movie,Graduated College,😗,377755,1774554268480,1774553890725,female,null,null,2,true,English,5f6c238ed9915e19408f161b,69c58b1c74c1447ca0410d9d,69c4533653a5dca26006e516,8405,attention
3840,amazing,36,,,restaurant meal,Graduated College,😊,377755,1774554268480,1774553890725,female,8,9,5,true,English,5f6c238ed9915e19408f161b,69c58b1c74c1447ca0410d9d,69c4533653a5dca26006e516,29260,trial
3840,amazing,36,,,movie,Graduated College,null,377755,1774554268480,1774553890725,female,6,8,3,true,English,5f6c238ed9915e19408f161b,69c58b1c74c1447ca0410d9d,69c4533653a5dca26006e516,30470,trial
3840,terrible,36,,,cookie,Graduated College,🙁,377755,1774554268480,1774553890725,female,7,9,1,true,English,5f6c238ed9915e19408f161b,69c58b1c74c1447ca0410d9d,69c4533653a5dca26006e516,24894,trial
3840,bad,36,5,,coffee,Graduated College,☹️,377755,1774554268480,1774553890725,female,null,null,5,true,English,5f6c238ed9915e19408f161b,69c58b1c74c1447ca0410d9d,69c4533653a5dca26006e516,6818,attention
3840,bad,36,,,party,Graduated College,😩,377755,1774554268480,1774553890725,female,9,9,5,true,English,5f6c238ed9915e19408f161b,69c58b1c74c1447ca0410d9d,69c4533653a5dca26006e516,19538,trial
3840,terrible,36,,,pizza,Graduated College,null,377755,1774554268480,1774553890725,female,6,9,1,true,English,5f6c238ed9915e19408f161b,69c58b1c74c1447ca0410d9d,69c4533653a5dca26006e516,35366,trial
3840,bad,36,,,party,Graduated College,null,377755,1774554268480,1774553890725,female,6,9,5,true,English,5f6c238ed9915e19408f161b,69c58b1c74c1447ca0410d9d,69c4533653a5dca26006e516,19707,trial
3840,good,36,,,party,Graduated College,null,377755,1774554268480,1774553890725,female,6,7,4,true,English,5f6c238ed9915e19408f161b,69c58b1c74c1447ca0410d9d,69c4533653a5dca26006e516,24186,trial
3841,good,53,,,movie,Graduated College,null,168362,1774554419317,1774554250955,female,7,8,5,true,English,65cb586a1166caf7eb546dda,69c58c7844cc100e80d5ef6b,69c4533653a5dca26006e516,14426,trial
3841,bad,53,,,pizza,Graduated College,☹️,168362,1774554419317,1774554250955,female,9,9,2,true,English,65cb586a1166caf7eb546dda,69c58c7844cc100e80d5ef6b,69c4533653a5dca26006e516,13890,trial
3841,amazing,53,,,coffee,Graduated College,null,168362,1774554419317,1774554250955,female,7,8,5,true,English,65cb586a1166caf7eb546dda,69c58c7844cc100e80d5ef6b,69c4533653a5dca26006e516,11181,trial
3841,bad,53,5,,pizza,Graduated College,😗,168362,1774554419317,1774554250955,female,null,null,5,true,English,65cb586a1166caf7eb546dda,69c58c7844cc100e80d5ef6b,69c4533653a5dca26006e516,5629,attention
3841,good,53,,,movie,Graduated College,😊,168362,1774554419317,1774554250955,female,8,8,4,true,English,65cb586a1166caf7eb546dda,69c58c7844cc100e80d5ef6b,69c4533653a5dca26006e516,14791,trial
3841,okay,53,,,party,Graduated College,😐,168362,1774554419317,1774554250955,female,9,8,3,true,English,65cb586a1166caf7eb546dda,69c58c7844cc100e80d5ef6b,69c4533653a5dca26006e516,8388,trial
3841,terrible,53,,,pizza,Graduated College,😠,168362,1774554419317,1774554250955,female,9,8,1,true,English,65cb586a1166caf7eb546dda,69c58c7844cc100e80d5ef6b,69c4533653a5dca26006e516,8857,trial
3841,terrible,53,1,,party,Graduated College,🙁,168362,1774554419317,1774554250955,female,null,null,1,true,English,65cb586a1166caf7eb546dda,69c58c7844cc100e80d5ef6b,69c4533653a5dca26006e516,5142,attention
3841,terrible,53,,,cookie,Graduated College,null,168362,1774554419317,1774554250955,female,8,8,1,true,English,65cb586a1166caf7eb546dda,69c58c7844cc100e80d5ef6b,69c4533653a5dca26006e516,7895,trial
3841,okay,53,,,movie,Graduated College,null,168362,1774554419317,1774554250955,female,7,8,3,true,English,65cb586a1166caf7eb546dda,69c58c7844cc100e80d5ef6b,69c4533653a5dca26006e516,9218,trial
3841,bad,53,,,concert,Graduated College,null,168362,1774554419317,1774554250955,female,8,8,1,true,English,65cb586a1166caf7eb546dda,69c58c7844cc100e80d5ef6b,69c4533653a5dca26006e516,11884,trial
3841,amazing,53,,,concert,Graduated College,😊,168362,1774554419317,1774554250955,female,9,9,5,true,English,65cb586a1166caf7eb546dda,69c58c7844cc100e80d5ef6b,69c4533653a5dca26006e516,9258,trial
3842,good,27,,,concert,Higher degree,☺️,559103,1774557438242,1774556879139,male,9,9,5,true,English,676eec5a51ca999bb2023bad,69c596c3c7d9decfb6504769,69c4533653a5dca26006e516,41024,trial
3842,terrible,27,,,movie,Higher degree,😩,559103,1774557438242,1774556879139,male,9,1,5,true,English,676eec5a51ca999bb2023bad,69c596c3c7d9decfb6504769,69c4533653a5dca26006e516,46023,trial
3842,okay,27,,,coffee,Higher degree,😐,559103,1774557438242,1774556879139,male,2,7,3,true,English,676eec5a51ca999bb2023bad,69c596c3c7d9decfb6504769,69c4533653a5dca26006e516,55600,trial
3842,bad,27,3,,concert,Higher degree,😀,559103,1774557438242,1774556879139,male,null,null,3,true,English,676eec5a51ca999bb2023bad,69c596c3c7d9decfb6504769,69c4533653a5dca26006e516,9712,attention
3842,terrible,27,,,movie,Higher degree,null,559103,1774557438242,1774556879139,male,9,1,1,true,English,676eec5a51ca999bb2023bad,69c596c3c7d9decfb6504769,69c4533653a5dca26006e516,30079,trial
3842,good,27,,,restaurant meal,Higher degree,null,559103,1774557438242,1774556879139,male,8,8,4,true,English,676eec5a51ca999bb2023bad,69c596c3c7d9decfb6504769,69c4533653a5dca26006e516,36680,trial
3842,bad,27,,,coffee,Higher degree,🙁,559103,1774557438242,1774556879139,male,7,1,1,true,English,676eec5a51ca999bb2023bad,69c596c3c7d9decfb6504769,69c4533653a5dca26006e516,22384,trial
3842,terrible,27,2,,cookie,Higher degree,🙁,559103,1774557438242,1774556879139,male,null,null,2,true,English,676eec5a51ca999bb2023bad,69c596c3c7d9decfb6504769,69c4533653a5dca26006e516,5376,attention
3842,amazing,27,,,movie,Higher degree,null,559103,1774557438242,1774556879139,male,8,8,5,true,English,676eec5a51ca999bb2023bad,69c596c3c7d9decfb6504769,69c4533653a5dca26006e516,11176,trial
3842,amazing,27,,,cookie,Higher degree,😊,559103,1774557438242,1774556879139,male,9,9,5,true,English,676eec5a51ca999bb2023bad,69c596c3c7d9decfb6504769,69c4533653a5dca26006e516,12168,trial
3842,okay,27,,,cookie,Higher degree,null,559103,1774557438242,1774556879139,male,1,7,3,true,English,676eec5a51ca999bb2023bad,69c596c3c7d9decfb6504769,69c4533653a5dca26006e516,46640,trial
3842,bad,27,,,restaurant meal,Higher degree,null,559103,1774557438242,1774556879139,male,9,1,1,true,English,676eec5a51ca999bb2023bad,69c596c3c7d9decfb6504769,69c4533653a5dca26006e516,19952,trial
3843,good,69,,,restaurant meal,Higher degree,😊,172645,1774622324666,1774622152021,female,5,7,4,true,English,638e84c70418d8a2c0aa372e,69c695c029846ba35c338b72,69c4533653a5dca26006e516,17114,trial
3843,amazing,69,,,pizza,Higher degree,null,172645,1774622324666,1774622152021,female,9,9,5,true,English,638e84c70418d8a2c0aa372e,69c695c029846ba35c338b72,69c4533653a5dca26006e516,12472,trial
3843,good,69,,,cookie,Higher degree,null,172645,1774622324666,1774622152021,female,7,7,4,true,English,638e84c70418d8a2c0aa372e,69c695c029846ba35c338b72,69c4533653a5dca26006e516,10694,trial
3843,bad,69,1,,pizza,Higher degree,😗,172645,1774622324666,1774622152021,female,null,null,1,true,English,638e84c70418d8a2c0aa372e,69c695c029846ba35c338b72,69c4533653a5dca26006e516,5685,attention
3843,bad,69,,,cookie,Higher degree,😩,172645,1774622324666,1774622152021,female,8,1,1,true,English,638e84c70418d8a2c0aa372e,69c695c029846ba35c338b72,69c4533653a5dca26006e516,14807,trial
3843,terrible,69,,,concert,Higher degree,null,172645,1774622324666,1774622152021,female,9,1,1,true,English,638e84c70418d8a2c0aa372e,69c695c029846ba35c338b72,69c4533653a5dca26006e516,12136,trial
3843,okay,69,,,pizza,Higher degree,null,172645,1774622324666,1774622152021,female,8,4,2,true,English,638e84c70418d8a2c0aa372e,69c695c029846ba35c338b72,69c4533653a5dca26006e516,12804,trial
3843,good,69,5,,movie,Higher degree,🙁,172645,1774622324666,1774622152021,female,null,null,5,true,English,638e84c70418d8a2c0aa372e,69c695c029846ba35c338b72,69c4533653a5dca26006e516,4747,attention
3843,amazing,69,,,pizza,Higher degree,😀,172645,1774622324666,1774622152021,female,9,9,5,true,English,638e84c70418d8a2c0aa372e,69c695c029846ba35c338b72,69c4533653a5dca26006e516,8395,trial
3843,terrible,69,,,cookie,Higher degree,😔,172645,1774622324666,1774622152021,female,9,1,1,true,English,638e84c70418d8a2c0aa372e,69c695c029846ba35c338b72,69c4533653a5dca26006e516,10781,trial
3843,bad,69,,,coffee,Higher degree,null,172645,1774622324666,1774622152021,female,9,1,1,true,English,638e84c70418d8a2c0aa372e,69c695c029846ba35c338b72,69c4533653a5dca26006e516,6911,trial
3843,okay,69,,,restaurant meal,Higher degree,😐,172645,1774622324666,1774622152021,female,5,5,3,true,English,638e84c70418d8a2c0aa372e,69c695c029846ba35c338b72,69c4533653a5dca26006e516,12583,trial
3844,bad,60,,,movie,Graduated College,😩,216211,1774622385164,1774622168953,female,7,1,1,true,English,5e57e67bb836e0000d222062,69c695c9874898168de63cf2,69c4533653a5dca26006e516,22448,trial
3844,bad,60,,,cookie,Graduated College,null,216211,1774622385164,1774622168953,female,4,1,1,true,English,5e57e67bb836e0000d222062,69c695c9874898168de63cf2,69c4533653a5dca26006e516,15521,trial
3844,amazing,60,,,movie,Graduated College,null,216211,1774622385164,1774622168953,female,8,9,5,true,English,5e57e67bb836e0000d222062,69c695c9874898168de63cf2,69c4533653a5dca26006e516,13253,trial
3844,terrible,60,1,,concert,Graduated College,☹️,216211,1774622385164,1774622168953,female,null,null,1,true,English,5e57e67bb836e0000d222062,69c695c9874898168de63cf2,69c4533653a5dca26006e516,9260,attention
3844,terrible,60,,,pizza,Graduated College,😔,216211,1774622385164,1774622168953,female,4,1,1,true,English,5e57e67bb836e0000d222062,69c695c9874898168de63cf2,69c4533653a5dca26006e516,17814,trial
3844,good,60,,,party,Graduated College,null,216211,1774622385164,1774622168953,female,5,8,4,true,English,5e57e67bb836e0000d222062,69c695c9874898168de63cf2,69c4533653a5dca26006e516,13717,trial
3844,amazing,60,,,pizza,Graduated College,😀,216211,1774622385164,1774622168953,female,4,9,5,true,English,5e57e67bb836e0000d222062,69c695c9874898168de63cf2,69c4533653a5dca26006e516,11181,trial
3844,bad,60,5,,pizza,Graduated College,😠,216211,1774622385164,1774622168953,female,null,null,5,true,English,5e57e67bb836e0000d222062,69c695c9874898168de63cf2,69c4533653a5dca26006e516,4961,attention
3844,good,60,,,pizza,Graduated College,😊,216211,1774622385164,1774622168953,female,1,8,4,true,English,5e57e67bb836e0000d222062,69c695c9874898168de63cf2,69c4533653a5dca26006e516,15745,trial
3844,okay,60,,,party,Graduated College,😐,216211,1774622385164,1774622168953,female,2,5,3,true,English,5e57e67bb836e0000d222062,69c695c9874898168de63cf2,69c4533653a5dca26006e516,11556,trial
3844,okay,60,,,pizza,Graduated College,null,216211,1774622385164,1774622168953,female,1,5,3,true,English,5e57e67bb836e0000d222062,69c695c9874898168de63cf2,69c4533653a5dca26006e516,15862,trial
3844,terrible,60,,,party,Graduated College,null,216211,1774622385164,1774622168953,female,5,1,1,true,English,5e57e67bb836e0000d222062,69c695c9874898168de63cf2,69c4533653a5dca26006e516,12631,trial
3845,okay,43,,,cookie,Higher degree,😗,140730,1774622415697,1774622274967,female,5,2,2,true,English,5ef1bb10c673fd7d2d14e439,69c6963dae1cabfaa7e8c8da,69c4533653a5dca26006e516,22680,trial
3845,good,43,,,party,Higher degree,null,140730,1774622415697,1774622274967,female,2,3,3,true,English,5ef1bb10c673fd7d2d14e439,69c6963dae1cabfaa7e8c8da,69c4533653a5dca26006e516,13317,trial
3845,good,43,,,pizza,Higher degree,😀,140730,1774622415697,1774622274967,female,7,7,4,true,English,5ef1bb10c673fd7d2d14e439,69c6963dae1cabfaa7e8c8da,69c4533653a5dca26006e516,9687,trial
3845,okay,43,2,,cookie,Higher degree,☹️,140730,1774622415697,1774622274967,female,null,null,2,true,English,5ef1bb10c673fd7d2d14e439,69c6963dae1cabfaa7e8c8da,69c4533653a5dca26006e516,4813,attention
3845,bad,43,,,pizza,Higher degree,null,140730,1774622415697,1774622274967,female,6,6,4,true,English,5ef1bb10c673fd7d2d14e439,69c6963dae1cabfaa7e8c8da,69c4533653a5dca26006e516,10417,trial
3845,bad,43,,,cookie,Higher degree,☹️,140730,1774622415697,1774622274967,female,7,7,1,true,English,5ef1bb10c673fd7d2d14e439,69c6963dae1cabfaa7e8c8da,69c4533653a5dca26006e516,8730,trial
3845,amazing,43,,,coffee,Higher degree,null,140730,1774622415697,1774622274967,female,9,9,5,true,English,5ef1bb10c673fd7d2d14e439,69c6963dae1cabfaa7e8c8da,69c4533653a5dca26006e516,8400,trial
3845,amazing,43,3,,pizza,Higher degree,😔,140730,1774622415697,1774622274967,female,null,null,3,true,English,5ef1bb10c673fd7d2d14e439,69c6963dae1cabfaa7e8c8da,69c4533653a5dca26006e516,3500,attention
3845,terrible,43,,,restaurant meal,Higher degree,☹️,140730,1774622415697,1774622274967,female,9,8,1,true,English,5ef1bb10c673fd7d2d14e439,69c6963dae1cabfaa7e8c8da,69c4533653a5dca26006e516,12884,trial
3845,terrible,43,,,restaurant meal,Higher degree,null,140730,1774622415697,1774622274967,female,7,7,4,true,English,5ef1bb10c673fd7d2d14e439,69c6963dae1cabfaa7e8c8da,69c4533653a5dca26006e516,8196,trial
3845,okay,43,,,cookie,Higher degree,null,140730,1774622415697,1774622274967,female,3,4,3,true,English,5ef1bb10c673fd7d2d14e439,69c6963dae1cabfaa7e8c8da,69c4533653a5dca26006e516,5668,trial
3845,amazing,43,,,restaurant meal,Higher degree,😆,140730,1774622415697,1774622274967,female,9,9,5,true,English,5ef1bb10c673fd7d2d14e439,69c6963dae1cabfaa7e8c8da,69c4533653a5dca26006e516,7950,trial
3846,bad,30,,,movie,Higher degree,😠,164109,1774622444490,1774622280381,female,8,8,2,true,English,55c495d2fdf99b2d6cabb691,69c69643e2e2cbe7dec17731,69c4533653a5dca26006e516,20834,trial
3846,terrible,30,,,movie,Higher degree,😩,164109,1774622444490,1774622280381,female,9,8,1,true,English,55c495d2fdf99b2d6cabb691,69c69643e2e2cbe7dec17731,69c4533653a5dca26006e516,13183,trial
3846,amazing,30,,,party,Higher degree,null,164109,1774622444490,1774622280381,female,4,6,4,true,English,55c495d2fdf99b2d6cabb691,69c69643e2e2cbe7dec17731,69c4533653a5dca26006e516,9150,trial
3846,terrible,30,2,,restaurant meal,Higher degree,😔,164109,1774622444490,1774622280381,female,null,null,2,true,English,55c495d2fdf99b2d6cabb691,69c69643e2e2cbe7dec17731,69c4533653a5dca26006e516,3016,attention
3846,bad,30,,,movie,Higher degree,null,164109,1774622444490,1774622280381,female,5,6,2,true,English,55c495d2fdf99b2d6cabb691,69c69643e2e2cbe7dec17731,69c4533653a5dca26006e516,21534,trial
3846,okay,30,,,pizza,Higher degree,null,164109,1774622444490,1774622280381,female,3,5,3,true,English,55c495d2fdf99b2d6cabb691,69c69643e2e2cbe7dec17731,69c4533653a5dca26006e516,11149,trial
3846,good,30,,,restaurant meal,Higher degree,null,164109,1774622444490,1774622280381,female,4,6,4,true,English,55c495d2fdf99b2d6cabb691,69c69643e2e2cbe7dec17731,69c4533653a5dca26006e516,7500,trial
3846,bad,30,3,,restaurant meal,Higher degree,😠,164109,1774622444490,1774622280381,female,null,null,3,true,English,55c495d2fdf99b2d6cabb691,69c69643e2e2cbe7dec17731,69c4533653a5dca26006e516,2233,attention
3846,amazing,30,,,cookie,Higher degree,😊,164109,1774622444490,1774622280381,female,8,8,4,true,English,55c495d2fdf99b2d6cabb691,69c69643e2e2cbe7dec17731,69c4533653a5dca26006e516,8817,trial
3846,terrible,30,,,party,Higher degree,null,164109,1774622444490,1774622280381,female,5,7,2,true,English,55c495d2fdf99b2d6cabb691,69c69643e2e2cbe7dec17731,69c4533653a5dca26006e516,7466,trial
3846,good,30,,,cookie,Higher degree,😀,164109,1774622444490,1774622280381,female,7,7,4,true,English,55c495d2fdf99b2d6cabb691,69c69643e2e2cbe7dec17731,69c4533653a5dca26006e516,10066,trial
3846,okay,30,,,concert,Higher degree,😐,164109,1774622444490,1774622280381,female,8,7,2,true,English,55c495d2fdf99b2d6cabb691,69c69643e2e2cbe7dec17731,69c4533653a5dca26006e516,12417,trial
3847,terrible,39,,,restaurant meal,Graduated College,☹️,152294,1774622444451,1774622292157,male,9,9,1,true,English,611ffe84a8214760847fc4de,69c69638044e1e00645066c0,69c4533653a5dca26006e516,19142,trial
3847,amazing,39,,,concert,Graduated College,☺️,152294,1774622444451,1774622292157,male,9,9,5,true,English,611ffe84a8214760847fc4de,69c69638044e1e00645066c0,69c4533653a5dca26006e516,9970,trial
3847,terrible,39,,,restaurant meal,Graduated College,null,152294,1774622444451,1774622292157,male,9,9,1,true,English,611ffe84a8214760847fc4de,69c69638044e1e00645066c0,69c4533653a5dca26006e516,15944,trial
3847,terrible,39,3,,pizza,Graduated College,😩,152294,1774622444451,1774622292157,male,null,null,3,true,English,611ffe84a8214760847fc4de,69c69638044e1e00645066c0,69c4533653a5dca26006e516,7962,attention
3847,good,39,,,movie,Graduated College,null,152294,1774622444451,1774622292157,male,7,7,4,true,English,611ffe84a8214760847fc4de,69c69638044e1e00645066c0,69c4533653a5dca26006e516,8633,trial
3847,good,39,,,movie,Graduated College,😀,152294,1774622444451,1774622292157,male,8,8,4,true,English,611ffe84a8214760847fc4de,69c69638044e1e00645066c0,69c4533653a5dca26006e516,9514,trial
3847,okay,39,,,restaurant meal,Graduated College,null,152294,1774622444451,1774622292157,male,7,7,4,true,English,611ffe84a8214760847fc4de,69c69638044e1e00645066c0,69c4533653a5dca26006e516,6784,trial
3847,amazing,39,2,,coffee,Graduated College,😠,152294,1774622444451,1774622292157,male,null,null,2,true,English,611ffe84a8214760847fc4de,69c69638044e1e00645066c0,69c4533653a5dca26006e516,5090,attention
3847,okay,39,,,movie,Graduated College,😗,152294,1774622444451,1774622292157,male,6,6,3,true,English,611ffe84a8214760847fc4de,69c69638044e1e00645066c0,69c4533653a5dca26006e516,7418,trial
3847,amazing,39,,,coffee,Graduated College,null,152294,1774622444451,1774622292157,male,9,8,4,true,English,611ffe84a8214760847fc4de,69c69638044e1e00645066c0,69c4533653a5dca26006e516,8282,trial
3847,bad,39,,,party,Graduated College,null,152294,1774622444451,1774622292157,male,8,8,2,true,English,611ffe84a8214760847fc4de,69c69638044e1e00645066c0,69c4533653a5dca26006e516,8932,trial
3847,bad,39,,,restaurant meal,Graduated College,😔,152294,1774622444451,1774622292157,male,9,9,1,true,English,611ffe84a8214760847fc4de,69c69638044e1e00645066c0,69c4533653a5dca26006e516,11582,trial
3848,good,44,,nothing to add,pizza,Graduated High-school,😀,301897,1774622461700,1774622159803,male,9,9,5,true,english,677c455afc1062faab5b165e,69c695ca883fa4ce6b2f70df,69c4533653a5dca26006e516,27862,trial
3848,bad,44,,nothing to add,cookie,Graduated High-school,😠,301897,1774622461700,1774622159803,male,9,1,1,true,english,677c455afc1062faab5b165e,69c695ca883fa4ce6b2f70df,69c4533653a5dca26006e516,57182,trial
3848,amazing,44,,nothing to add,party,Graduated High-school,null,301897,1774622461700,1774622159803,male,7,8,5,true,english,677c455afc1062faab5b165e,69c695ca883fa4ce6b2f70df,69c4533653a5dca26006e516,12196,trial
3848,okay,44,5,nothing to add,movie,Graduated High-school,😆,301897,1774622461700,1774622159803,male,null,null,5,true,english,677c455afc1062faab5b165e,69c695ca883fa4ce6b2f70df,69c4533653a5dca26006e516,5372,attention
3848,terrible,44,,nothing to add,pizza,Graduated High-school,😔,301897,1774622461700,1774622159803,male,8,1,1,true,english,677c455afc1062faab5b165e,69c695ca883fa4ce6b2f70df,69c4533653a5dca26006e516,22250,trial
3848,good,44,,nothing to add,restaurant meal,Graduated High-school,null,301897,1774622461700,1774622159803,male,6,6,4,true,english,677c455afc1062faab5b165e,69c695ca883fa4ce6b2f70df,69c4533653a5dca26006e516,20933,trial
3848,amazing,44,,nothing to add,restaurant meal,Graduated High-school,🙂,301897,1774622461700,1774622159803,male,9,9,5,true,english,677c455afc1062faab5b165e,69c695ca883fa4ce6b2f70df,69c4533653a5dca26006e516,9254,trial
3848,terrible,44,4,nothing to add,pizza,Graduated High-school,😩,301897,1774622461700,1774622159803,male,null,null,4,true,english,677c455afc1062faab5b165e,69c695ca883fa4ce6b2f70df,69c4533653a5dca26006e516,4919,attention
3848,okay,44,,nothing to add,party,Graduated High-school,😐,301897,1774622461700,1774622159803,male,5,5,3,true,english,677c455afc1062faab5b165e,69c695ca883fa4ce6b2f70df,69c4533653a5dca26006e516,17037,trial
3848,okay,44,,nothing to add,movie,Graduated High-school,null,301897,1774622461700,1774622159803,male,4,4,3,true,english,677c455afc1062faab5b165e,69c695ca883fa4ce6b2f70df,69c4533653a5dca26006e516,14660,trial
3848,bad,44,,nothing to add,party,Graduated High-school,null,301897,1774622461700,1774622159803,male,7,1,1,true,english,677c455afc1062faab5b165e,69c695ca883fa4ce6b2f70df,69c4533653a5dca26006e516,16164,trial
3848,terrible,44,,nothing to add,cookie,Graduated High-school,null,301897,1774622461700,1774622159803,male,6,1,1,true,english,677c455afc1062faab5b165e,69c695ca883fa4ce6b2f70df,69c4533653a5dca26006e516,16584,trial
3849,okay,27,,None,cookie,Graduated College,null,188744,1774622468812,1774622280068,male,6,6,3,true,,69ba15adf34c36a58d36f1ec,69c696422ea9a20a45af233c,69c4533653a5dca26006e516,21471,trial
3849,terrible,27,,None,party,Graduated College,😔,188744,1774622468812,1774622280068,male,8,8,1,true,,69ba15adf34c36a58d36f1ec,69c696422ea9a20a45af233c,69c4533653a5dca26006e516,10761,trial
3849,good,27,,None,concert,Graduated College,null,188744,1774622468812,1774622280068,male,7,8,5,true,,69ba15adf34c36a58d36f1ec,69c696422ea9a20a45af233c,69c4533653a5dca26006e516,7578,trial
3849,okay,27,4,None,pizza,Graduated College,😔,188744,1774622468812,1774622280068,male,null,null,4,true,,69ba15adf34c36a58d36f1ec,69c696422ea9a20a45af233c,69c4533653a5dca26006e516,10787,attention
3849,amazing,27,,None,concert,Graduated College,null,188744,1774622468812,1774622280068,male,9,8,5,true,,69ba15adf34c36a58d36f1ec,69c696422ea9a20a45af233c,69c4533653a5dca26006e516,9400,trial
3849,bad,27,,None,cookie,Graduated College,null,188744,1774622468812,1774622280068,male,7,1,5,true,,69ba15adf34c36a58d36f1ec,69c696422ea9a20a45af233c,69c4533653a5dca26006e516,16031,trial
3849,amazing,27,,None,pizza,Graduated College,😆,188744,1774622468812,1774622280068,male,9,9,5,true,,69ba15adf34c36a58d36f1ec,69c696422ea9a20a45af233c,69c4533653a5dca26006e516,11244,trial
3849,terrible,27,2,None,movie,Graduated College,🙂,188744,1774622468812,1774622280068,male,null,null,2,true,,69ba15adf34c36a58d36f1ec,69c696422ea9a20a45af233c,69c4533653a5dca26006e516,5326,attention
3849,terrible,27,,None,movie,Graduated College,null,188744,1774622468812,1774622280068,male,8,1,5,true,,69ba15adf34c36a58d36f1ec,69c696422ea9a20a45af233c,69c4533653a5dca26006e516,8592,trial
3849,bad,27,,None,coffee,Graduated College,🙁,188744,1774622468812,1774622280068,male,8,1,1,true,,69ba15adf34c36a58d36f1ec,69c696422ea9a20a45af233c,69c4533653a5dca26006e516,9354,trial
3849,okay,27,,None,coffee,Graduated College,😗,188744,1774622468812,1774622280068,male,5,5,3,true,,69ba15adf34c36a58d36f1ec,69c696422ea9a20a45af233c,69c4533653a5dca26006e516,7282,trial
3849,good,27,,None,movie,Graduated College,😀,188744,1774622468812,1774622280068,male,9,9,5,true,,69ba15adf34c36a58d36f1ec,69c696422ea9a20a45af233c,69c4533653a5dca26006e516,5473,trial
3850,bad,48,,,restaurant meal,Higher degree,null,185294,1774622472529,1774622287235,male,1,1,1,true,English,5fad44ce8b587c0008f18de1,69c696414fdec0171da3c610,69c4533653a5dca26006e516,43693,trial
3850,terrible,48,,,movie,Higher degree,null,185294,1774622472529,1774622287235,male,1,1,1,true,English,5fad44ce8b587c0008f18de1,69c696414fdec0171da3c610,69c4533653a5dca26006e516,8698,trial
3850,amazing,48,,,party,Higher degree,😀,185294,1774622472529,1774622287235,male,9,9,5,true,English,5fad44ce8b587c0008f18de1,69c696414fdec0171da3c610,69c4533653a5dca26006e516,7353,trial
3850,bad,48,4,,cookie,Higher degree,😩,185294,1774622472529,1774622287235,male,null,null,4,true,English,5fad44ce8b587c0008f18de1,69c696414fdec0171da3c610,69c4533653a5dca26006e516,4959,attention
3850,terrible,48,,,restaurant meal,Higher degree,☹️,185294,1774622472529,1774622287235,male,1,1,1,true,English,5fad44ce8b587c0008f18de1,69c696414fdec0171da3c610,69c4533653a5dca26006e516,6873,trial
3850,bad,48,,,cookie,Higher degree,😠,185294,1774622472529,1774622287235,male,1,1,1,true,English,5fad44ce8b587c0008f18de1,69c696414fdec0171da3c610,69c4533653a5dca26006e516,5275,trial
3850,amazing,48,,,party,Higher degree,null,185294,1774622472529,1774622287235,male,9,9,5,true,English,5fad44ce8b587c0008f18de1,69c696414fdec0171da3c610,69c4533653a5dca26006e516,6849,trial
3850,amazing,48,2,,coffee,Higher degree,😠,185294,1774622472529,1774622287235,male,null,null,2,true,English,5fad44ce8b587c0008f18de1,69c696414fdec0171da3c610,69c4533653a5dca26006e516,4842,attention
3850,good,48,,,movie,Higher degree,😆,185294,1774622472529,1774622287235,male,8,8,4,true,English,5fad44ce8b587c0008f18de1,69c696414fdec0171da3c610,69c4533653a5dca26006e516,6777,trial
3850,okay,48,,,coffee,Higher degree,😐,185294,1774622472529,1774622287235,male,5,5,3,true,English,5fad44ce8b587c0008f18de1,69c696414fdec0171da3c610,69c4533653a5dca26006e516,6042,trial
3850,good,48,,,coffee,Higher degree,null,185294,1774622472529,1774622287235,male,8,8,4,true,English,5fad44ce8b587c0008f18de1,69c696414fdec0171da3c610,69c4533653a5dca26006e516,5211,trial
3850,okay,48,,,pizza,Higher degree,null,185294,1774622472529,1774622287235,male,5,5,3,true,English,5fad44ce8b587c0008f18de1,69c696414fdec0171da3c610,69c4533653a5dca26006e516,8213,trial
3851,amazing,54,,none,cookie,Higher degree,null,190974,1774622478535,1774622287561,male,7,8,4,true,english,60536d640af90db5d51d4102,69c6964969fb17ebf8ff615f,69c4533653a5dca26006e516,12298,trial
3851,okay,54,,none,movie,Higher degree,null,190974,1774622478535,1774622287561,male,5,5,3,true,english,60536d640af90db5d51d4102,69c6964969fb17ebf8ff615f,69c4533653a5dca26006e516,15529,trial
3851,okay,54,,none,pizza,Higher degree,😐,190974,1774622478535,1774622287561,male,5,6,4,true,english,60536d640af90db5d51d4102,69c6964969fb17ebf8ff615f,69c4533653a5dca26006e516,13703,trial
3851,bad,54,5,none,pizza,Higher degree,🙂,190974,1774622478535,1774622287561,male,null,null,5,true,english,60536d640af90db5d51d4102,69c6964969fb17ebf8ff615f,69c4533653a5dca26006e516,4750,attention
3851,terrible,54,,none,coffee,Higher degree,🙁,190974,1774622478535,1774622287561,male,8,8,1,true,english,60536d640af90db5d51d4102,69c6964969fb17ebf8ff615f,69c4533653a5dca26006e516,9642,trial
3851,terrible,54,,none,cookie,Higher degree,null,190974,1774622478535,1774622287561,male,8,8,2,true,english,60536d640af90db5d51d4102,69c6964969fb17ebf8ff615f,69c4533653a5dca26006e516,15030,trial
3851,bad,54,,none,party,Higher degree,😠,190974,1774622478535,1774622287561,male,8,8,1,true,english,60536d640af90db5d51d4102,69c6964969fb17ebf8ff615f,69c4533653a5dca26006e516,11237,trial
3851,good,54,5,none,cookie,Higher degree,😩,190974,1774622478535,1774622287561,male,null,null,5,true,english,60536d640af90db5d51d4102,69c6964969fb17ebf8ff615f,69c4533653a5dca26006e516,6714,attention
3851,bad,54,,none,concert,Higher degree,null,190974,1774622478535,1774622287561,male,7,6,2,true,english,60536d640af90db5d51d4102,69c6964969fb17ebf8ff615f,69c4533653a5dca26006e516,20254,trial
3851,amazing,54,,none,cookie,Higher degree,🙂,190974,1774622478535,1774622287561,male,7,7,4,true,english,60536d640af90db5d51d4102,69c6964969fb17ebf8ff615f,69c4533653a5dca26006e516,8492,trial
3851,good,54,,none,party,Higher degree,null,190974,1774622478535,1774622287561,male,6,6,4,true,english,60536d640af90db5d51d4102,69c6964969fb17ebf8ff615f,69c4533653a5dca26006e516,21074,trial
3851,good,54,,none,party,Higher degree,😊,190974,1774622478535,1774622287561,male,7,7,4,true,english,60536d640af90db5d51d4102,69c6964969fb17ebf8ff615f,69c4533653a5dca26006e516,8797,trial
3852,terrible,30,,,cookie,Graduated College,null,104765,1774622491932,1774622387167,female,3,5,1,true,english,5c43b8f45aca820001f73cee,69c696add9d9196a7218f8cd,69c4533653a5dca26006e516,12505,trial
3852,amazing,30,,,coffee,Graduated College,null,104765,1774622491932,1774622387167,female,6,6,5,true,english,5c43b8f45aca820001f73cee,69c696add9d9196a7218f8cd,69c4533653a5dca26006e516,7273,trial
3852,good,30,,,cookie,Graduated College,🙂,104765,1774622491932,1774622387167,female,8,8,4,true,english,5c43b8f45aca820001f73cee,69c696add9d9196a7218f8cd,69c4533653a5dca26006e516,5836,trial
3852,okay,30,4,,coffee,Graduated College,😔,104765,1774622491932,1774622387167,female,null,null,4,true,english,5c43b8f45aca820001f73cee,69c696add9d9196a7218f8cd,69c4533653a5dca26006e516,3648,attention
3852,good,30,,,restaurant meal,Graduated College,null,104765,1774622491932,1774622387167,female,5,5,4,true,english,5c43b8f45aca820001f73cee,69c696add9d9196a7218f8cd,69c4533653a5dca26006e516,10212,trial
3852,okay,30,,,movie,Graduated College,null,104765,1774622491932,1774622387167,female,5,5,3,true,english,5c43b8f45aca820001f73cee,69c696add9d9196a7218f8cd,69c4533653a5dca26006e516,6664,trial
3852,terrible,30,,,pizza,Graduated College,☹️,104765,1774622491932,1774622387167,female,7,5,1,true,english,5c43b8f45aca820001f73cee,69c696add9d9196a7218f8cd,69c4533653a5dca26006e516,5518,trial
3852,terrible,30,5,,movie,Graduated College,☹️,104765,1774622491932,1774622387167,female,null,null,5,true,english,5c43b8f45aca820001f73cee,69c696add9d9196a7218f8cd,69c4533653a5dca26006e516,2831,attention
3852,bad,30,,,cookie,Graduated College,😩,104765,1774622491932,1774622387167,female,9,5,1,true,english,5c43b8f45aca820001f73cee,69c696add9d9196a7218f8cd,69c4533653a5dca26006e516,13197,trial
3852,okay,30,,,movie,Graduated College,😗,104765,1774622491932,1774622387167,female,5,5,3,true,english,5c43b8f45aca820001f73cee,69c696add9d9196a7218f8cd,69c4533653a5dca26006e516,4628,trial
3852,amazing,30,,,restaurant meal,Graduated College,😀,104765,1774622491932,1774622387167,female,9,9,5,true,english,5c43b8f45aca820001f73cee,69c696add9d9196a7218f8cd,69c4533653a5dca26006e516,6914,trial
3852,bad,30,,,movie,Graduated College,null,104765,1774622491932,1774622387167,female,4,4,2,true,english,5c43b8f45aca820001f73cee,69c696add9d9196a7218f8cd,69c4533653a5dca26006e516,4244,trial
3853,terrible,34,,,concert,Higher degree,😩,200738,1774622503618,1774622302881,female,7,2,1,true,English,6776a0c43e29f81f1d048d18,69c696589b1bad6ad8960d12,69c4533653a5dca26006e516,23949,trial
3853,okay,34,,,restaurant meal,Higher degree,null,200738,1774622503618,1774622302881,female,2,6,3,true,English,6776a0c43e29f81f1d048d18,69c696589b1bad6ad8960d12,69c4533653a5dca26006e516,17867,trial
3853,good,34,,,party,Higher degree,null,200738,1774622503618,1774622302881,female,4,4,5,true,English,6776a0c43e29f81f1d048d18,69c696589b1bad6ad8960d12,69c4533653a5dca26006e516,15983,trial
3853,bad,34,2,,pizza,Higher degree,☹️,200738,1774622503618,1774622302881,female,null,null,2,true,English,6776a0c43e29f81f1d048d18,69c696589b1bad6ad8960d12,69c4533653a5dca26006e516,4517,attention
3853,bad,34,,,coffee,Higher degree,😔,200738,1774622503618,1774622302881,female,7,6,1,true,English,6776a0c43e29f81f1d048d18,69c696589b1bad6ad8960d12,69c4533653a5dca26006e516,18831,trial
3853,good,34,,,restaurant meal,Higher degree,😊,200738,1774622503618,1774622302881,female,7,7,5,true,English,6776a0c43e29f81f1d048d18,69c696589b1bad6ad8960d12,69c4533653a5dca26006e516,10484,trial
3853,terrible,34,,,cookie,Higher degree,null,200738,1774622503618,1774622302881,female,2,4,2,true,English,6776a0c43e29f81f1d048d18,69c696589b1bad6ad8960d12,69c4533653a5dca26006e516,13449,trial
3853,amazing,34,3,,cookie,Higher degree,😀,200738,1774622503618,1774622302881,female,null,null,3,true,English,6776a0c43e29f81f1d048d18,69c696589b1bad6ad8960d12,69c4533653a5dca26006e516,3933,attention
3853,amazing,34,,,party,Higher degree,null,200738,1774622503618,1774622302881,female,7,8,5,true,English,6776a0c43e29f81f1d048d18,69c696589b1bad6ad8960d12,69c4533653a5dca26006e516,8550,trial
3853,okay,34,,,movie,Higher degree,😐,200738,1774622503618,1774622302881,female,2,2,3,true,English,6776a0c43e29f81f1d048d18,69c696589b1bad6ad8960d12,69c4533653a5dca26006e516,13239,trial
3853,bad,34,,,movie,Higher degree,null,200738,1774622503618,1774622302881,female,6,6,1,true,English,6776a0c43e29f81f1d048d18,69c696589b1bad6ad8960d12,69c4533653a5dca26006e516,18177,trial
3853,amazing,34,,,restaurant meal,Higher degree,😆,200738,1774622503618,1774622302881,female,8,8,5,true,English,6776a0c43e29f81f1d048d18,69c696589b1bad6ad8960d12,69c4533653a5dca26006e516,9083,trial
3854,amazing,37,,It felt like when there was an emoji present or the description of experience was exaggerated (i.e. terrible vs. bad) it showed their feelings more.,concert,Higher degree,null,247077,1774622530454,1774622283377,female,5,9,5,true,English,69136c2522ccf9ab11e25758,69c69643049a91114bfe6dc0,69c4533653a5dca26006e516,24486,trial
3854,terrible,37,,It felt like when there was an emoji present or the description of experience was exaggerated (i.e. terrible vs. bad) it showed their feelings more.,cookie,Higher degree,😩,247077,1774622530454,1774622283377,female,8,9,1,true,English,69136c2522ccf9ab11e25758,69c69643049a91114bfe6dc0,69c4533653a5dca26006e516,25226,trial
3854,bad,37,,It felt like when there was an emoji present or the description of experience was exaggerated (i.e. terrible vs. bad) it showed their feelings more.,coffee,Higher degree,null,247077,1774622530454,1774622283377,female,1,8,2,true,English,69136c2522ccf9ab11e25758,69c69643049a91114bfe6dc0,69c4533653a5dca26006e516,15898,trial
3854,amazing,37,2,It felt like when there was an emoji present or the description of experience was exaggerated (i.e. terrible vs. bad) it showed their feelings more.,cookie,Higher degree,🙁,247077,1774622530454,1774622283377,female,null,null,2,true,English,69136c2522ccf9ab11e25758,69c69643049a91114bfe6dc0,69c4533653a5dca26006e516,12096,attention
3854,good,37,,It felt like when there was an emoji present or the description of experience was exaggerated (i.e. terrible vs. bad) it showed their feelings more.,concert,Higher degree,😆,247077,1774622530454,1774622283377,female,9,6,4,true,English,69136c2522ccf9ab11e25758,69c69643049a91114bfe6dc0,69c4533653a5dca26006e516,16151,trial
3854,amazing,37,,It felt like when there was an emoji present or the description of experience was exaggerated (i.e. terrible vs. bad) it showed their feelings more.,pizza,Higher degree,😆,247077,1774622530454,1774622283377,female,9,9,5,true,English,69136c2522ccf9ab11e25758,69c69643049a91114bfe6dc0,69c4533653a5dca26006e516,10573,trial
3854,bad,37,,It felt like when there was an emoji present or the description of experience was exaggerated (i.e. terrible vs. bad) it showed their feelings more.,pizza,Higher degree,☹️,247077,1774622530454,1774622283377,female,9,9,1,true,English,69136c2522ccf9ab11e25758,69c69643049a91114bfe6dc0,69c4533653a5dca26006e516,13616,trial
3854,good,37,3,It felt like when there was an emoji present or the description of experience was exaggerated (i.e. terrible vs. bad) it showed their feelings more.,cookie,Higher degree,😗,247077,1774622530454,1774622283377,female,null,null,3,true,English,69136c2522ccf9ab11e25758,69c69643049a91114bfe6dc0,69c4533653a5dca26006e516,4250,attention
3854,good,37,,It felt like when there was an emoji present or the description of experience was exaggerated (i.e. terrible vs. bad) it showed their feelings more.,pizza,Higher degree,null,247077,1774622530454,1774622283377,female,1,8,4,true,English,69136c2522ccf9ab11e25758,69c69643049a91114bfe6dc0,69c4533653a5dca26006e516,8842,trial
3854,okay,37,,It felt like when there was an emoji present or the description of experience was exaggerated (i.e. terrible vs. bad) it showed their feelings more.,movie,Higher degree,null,247077,1774622530454,1774622283377,female,2,8,3,true,English,69136c2522ccf9ab11e25758,69c69643049a91114bfe6dc0,69c4533653a5dca26006e516,12913,trial
3854,terrible,37,,It felt like when there was an emoji present or the description of experience was exaggerated (i.e. terrible vs. bad) it showed their feelings more.,coffee,Higher degree,null,247077,1774622530454,1774622283377,female,1,9,1,true,English,69136c2522ccf9ab11e25758,69c69643049a91114bfe6dc0,69c4533653a5dca26006e516,15839,trial
3854,okay,37,,It felt like when there was an emoji present or the description of experience was exaggerated (i.e. terrible vs. bad) it showed their feelings more.,coffee,Higher degree,😗,247077,1774622530454,1774622283377,female,9,8,3,true,English,69136c2522ccf9ab11e25758,69c69643049a91114bfe6dc0,69c4533653a5dca26006e516,12328,trial
3855,bad,69,,,restaurant meal,Graduated High-school,null,203731,1774622554831,1774622351100,female,5,9,2,true,english,6412fe162863d9871d64ac53,69c6968667924e1f1e0d3f69,69c4533653a5dca26006e516,30217,trial
3855,okay,69,,,pizza,Graduated High-school,😗,203731,1774622554831,1774622351100,female,5,6,3,true,english,6412fe162863d9871d64ac53,69c6968667924e1f1e0d3f69,69c4533653a5dca26006e516,21969,trial
3855,terrible,69,,,pizza,Graduated High-school,null,203731,1774622554831,1774622351100,female,9,9,1,true,english,6412fe162863d9871d64ac53,69c6968667924e1f1e0d3f69,69c4533653a5dca26006e516,11550,trial
3855,terrible,69,3,,pizza,Graduated High-school,😐,203731,1774622554831,1774622351100,female,null,null,3,true,english,6412fe162863d9871d64ac53,69c6968667924e1f1e0d3f69,69c4533653a5dca26006e516,4064,attention
3855,amazing,69,,,restaurant meal,Graduated High-school,🙂,203731,1774622554831,1774622351100,female,9,9,5,true,english,6412fe162863d9871d64ac53,69c6968667924e1f1e0d3f69,69c4533653a5dca26006e516,11727,trial
3855,amazing,69,,,concert,Graduated High-school,null,203731,1774622554831,1774622351100,female,9,9,5,true,english,6412fe162863d9871d64ac53,69c6968667924e1f1e0d3f69,69c4533653a5dca26006e516,5389,trial
3855,okay,69,,,movie,Graduated High-school,null,203731,1774622554831,1774622351100,female,6,6,3,true,english,6412fe162863d9871d64ac53,69c6968667924e1f1e0d3f69,69c4533653a5dca26006e516,13208,trial
3855,okay,69,2,,pizza,Graduated High-school,😊,203731,1774622554831,1774622351100,female,null,null,2,true,english,6412fe162863d9871d64ac53,69c6968667924e1f1e0d3f69,69c4533653a5dca26006e516,4972,attention
3855,bad,69,,,party,Graduated High-school,😠,203731,1774622554831,1774622351100,female,8,8,5,true,english,6412fe162863d9871d64ac53,69c6968667924e1f1e0d3f69,69c4533653a5dca26006e516,13276,trial
3855,good,69,,,coffee,Graduated High-school,🙂,203731,1774622554831,1774622351100,female,7,7,4,true,english,6412fe162863d9871d64ac53,69c6968667924e1f1e0d3f69,69c4533653a5dca26006e516,10280,trial
3855,terrible,69,,,coffee,Graduated High-school,😠,203731,1774622554831,1774622351100,female,9,9,1,true,english,6412fe162863d9871d64ac53,69c6968667924e1f1e0d3f69,69c4533653a5dca26006e516,10320,trial
3855,good,69,,,movie,Graduated High-school,null,203731,1774622554831,1774622351100,female,7,8,4,true,english,6412fe162863d9871d64ac53,69c6968667924e1f1e0d3f69,69c4533653a5dca26006e516,9580,trial
3856,amazing,38,,,pizza,Graduated College,null,276873,1774622667230,1774622390357,male,9,9,5,true,english,6637e6d382d221675254185b,69c696b000c14c55e6c1e875,69c4533653a5dca26006e516,14413,trial
3856,terrible,38,,,pizza,Graduated College,😔,276873,1774622667230,1774622390357,male,9,1,1,true,english,6637e6d382d221675254185b,69c696b000c14c55e6c1e875,69c4533653a5dca26006e516,114356,trial
3856,okay,38,,,cookie,Graduated College,😐,276873,1774622667230,1774622390357,male,5,5,3,true,english,6637e6d382d221675254185b,69c696b000c14c55e6c1e875,69c4533653a5dca26006e516,8372,trial
3856,amazing,38,1,,party,Graduated College,🙂,276873,1774622667230,1774622390357,male,null,null,1,true,english,6637e6d382d221675254185b,69c696b000c14c55e6c1e875,69c4533653a5dca26006e516,5316,attention
3856,okay,38,,,restaurant meal,Graduated College,null,276873,1774622667230,1774622390357,male,5,5,3,true,english,6637e6d382d221675254185b,69c696b000c14c55e6c1e875,69c4533653a5dca26006e516,5045,trial
3856,amazing,38,,,restaurant meal,Graduated College,🙂,276873,1774622667230,1774622390357,male,9,9,5,true,english,6637e6d382d221675254185b,69c696b000c14c55e6c1e875,69c4533653a5dca26006e516,5706,trial
3856,bad,38,,,party,Graduated College,null,276873,1774622667230,1774622390357,male,3,2,2,true,english,6637e6d382d221675254185b,69c696b000c14c55e6c1e875,69c4533653a5dca26006e516,5530,trial
3856,amazing,38,5,,movie,Graduated College,😗,276873,1774622667230,1774622390357,male,null,null,5,true,english,6637e6d382d221675254185b,69c696b000c14c55e6c1e875,69c4533653a5dca26006e516,5849,attention
3856,good,38,,,cookie,Graduated College,null,276873,1774622667230,1774622390357,male,5,5,4,true,english,6637e6d382d221675254185b,69c696b000c14c55e6c1e875,69c4533653a5dca26006e516,33974,trial
3856,bad,38,,,movie,Graduated College,🙁,276873,1774622667230,1774622390357,male,6,1,1,true,english,6637e6d382d221675254185b,69c696b000c14c55e6c1e875,69c4533653a5dca26006e516,10031,trial
3856,good,38,,,coffee,Graduated College,😆,276873,1774622667230,1774622390357,male,9,8,4,true,english,6637e6d382d221675254185b,69c696b000c14c55e6c1e875,69c4533653a5dca26006e516,8276,trial
3856,terrible,38,,,coffee,Graduated College,null,276873,1774622667230,1774622390357,male,7,1,1,true,english,6637e6d382d221675254185b,69c696b000c14c55e6c1e875,69c4533653a5dca26006e516,10038,trial
3857,good,34,,n/a,coffee,Graduated College,null,263697,1774622747930,1774622484233,female,7,7,4,true,English,6643a03cae7b7a08b496f4f3,69c6970dae6abc32dd26d553,69c4533653a5dca26006e516,14304,trial
3857,bad,34,,n/a,party,Graduated College,😠,263697,1774622747930,1774622484233,female,8,8,1,true,English,6643a03cae7b7a08b496f4f3,69c6970dae6abc32dd26d553,69c4533653a5dca26006e516,17448,trial
3857,okay,34,,n/a,pizza,Graduated College,😐,263697,1774622747930,1774622484233,female,3,3,3,true,English,6643a03cae7b7a08b496f4f3,69c6970dae6abc32dd26d553,69c4533653a5dca26006e516,10432,trial
3857,bad,34,3,n/a,party,Graduated College,😠,263697,1774622747930,1774622484233,female,null,null,3,true,English,6643a03cae7b7a08b496f4f3,69c6970dae6abc32dd26d553,69c4533653a5dca26006e516,6112,attention
3857,amazing,34,,n/a,concert,Graduated College,😆,263697,1774622747930,1774622484233,female,9,9,5,true,English,6643a03cae7b7a08b496f4f3,69c6970dae6abc32dd26d553,69c4533653a5dca26006e516,11512,trial
3857,terrible,34,,n/a,coffee,Graduated College,☹️,263697,1774622747930,1774622484233,female,8,8,1,true,English,6643a03cae7b7a08b496f4f3,69c6970dae6abc32dd26d553,69c4533653a5dca26006e516,13823,trial
3857,amazing,34,,n/a,movie,Graduated College,null,263697,1774622747930,1774622484233,female,6,6,4,true,English,6643a03cae7b7a08b496f4f3,69c6970dae6abc32dd26d553,69c4533653a5dca26006e516,8336,trial
3857,good,34,2,n/a,party,Graduated College,☺️,263697,1774622747930,1774622484233,female,null,null,2,true,English,6643a03cae7b7a08b496f4f3,69c6970dae6abc32dd26d553,69c4533653a5dca26006e516,4288,attention
3857,bad,34,,n/a,concert,Graduated College,null,263697,1774622747930,1774622484233,female,6,6,1,true,English,6643a03cae7b7a08b496f4f3,69c6970dae6abc32dd26d553,69c4533653a5dca26006e516,6911,trial
3857,terrible,34,,n/a,movie,Graduated College,null,263697,1774622747930,1774622484233,female,6,6,1,true,English,6643a03cae7b7a08b496f4f3,69c6970dae6abc32dd26d553,69c4533653a5dca26006e516,9624,trial
3857,okay,34,,n/a,coffee,Graduated College,null,263697,1774622747930,1774622484233,female,3,3,3,true,English,6643a03cae7b7a08b496f4f3,69c6970dae6abc32dd26d553,69c4533653a5dca26006e516,6951,trial
3857,good,34,,n/a,concert,Graduated College,😆,263697,1774622747930,1774622484233,female,8,8,5,true,English,6643a03cae7b7a08b496f4f3,69c6970dae6abc32dd26d553,69c4533653a5dca26006e516,6841,trial
3858,terrible,28,,"No comments, thank you",party,Graduated College,🙁,252610,1774622775031,1774622522421,female,8,2,1,true,English,69b058973861d690b4158d9e,69c6973183231f139296f21a,69c4533653a5dca26006e516,22129,trial
3858,okay,28,,"No comments, thank you",coffee,Graduated College,😐,252610,1774622775031,1774622522421,female,3,3,3,true,English,69b058973861d690b4158d9e,69c6973183231f139296f21a,69c4533653a5dca26006e516,23130,trial
3858,bad,28,,"No comments, thank you",concert,Graduated College,null,252610,1774622775031,1774622522421,female,8,2,1,true,English,69b058973861d690b4158d9e,69c6973183231f139296f21a,69c4533653a5dca26006e516,18694,trial
3858,amazing,28,4,"No comments, thank you",concert,Graduated College,🙂,252610,1774622775031,1774622522421,female,null,null,4,true,English,69b058973861d690b4158d9e,69c6973183231f139296f21a,69c4533653a5dca26006e516,8846,attention
3858,good,28,,"No comments, thank you",party,Graduated College,null,252610,1774622775031,1774622522421,female,3,4,3,true,English,69b058973861d690b4158d9e,69c6973183231f139296f21a,69c4533653a5dca26006e516,17846,trial
3858,terrible,28,,"No comments, thank you",party,Graduated College,null,252610,1774622775031,1774622522421,female,6,2,1,true,English,69b058973861d690b4158d9e,69c6973183231f139296f21a,69c4533653a5dca26006e516,25042,trial
3858,amazing,28,,"No comments, thank you",cookie,Graduated College,😊,252610,1774622775031,1774622522421,female,9,8,5,true,English,69b058973861d690b4158d9e,69c6973183231f139296f21a,69c4533653a5dca26006e516,15319,trial
3858,terrible,28,3,"No comments, thank you",cookie,Graduated College,😆,252610,1774622775031,1774622522421,female,null,null,3,true,English,69b058973861d690b4158d9e,69c6973183231f139296f21a,69c4533653a5dca26006e516,9741,attention
3858,okay,28,,"No comments, thank you",restaurant meal,Graduated College,null,252610,1774622775031,1774622522421,female,3,2,2,true,English,69b058973861d690b4158d9e,69c6973183231f139296f21a,69c4533653a5dca26006e516,16777,trial
3858,bad,28,,"No comments, thank you",coffee,Graduated College,😔,252610,1774622775031,1774622522421,female,6,2,1,true,English,69b058973861d690b4158d9e,69c6973183231f139296f21a,69c4533653a5dca26006e516,13759,trial
3858,good,28,,"No comments, thank you",restaurant meal,Graduated College,🙂,252610,1774622775031,1774622522421,female,7,7,4,true,English,69b058973861d690b4158d9e,69c6973183231f139296f21a,69c4533653a5dca26006e516,13029,trial
3858,amazing,28,,"No comments, thank you",party,Graduated College,null,252610,1774622775031,1774622522421,female,4,6,3,true,English,69b058973861d690b4158d9e,69c6973183231f139296f21a,69c4533653a5dca26006e516,16437,trial
3859,bad,20,,Nope,concert,Graduated College,null,591769,1774622796293,1774622204524,male,8,2,2,true,English,67448b834d264c04298f4f34,69c695be4fdec0171da3c5f9,69c4533653a5dca26006e516,144972,trial
3859,okay,20,,Nope,party,Graduated College,😗,591769,1774622796293,1774622204524,male,6,4,3,true,English,67448b834d264c04298f4f34,69c695be4fdec0171da3c5f9,69c4533653a5dca26006e516,56330,trial
3859,okay,20,,Nope,party,Graduated College,null,591769,1774622796293,1774622204524,male,2,4,3,true,English,67448b834d264c04298f4f34,69c695be4fdec0171da3c5f9,69c4533653a5dca26006e516,30758,trial
3859,okay,20,5,Nope,movie,Graduated College,😩,591769,1774622796293,1774622204524,male,null,null,5,true,English,67448b834d264c04298f4f34,69c695be4fdec0171da3c5f9,69c4533653a5dca26006e516,33746,attention
3859,bad,20,,Nope,concert,Graduated College,😩,591769,1774622796293,1774622204524,male,7,2,1,true,English,67448b834d264c04298f4f34,69c695be4fdec0171da3c5f9,69c4533653a5dca26006e516,21830,trial
3859,amazing,20,,Nope,movie,Graduated College,null,591769,1774622796293,1774622204524,male,8,7,4,true,English,67448b834d264c04298f4f34,69c695be4fdec0171da3c5f9,69c4533653a5dca26006e516,25826,trial
3859,amazing,20,,Nope,coffee,Graduated College,😊,591769,1774622796293,1774622204524,male,8,7,4,true,English,67448b834d264c04298f4f34,69c695be4fdec0171da3c5f9,69c4533653a5dca26006e516,35220,trial
3859,good,20,4,Nope,concert,Graduated College,😀,591769,1774622796293,1774622204524,male,null,null,4,true,English,67448b834d264c04298f4f34,69c695be4fdec0171da3c5f9,69c4533653a5dca26006e516,13298,attention
3859,terrible,20,,Nope,concert,Graduated College,☹️,591769,1774622796293,1774622204524,male,9,2,1,true,English,67448b834d264c04298f4f34,69c695be4fdec0171da3c5f9,69c4533653a5dca26006e516,23620,trial
3859,good,20,,Nope,concert,Graduated College,😆,591769,1774622796293,1774622204524,male,9,7,4,true,English,67448b834d264c04298f4f34,69c695be4fdec0171da3c5f9,69c4533653a5dca26006e516,27308,trial
3859,terrible,20,,Nope,pizza,Graduated College,null,591769,1774622796293,1774622204524,male,7,1,1,true,English,67448b834d264c04298f4f34,69c695be4fdec0171da3c5f9,69c4533653a5dca26006e516,14412,trial
3859,good,20,,Nope,coffee,Graduated College,null,591769,1774622796293,1774622204524,male,7,7,4,true,English,67448b834d264c04298f4f34,69c695be4fdec0171da3c5f9,69c4533653a5dca26006e516,14798,trial
3860,okay,57,,,restaurant meal,Graduated College,null,285747,1774622805272,1774622519525,female,2,2,1,true,British,5ea2cf6f2888de038404188d,69c697301357e789337c9041,69c4533653a5dca26006e516,34326,trial
3860,amazing,57,,,pizza,Graduated College,null,285747,1774622805272,1774622519525,female,9,9,5,true,British,5ea2cf6f2888de038404188d,69c697301357e789337c9041,69c4533653a5dca26006e516,17002,trial
3860,good,57,,,restaurant meal,Graduated College,null,285747,1774622805272,1774622519525,female,6,7,4,true,British,5ea2cf6f2888de038404188d,69c697301357e789337c9041,69c4533653a5dca26006e516,29302,trial
3860,okay,57,3,,coffee,Graduated College,😠,285747,1774622805272,1774622519525,female,null,null,3,true,British,5ea2cf6f2888de038404188d,69c697301357e789337c9041,69c4533653a5dca26006e516,13384,attention
3860,terrible,57,,,movie,Graduated College,☹️,285747,1774622805272,1774622519525,female,4,3,1,true,British,5ea2cf6f2888de038404188d,69c697301357e789337c9041,69c4533653a5dca26006e516,24460,trial
3860,terrible,57,,,movie,Graduated College,null,285747,1774622805272,1774622519525,female,4,3,1,true,British,5ea2cf6f2888de038404188d,69c697301357e789337c9041,69c4533653a5dca26006e516,20800,trial
3860,okay,57,,,coffee,Graduated College,😗,285747,1774622805272,1774622519525,female,7,3,2,true,British,5ea2cf6f2888de038404188d,69c697301357e789337c9041,69c4533653a5dca26006e516,30329,trial
3860,good,57,5,,movie,Graduated College,😀,285747,1774622805272,1774622519525,female,null,null,5,true,British,5ea2cf6f2888de038404188d,69c697301357e789337c9041,69c4533653a5dca26006e516,5376,attention
3860,amazing,57,,,movie,Graduated College,😊,285747,1774622805272,1774622519525,female,9,9,5,true,British,5ea2cf6f2888de038404188d,69c697301357e789337c9041,69c4533653a5dca26006e516,12890,trial
3860,bad,57,,,cookie,Graduated College,☹️,285747,1774622805272,1774622519525,female,9,8,1,true,British,5ea2cf6f2888de038404188d,69c697301357e789337c9041,69c4533653a5dca26006e516,15403,trial
3860,good,57,,,pizza,Graduated College,😊,285747,1774622805272,1774622519525,female,9,9,5,true,British,5ea2cf6f2888de038404188d,69c697301357e789337c9041,69c4533653a5dca26006e516,12668,trial
3860,bad,57,,,concert,Graduated College,null,285747,1774622805272,1774622519525,female,2,3,1,true,British,5ea2cf6f2888de038404188d,69c697301357e789337c9041,69c4533653a5dca26006e516,18854,trial
3861,okay,36,,,coffee,Graduated College,😐,133747,1774622808428,1774622674681,male,7,5,3,true,English,5dcfaad2dd9a740c2493fc28,69c697a8a38570c47236a1b0,69c4533653a5dca26006e516,14352,trial
3861,okay,36,,,restaurant meal,Graduated College,null,133747,1774622808428,1774622674681,male,4,3,3,true,English,5dcfaad2dd9a740c2493fc28,69c697a8a38570c47236a1b0,69c4533653a5dca26006e516,9974,trial
3861,bad,36,,,concert,Graduated College,null,133747,1774622808428,1774622674681,male,6,2,1,true,English,5dcfaad2dd9a740c2493fc28,69c697a8a38570c47236a1b0,69c4533653a5dca26006e516,14826,trial
3861,terrible,36,1,,party,Graduated College,😗,133747,1774622808428,1774622674681,male,null,null,1,true,English,5dcfaad2dd9a740c2493fc28,69c697a8a38570c47236a1b0,69c4533653a5dca26006e516,3559,attention
3861,amazing,36,,,party,Graduated College,😊,133747,1774622808428,1774622674681,male,9,9,5,true,English,5dcfaad2dd9a740c2493fc28,69c697a8a38570c47236a1b0,69c4533653a5dca26006e516,5153,trial
3861,terrible,36,,,cookie,Graduated College,null,133747,1774622808428,1774622674681,male,7,1,1,true,English,5dcfaad2dd9a740c2493fc28,69c697a8a38570c47236a1b0,69c4533653a5dca26006e516,7086,trial
3861,good,36,,,cookie,Graduated College,null,133747,1774622808428,1774622674681,male,6,7,4,true,English,5dcfaad2dd9a740c2493fc28,69c697a8a38570c47236a1b0,69c4533653a5dca26006e516,8768,trial
3861,good,36,1,,restaurant meal,Graduated College,😊,133747,1774622808428,1774622674681,male,null,null,1,true,English,5dcfaad2dd9a740c2493fc28,69c697a8a38570c47236a1b0,69c4533653a5dca26006e516,3048,attention
3861,bad,36,,,concert,Graduated College,😠,133747,1774622808428,1774622674681,male,9,1,1,true,English,5dcfaad2dd9a740c2493fc28,69c697a8a38570c47236a1b0,69c4533653a5dca26006e516,7114,trial
3861,amazing,36,,,coffee,Graduated College,null,133747,1774622808428,1774622674681,male,9,9,5,true,English,5dcfaad2dd9a740c2493fc28,69c697a8a38570c47236a1b0,69c4533653a5dca26006e516,4463,trial
3861,good,36,,,restaurant meal,Graduated College,🙂,133747,1774622808428,1774622674681,male,8,8,4,true,English,5dcfaad2dd9a740c2493fc28,69c697a8a38570c47236a1b0,69c4533653a5dca26006e516,5264,trial
3861,terrible,36,,,pizza,Graduated College,😩,133747,1774622808428,1774622674681,male,9,1,1,true,English,5dcfaad2dd9a740c2493fc28,69c697a8a38570c47236a1b0,69c4533653a5dca26006e516,6847,trial
3862,okay,27,,,movie,Graduated College,null,168497,1774622813114,1774622644617,female,4,5,3,true,english,69864918d688ba39aab5c4a9,69c697ab73bbdd3c10effbfe,69c4533653a5dca26006e516,21014,trial
3862,bad,27,,,coffee,Graduated College,null,168497,1774622813114,1774622644617,female,1,1,1,true,english,69864918d688ba39aab5c4a9,69c697ab73bbdd3c10effbfe,69c4533653a5dca26006e516,15416,trial
3862,amazing,27,,,restaurant meal,Graduated College,null,168497,1774622813114,1774622644617,female,9,9,5,true,english,69864918d688ba39aab5c4a9,69c697ab73bbdd3c10effbfe,69c4533653a5dca26006e516,9599,trial
3862,amazing,27,5,,restaurant meal,Graduated College,☹️,168497,1774622813114,1774622644617,female,null,null,5,true,english,69864918d688ba39aab5c4a9,69c697ab73bbdd3c10effbfe,69c4533653a5dca26006e516,11520,attention
3862,okay,27,,,cookie,Graduated College,😗,168497,1774622813114,1774622644617,female,5,5,3,true,english,69864918d688ba39aab5c4a9,69c697ab73bbdd3c10effbfe,69c4533653a5dca26006e516,16914,trial
3862,bad,27,,,cookie,Graduated College,😔,168497,1774622813114,1774622644617,female,7,5,1,true,english,69864918d688ba39aab5c4a9,69c697ab73bbdd3c10effbfe,69c4533653a5dca26006e516,9091,trial
3862,good,27,,,movie,Graduated College,🙂,168497,1774622813114,1774622644617,female,7,7,4,true,english,69864918d688ba39aab5c4a9,69c697ab73bbdd3c10effbfe,69c4533653a5dca26006e516,6833,trial
3862,good,27,2,,party,Graduated College,🙁,168497,1774622813114,1774622644617,female,null,null,2,true,english,69864918d688ba39aab5c4a9,69c697ab73bbdd3c10effbfe,69c4533653a5dca26006e516,5655,attention
3862,terrible,27,,,pizza,Graduated College,😔,168497,1774622813114,1774622644617,female,8,4,1,true,english,69864918d688ba39aab5c4a9,69c697ab73bbdd3c10effbfe,69c4533653a5dca26006e516,10636,trial
3862,amazing,27,,,restaurant meal,Graduated College,🙂,168497,1774622813114,1774622644617,female,8,8,5,true,english,69864918d688ba39aab5c4a9,69c697ab73bbdd3c10effbfe,69c4533653a5dca26006e516,5333,trial
3862,terrible,27,,,movie,Graduated College,null,168497,1774622813114,1774622644617,female,3,4,1,true,english,69864918d688ba39aab5c4a9,69c697ab73bbdd3c10effbfe,69c4533653a5dca26006e516,6519,trial
3862,good,27,,,pizza,Graduated College,null,168497,1774622813114,1774622644617,female,4,6,4,true,english,69864918d688ba39aab5c4a9,69c697ab73bbdd3c10effbfe,69c4533653a5dca26006e516,16201,trial
3863,okay,29,,,pizza,Higher degree,null,535165,1774622813324,1774622278159,male,4,6,3,true,,6061711f6ef8e3b652861dbf,69c69637fad9132e84201625,69c4533653a5dca26006e516,188927,trial
3863,bad,29,,,concert,Higher degree,🙁,535165,1774622813324,1774622278159,male,2,3,1,true,,6061711f6ef8e3b652861dbf,69c69637fad9132e84201625,69c4533653a5dca26006e516,22893,trial
3863,amazing,29,,,pizza,Higher degree,null,535165,1774622813324,1774622278159,male,8,8,3,true,,6061711f6ef8e3b652861dbf,69c69637fad9132e84201625,69c4533653a5dca26006e516,84937,trial
3863,good,29,2,,movie,Higher degree,😗,535165,1774622813324,1774622278159,male,null,null,2,true,,6061711f6ef8e3b652861dbf,69c69637fad9132e84201625,69c4533653a5dca26006e516,5707,attention
3863,terrible,29,,,cookie,Higher degree,null,535165,1774622813324,1774622278159,male,7,8,1,true,,6061711f6ef8e3b652861dbf,69c69637fad9132e84201625,69c4533653a5dca26006e516,19532,trial
3863,good,29,,,restaurant meal,Higher degree,null,535165,1774622813324,1774622278159,male,6,6,3,true,,6061711f6ef8e3b652861dbf,69c69637fad9132e84201625,69c4533653a5dca26006e516,6367,trial
3863,bad,29,,,restaurant meal,Higher degree,null,535165,1774622813324,1774622278159,male,7,6,2,true,,6061711f6ef8e3b652861dbf,69c69637fad9132e84201625,69c4533653a5dca26006e516,32582,trial
3863,okay,29,2,,movie,Higher degree,😔,535165,1774622813324,1774622278159,male,null,null,2,true,,6061711f6ef8e3b652861dbf,69c69637fad9132e84201625,69c4533653a5dca26006e516,35680,attention
3863,terrible,29,,,concert,Higher degree,😠,535165,1774622813324,1774622278159,male,6,6,1,true,,6061711f6ef8e3b652861dbf,69c69637fad9132e84201625,69c4533653a5dca26006e516,8201,trial
3863,amazing,29,,,party,Higher degree,😆,535165,1774622813324,1774622278159,male,6,6,3,true,,6061711f6ef8e3b652861dbf,69c69637fad9132e84201625,69c4533653a5dca26006e516,38863,trial
3863,good,29,,,party,Higher degree,😆,535165,1774622813324,1774622278159,male,9,9,4,true,,6061711f6ef8e3b652861dbf,69c69637fad9132e84201625,69c4533653a5dca26006e516,24013,trial
3863,okay,29,,,concert,Higher degree,😗,535165,1774622813324,1774622278159,male,7,6,3,true,,6061711f6ef8e3b652861dbf,69c69637fad9132e84201625,69c4533653a5dca26006e516,24482,trial
3864,amazing,38,,,concert,Graduated College,😆,449945,1774622864344,1774622414399,female,9,9,5,true,English,56a8bb427f2472000b9522f6,69c696c1d68c7069c5acbff7,69c4533653a5dca26006e516,25962,trial
3864,okay,38,,,cookie,Graduated College,😗,449945,1774622864344,1774622414399,female,7,7,1,true,English,56a8bb427f2472000b9522f6,69c696c1d68c7069c5acbff7,69c4533653a5dca26006e516,26722,trial
3864,okay,38,,,pizza,Graduated College,null,449945,1774622864344,1774622414399,female,4,4,3,true,English,56a8bb427f2472000b9522f6,69c696c1d68c7069c5acbff7,69c4533653a5dca26006e516,19432,trial
3864,okay,38,3,,cookie,Graduated College,☺️,449945,1774622864344,1774622414399,female,null,null,3,true,English,56a8bb427f2472000b9522f6,69c696c1d68c7069c5acbff7,69c4533653a5dca26006e516,7919,attention
3864,good,38,,,party,Graduated College,null,449945,1774622864344,1774622414399,female,7,7,4,true,English,56a8bb427f2472000b9522f6,69c696c1d68c7069c5acbff7,69c4533653a5dca26006e516,10163,trial
3864,terrible,38,,,concert,Graduated College,☹️,449945,1774622864344,1774622414399,female,8,8,1,true,English,56a8bb427f2472000b9522f6,69c696c1d68c7069c5acbff7,69c4533653a5dca26006e516,13622,trial
3864,bad,38,,,restaurant meal,Graduated College,null,449945,1774622864344,1774622414399,female,6,6,1,true,English,56a8bb427f2472000b9522f6,69c696c1d68c7069c5acbff7,69c4533653a5dca26006e516,7596,trial
3864,good,38,1,,coffee,Graduated College,🙂,449945,1774622864344,1774622414399,female,null,null,1,true,English,56a8bb427f2472000b9522f6,69c696c1d68c7069c5acbff7,69c4533653a5dca26006e516,4717,attention
3864,amazing,38,,,party,Graduated College,null,449945,1774622864344,1774622414399,female,8,8,5,true,English,56a8bb427f2472000b9522f6,69c696c1d68c7069c5acbff7,69c4533653a5dca26006e516,15449,trial
3864,terrible,38,,,cookie,Graduated College,null,449945,1774622864344,1774622414399,female,6,6,1,true,English,56a8bb427f2472000b9522f6,69c696c1d68c7069c5acbff7,69c4533653a5dca26006e516,9349,trial
3864,good,38,,,coffee,Graduated College,☺️,449945,1774622864344,1774622414399,female,8,8,5,true,English,56a8bb427f2472000b9522f6,69c696c1d68c7069c5acbff7,69c4533653a5dca26006e516,8649,trial
3864,bad,38,,,movie,Graduated College,🙁,449945,1774622864344,1774622414399,female,7,7,1,true,English,56a8bb427f2472000b9522f6,69c696c1d68c7069c5acbff7,69c4533653a5dca26006e516,7817,trial
3865,amazing,54,,,restaurant meal,Graduated College,null,256979,1774622867411,1774622610432,female,7,7,5,true,English,647897eea8799ca6f0609e99,69c6977f3fa288a687b7835e,69c4533653a5dca26006e516,52875,trial
3865,terrible,54,,,coffee,Graduated College,☹️,256979,1774622867411,1774622610432,female,6,1,1,true,English,647897eea8799ca6f0609e99,69c6977f3fa288a687b7835e,69c4533653a5dca26006e516,16433,trial
3865,good,54,,,pizza,Graduated College,☺️,256979,1774622867411,1774622610432,female,7,6,4,true,English,647897eea8799ca6f0609e99,69c6977f3fa288a687b7835e,69c4533653a5dca26006e516,25247,trial
3865,bad,54,2,,party,Graduated College,😔,256979,1774622867411,1774622610432,female,null,null,2,true,English,647897eea8799ca6f0609e99,69c6977f3fa288a687b7835e,69c4533653a5dca26006e516,7843,attention
3865,bad,54,,,party,Graduated College,🙁,256979,1774622867411,1774622610432,female,6,1,1,true,English,647897eea8799ca6f0609e99,69c6977f3fa288a687b7835e,69c4533653a5dca26006e516,16161,trial
3865,okay,54,,,party,Graduated College,😐,256979,1774622867411,1774622610432,female,5,4,3,true,English,647897eea8799ca6f0609e99,69c6977f3fa288a687b7835e,69c4533653a5dca26006e516,14919,trial
3865,bad,54,,,cookie,Graduated College,null,256979,1774622867411,1774622610432,female,5,1,1,true,English,647897eea8799ca6f0609e99,69c6977f3fa288a687b7835e,69c4533653a5dca26006e516,10419,trial
3865,okay,54,3,,coffee,Graduated College,🙁,256979,1774622867411,1774622610432,female,null,null,3,true,English,647897eea8799ca6f0609e99,69c6977f3fa288a687b7835e,69c4533653a5dca26006e516,5975,attention
3865,terrible,54,,,movie,Graduated College,null,256979,1774622867411,1774622610432,female,7,1,1,true,English,647897eea8799ca6f0609e99,69c6977f3fa288a687b7835e,69c4533653a5dca26006e516,7739,trial
3865,amazing,54,,,movie,Graduated College,🙂,256979,1774622867411,1774622610432,female,7,7,5,true,English,647897eea8799ca6f0609e99,69c6977f3fa288a687b7835e,69c4533653a5dca26006e516,9799,trial
3865,good,54,,,movie,Graduated College,null,256979,1774622867411,1774622610432,female,2,4,3,true,English,647897eea8799ca6f0609e99,69c6977f3fa288a687b7835e,69c4533653a5dca26006e516,14766,trial
3865,okay,54,,,concert,Graduated College,null,256979,1774622867411,1774622610432,female,2,4,3,true,English,647897eea8799ca6f0609e99,69c6977f3fa288a687b7835e,69c4533653a5dca26006e516,22593,trial
3866,bad,43,,,pizza,Graduated High-school,null,151202,1774622875959,1774622724757,female,9,5,1,true,english,56153d5e7ffc8a000a811ba8,69c696b12f67f54585ec8cf5,69c4533653a5dca26006e516,19807,trial
3866,amazing,43,,,pizza,Graduated High-school,😆,151202,1774622875959,1774622724757,female,9,9,5,true,english,56153d5e7ffc8a000a811ba8,69c696b12f67f54585ec8cf5,69c4533653a5dca26006e516,7360,trial
3866,good,43,,,cookie,Graduated High-school,😀,151202,1774622875959,1774622724757,female,7,7,4,true,english,56153d5e7ffc8a000a811ba8,69c696b12f67f54585ec8cf5,69c4533653a5dca26006e516,9935,trial
3866,good,43,2,,concert,Graduated High-school,🙁,151202,1774622875959,1774622724757,female,null,null,2,true,english,56153d5e7ffc8a000a811ba8,69c696b12f67f54585ec8cf5,69c4533653a5dca26006e516,5680,attention
3866,okay,43,,,restaurant meal,Graduated High-school,null,151202,1774622875959,1774622724757,female,5,4,3,true,english,56153d5e7ffc8a000a811ba8,69c696b12f67f54585ec8cf5,69c4533653a5dca26006e516,8824,trial
3866,okay,43,,,movie,Graduated High-school,😗,151202,1774622875959,1774622724757,female,5,5,4,true,english,56153d5e7ffc8a000a811ba8,69c696b12f67f54585ec8cf5,69c4533653a5dca26006e516,9656,trial
3866,good,43,,,movie,Graduated High-school,null,151202,1774622875959,1774622724757,female,8,8,4,true,english,56153d5e7ffc8a000a811ba8,69c696b12f67f54585ec8cf5,69c4533653a5dca26006e516,9320,trial
3866,good,43,3,,restaurant meal,Graduated High-school,😩,151202,1774622875959,1774622724757,female,null,null,3,true,english,56153d5e7ffc8a000a811ba8,69c696b12f67f54585ec8cf5,69c4533653a5dca26006e516,4623,attention
3866,amazing,43,,,cookie,Graduated High-school,null,151202,1774622875959,1774622724757,female,9,9,5,true,english,56153d5e7ffc8a000a811ba8,69c696b12f67f54585ec8cf5,69c4533653a5dca26006e516,7568,trial
3866,terrible,43,,,concert,Graduated High-school,😠,151202,1774622875959,1774622724757,female,7,3,1,true,english,56153d5e7ffc8a000a811ba8,69c696b12f67f54585ec8cf5,69c4533653a5dca26006e516,9920,trial
3866,terrible,43,,,pizza,Graduated High-school,null,151202,1774622875959,1774622724757,female,9,5,1,true,english,56153d5e7ffc8a000a811ba8,69c696b12f67f54585ec8cf5,69c4533653a5dca26006e516,8544,trial
3866,bad,43,,,party,Graduated High-school,😔,151202,1774622875959,1774622724757,female,9,5,1,true,english,56153d5e7ffc8a000a811ba8,69c696b12f67f54585ec8cf5,69c4533653a5dca26006e516,12288,trial
3867,okay,26,,nice study,coffee,Higher degree,null,425633,1774622952828,1774622527195,female,9,9,5,true,English,678f3b13379c83cf1027d2ed,69c697005c8548a60e8d4b26,69c4533653a5dca26006e516,52305,trial
3867,bad,26,,nice study,party,Higher degree,null,425633,1774622952828,1774622527195,female,9,8,3,true,English,678f3b13379c83cf1027d2ed,69c697005c8548a60e8d4b26,69c4533653a5dca26006e516,27153,trial
3867,terrible,26,,nice study,pizza,Higher degree,😔,425633,1774622952828,1774622527195,female,9,4,2,true,English,678f3b13379c83cf1027d2ed,69c697005c8548a60e8d4b26,69c4533653a5dca26006e516,88740,trial
3867,okay,26,2,nice study,movie,Higher degree,😐,425633,1774622952828,1774622527195,female,null,null,2,true,English,678f3b13379c83cf1027d2ed,69c697005c8548a60e8d4b26,69c4533653a5dca26006e516,15982,attention
3867,good,26,,nice study,pizza,Higher degree,☺️,425633,1774622952828,1774622527195,female,9,9,5,true,English,678f3b13379c83cf1027d2ed,69c697005c8548a60e8d4b26,69c4533653a5dca26006e516,8743,trial
3867,bad,26,,nice study,movie,Higher degree,😩,425633,1774622952828,1774622527195,female,9,4,2,true,English,678f3b13379c83cf1027d2ed,69c697005c8548a60e8d4b26,69c4533653a5dca26006e516,31351,trial
3867,terrible,26,,nice study,cookie,Higher degree,null,425633,1774622952828,1774622527195,female,9,3,2,true,English,678f3b13379c83cf1027d2ed,69c697005c8548a60e8d4b26,69c4533653a5dca26006e516,25722,trial
3867,terrible,26,4,nice study,pizza,Higher degree,😐,425633,1774622952828,1774622527195,female,null,null,4,true,English,678f3b13379c83cf1027d2ed,69c697005c8548a60e8d4b26,69c4533653a5dca26006e516,9226,attention
3867,good,26,,nice study,restaurant meal,Higher degree,null,425633,1774622952828,1774622527195,female,9,9,5,true,English,678f3b13379c83cf1027d2ed,69c697005c8548a60e8d4b26,69c4533653a5dca26006e516,10340,trial
3867,amazing,26,,nice study,coffee,Higher degree,😊,425633,1774622952828,1774622527195,female,9,9,5,true,English,678f3b13379c83cf1027d2ed,69c697005c8548a60e8d4b26,69c4533653a5dca26006e516,5815,trial
3867,okay,26,,nice study,coffee,Higher degree,😗,425633,1774622952828,1774622527195,female,9,9,5,true,English,678f3b13379c83cf1027d2ed,69c697005c8548a60e8d4b26,69c4533653a5dca26006e516,5308,trial
3867,amazing,26,,nice study,party,Higher degree,null,425633,1774622952828,1774622527195,female,9,9,5,true,English,678f3b13379c83cf1027d2ed,69c697005c8548a60e8d4b26,69c4533653a5dca26006e516,5200,trial
3868,good,44,,,restaurant meal,Higher degree,null,120794,1774622986296,1774622865502,male,5,7,4,true,English,6685890808f9d444080810b4,69c698891f6f547f9dc1a113,69c4533653a5dca26006e516,17969,trial
3868,terrible,44,,,restaurant meal,Higher degree,null,120794,1774622986296,1774622865502,male,9,9,1,true,English,6685890808f9d444080810b4,69c698891f6f547f9dc1a113,69c4533653a5dca26006e516,12232,trial
3868,okay,44,,,concert,Higher degree,😗,120794,1774622986296,1774622865502,male,2,2,3,true,English,6685890808f9d444080810b4,69c698891f6f547f9dc1a113,69c4533653a5dca26006e516,9647,trial
3868,okay,44,3,,party,Higher degree,😀,120794,1774622986296,1774622865502,male,null,null,3,true,English,6685890808f9d444080810b4,69c698891f6f547f9dc1a113,69c4533653a5dca26006e516,4217,attention
3868,terrible,44,,,restaurant meal,Higher degree,☹️,120794,1774622986296,1774622865502,male,9,1,1,true,English,6685890808f9d444080810b4,69c698891f6f547f9dc1a113,69c4533653a5dca26006e516,8813,trial
3868,good,44,,,pizza,Higher degree,😆,120794,1774622986296,1774622865502,male,2,6,4,true,English,6685890808f9d444080810b4,69c698891f6f547f9dc1a113,69c4533653a5dca26006e516,8624,trial
3868,bad,44,,,cookie,Higher degree,null,120794,1774622986296,1774622865502,male,2,2,1,true,English,6685890808f9d444080810b4,69c698891f6f547f9dc1a113,69c4533653a5dca26006e516,5745,trial
3868,bad,44,2,,party,Higher degree,😀,120794,1774622986296,1774622865502,male,null,null,2,true,English,6685890808f9d444080810b4,69c698891f6f547f9dc1a113,69c4533653a5dca26006e516,3784,attention
3868,bad,44,,,movie,Higher degree,😠,120794,1774622986296,1774622865502,male,3,1,1,true,English,6685890808f9d444080810b4,69c698891f6f547f9dc1a113,69c4533653a5dca26006e516,10096,trial
3868,okay,44,,,restaurant meal,Higher degree,null,120794,1774622986296,1774622865502,male,2,2,2,true,English,6685890808f9d444080810b4,69c698891f6f547f9dc1a113,69c4533653a5dca26006e516,10576,trial
3868,amazing,44,,,restaurant meal,Higher degree,null,120794,1774622986296,1774622865502,male,4,9,5,true,English,6685890808f9d444080810b4,69c698891f6f547f9dc1a113,69c4533653a5dca26006e516,5304,trial
3868,amazing,44,,,pizza,Higher degree,🙂,120794,1774622986296,1774622865502,male,5,9,5,true,English,6685890808f9d444080810b4,69c698891f6f547f9dc1a113,69c4533653a5dca26006e516,4166,trial
3869,good,26,,,movie,Graduated College,😆,212965,1774623008257,1774622795292,female,8,7,4,true,English,69b370c622b05bdfe0dbe8a1,69c6984167f34cb34c95e743,69c4533653a5dca26006e516,27570,trial
3869,terrible,26,,,coffee,Graduated College,☹️,212965,1774623008257,1774622795292,female,8,8,1,true,English,69b370c622b05bdfe0dbe8a1,69c6984167f34cb34c95e743,69c4533653a5dca26006e516,23634,trial
3869,okay,26,,,party,Graduated College,null,212965,1774623008257,1774622795292,female,2,4,3,true,English,69b370c622b05bdfe0dbe8a1,69c6984167f34cb34c95e743,69c4533653a5dca26006e516,13734,trial
3869,bad,26,5,,coffee,Graduated College,😀,212965,1774623008257,1774622795292,female,null,null,5,true,English,69b370c622b05bdfe0dbe8a1,69c6984167f34cb34c95e743,69c4533653a5dca26006e516,6550,attention
3869,good,26,,,concert,Graduated College,null,212965,1774623008257,1774622795292,female,3,5,4,true,English,69b370c622b05bdfe0dbe8a1,69c6984167f34cb34c95e743,69c4533653a5dca26006e516,16083,trial
3869,okay,26,,,restaurant meal,Graduated College,😐,212965,1774623008257,1774622795292,female,6,6,3,true,English,69b370c622b05bdfe0dbe8a1,69c6984167f34cb34c95e743,69c4533653a5dca26006e516,15634,trial
3869,amazing,26,,,movie,Graduated College,null,212965,1774623008257,1774622795292,female,5,7,5,true,English,69b370c622b05bdfe0dbe8a1,69c6984167f34cb34c95e743,69c4533653a5dca26006e516,8667,trial
3869,okay,26,3,,restaurant meal,Graduated College,😔,212965,1774623008257,1774622795292,female,null,null,3,true,English,69b370c622b05bdfe0dbe8a1,69c6984167f34cb34c95e743,69c4533653a5dca26006e516,5134,attention
3869,terrible,26,,,concert,Graduated College,null,212965,1774623008257,1774622795292,female,2,4,1,true,English,69b370c622b05bdfe0dbe8a1,69c6984167f34cb34c95e743,69c4533653a5dca26006e516,13001,trial
3869,amazing,26,,,concert,Graduated College,😊,212965,1774623008257,1774622795292,female,8,8,5,true,English,69b370c622b05bdfe0dbe8a1,69c6984167f34cb34c95e743,69c4533653a5dca26006e516,11666,trial
3869,bad,26,,,coffee,Graduated College,🙁,212965,1774623008257,1774622795292,female,7,7,1,true,English,69b370c622b05bdfe0dbe8a1,69c6984167f34cb34c95e743,69c4533653a5dca26006e516,11334,trial
3869,bad,26,,,restaurant meal,Graduated College,null,212965,1774623008257,1774622795292,female,3,3,1,true,English,69b370c622b05bdfe0dbe8a1,69c6984167f34cb34c95e743,69c4533653a5dca26006e516,20767,trial
3870,good,63,,,cookie,Higher degree,😊,269705,1774623030105,1774622760400,male,7,8,4,true,English,5e766b0ba02ca51dfa1de797,69c6981f4e2f40762fdd70d8,69c4533653a5dca26006e516,24014,trial
3870,terrible,63,,,movie,Higher degree,😔,269705,1774623030105,1774622760400,male,9,8,2,true,English,5e766b0ba02ca51dfa1de797,69c6981f4e2f40762fdd70d8,69c4533653a5dca26006e516,28236,trial
3870,okay,63,,,restaurant meal,Higher degree,null,269705,1774623030105,1774622760400,male,6,6,3,true,English,5e766b0ba02ca51dfa1de797,69c6981f4e2f40762fdd70d8,69c4533653a5dca26006e516,26349,trial
3870,good,63,5,,pizza,Higher degree,😊,269705,1774623030105,1774622760400,male,null,null,5,true,English,5e766b0ba02ca51dfa1de797,69c6981f4e2f40762fdd70d8,69c4533653a5dca26006e516,8349,attention
3870,good,63,,,party,Higher degree,null,269705,1774623030105,1774622760400,male,8,8,4,true,English,5e766b0ba02ca51dfa1de797,69c6981f4e2f40762fdd70d8,69c4533653a5dca26006e516,13080,trial
3870,bad,63,,,party,Higher degree,😩,269705,1774623030105,1774622760400,male,8,7,2,true,English,5e766b0ba02ca51dfa1de797,69c6981f4e2f40762fdd70d8,69c4533653a5dca26006e516,18474,trial
3870,amazing,63,,,coffee,Higher degree,null,269705,1774623030105,1774622760400,male,9,9,5,true,English,5e766b0ba02ca51dfa1de797,69c6981f4e2f40762fdd70d8,69c4533653a5dca26006e516,13694,trial
3870,good,63,2,,restaurant meal,Higher degree,😗,269705,1774623030105,1774622760400,male,null,null,2,true,English,5e766b0ba02ca51dfa1de797,69c6981f4e2f40762fdd70d8,69c4533653a5dca26006e516,7227,attention
3870,bad,63,,,restaurant meal,Higher degree,null,269705,1774623030105,1774622760400,male,8,2,2,true,English,5e766b0ba02ca51dfa1de797,69c6981f4e2f40762fdd70d8,69c4533653a5dca26006e516,19101,trial
3870,amazing,63,,,restaurant meal,Higher degree,🙂,269705,1774623030105,1774622760400,male,9,9,5,true,English,5e766b0ba02ca51dfa1de797,69c6981f4e2f40762fdd70d8,69c4533653a5dca26006e516,15024,trial
3870,okay,63,,,movie,Higher degree,😗,269705,1774623030105,1774622760400,male,5,6,3,true,English,5e766b0ba02ca51dfa1de797,69c6981f4e2f40762fdd70d8,69c4533653a5dca26006e516,14912,trial
3870,terrible,63,,,restaurant meal,Higher degree,null,269705,1774623030105,1774622760400,male,8,2,1,true,English,5e766b0ba02ca51dfa1de797,69c6981f4e2f40762fdd70d8,69c4533653a5dca26006e516,22645,trial
3871,amazing,54,,,restaurant meal,Graduated High-school,😀,562664,1774623065855,1774622503191,male,8,9,5,true,English,59fabb7e38ed430001be6965,69c696d7c80e48b67d5f70ab,69c4533653a5dca26006e516,17654,trial
3871,amazing,54,,,party,Graduated High-school,null,562664,1774623065855,1774622503191,male,8,9,5,true,English,59fabb7e38ed430001be6965,69c696d7c80e48b67d5f70ab,69c4533653a5dca26006e516,12689,trial
3871,bad,54,,,cookie,Graduated High-school,😠,562664,1774623065855,1774622503191,male,7,8,2,true,English,59fabb7e38ed430001be6965,69c696d7c80e48b67d5f70ab,69c4533653a5dca26006e516,57983,trial
3871,okay,54,1,,coffee,Graduated High-school,😊,562664,1774623065855,1774622503191,male,null,null,1,true,English,59fabb7e38ed430001be6965,69c696d7c80e48b67d5f70ab,69c4533653a5dca26006e516,36033,attention
3871,good,54,,,restaurant meal,Graduated High-school,😆,562664,1774623065855,1774622503191,male,9,8,2,true,English,59fabb7e38ed430001be6965,69c696d7c80e48b67d5f70ab,69c4533653a5dca26006e516,61022,trial
3871,good,54,,,restaurant meal,Graduated High-school,null,562664,1774623065855,1774622503191,male,1,7,3,true,English,59fabb7e38ed430001be6965,69c696d7c80e48b67d5f70ab,69c4533653a5dca26006e516,36179,trial
3871,terrible,54,,,restaurant meal,Graduated High-school,🙁,562664,1774623065855,1774622503191,male,6,9,1,true,English,59fabb7e38ed430001be6965,69c696d7c80e48b67d5f70ab,69c4533653a5dca26006e516,60617,trial
3871,bad,54,2,,movie,Graduated High-school,😀,562664,1774623065855,1774622503191,male,null,null,2,true,English,59fabb7e38ed430001be6965,69c696d7c80e48b67d5f70ab,69c4533653a5dca26006e516,4913,attention
3871,terrible,54,,,movie,Graduated High-school,null,562664,1774623065855,1774622503191,male,1,9,1,true,English,59fabb7e38ed430001be6965,69c696d7c80e48b67d5f70ab,69c4533653a5dca26006e516,9309,trial
3871,okay,54,,,party,Graduated High-school,null,562664,1774623065855,1774622503191,male,4,7,3,true,English,59fabb7e38ed430001be6965,69c696d7c80e48b67d5f70ab,69c4533653a5dca26006e516,83398,trial
3871,bad,54,,,movie,Graduated High-school,null,562664,1774623065855,1774622503191,male,2,8,4,true,English,59fabb7e38ed430001be6965,69c696d7c80e48b67d5f70ab,69c4533653a5dca26006e516,8280,trial
3871,okay,54,,,concert,Graduated High-school,😗,562664,1774623065855,1774622503191,male,5,7,3,true,English,59fabb7e38ed430001be6965,69c696d7c80e48b67d5f70ab,69c4533653a5dca26006e516,54909,trial
3872,good,19,,,pizza,Graduated High-school,☺️,187215,1774623190377,1774623003162,female,6,6,4,true,English,697cf046d513e3e2befc27c7,69c69913f5079f16b306ac1a,69c4533653a5dca26006e516,35282,trial
3872,amazing,19,,,movie,Graduated High-school,null,187215,1774623190377,1774623003162,female,8,8,5,true,English,697cf046d513e3e2befc27c7,69c69913f5079f16b306ac1a,69c4533653a5dca26006e516,14666,trial
3872,amazing,19,,,restaurant meal,Graduated High-school,😆,187215,1774623190377,1774623003162,female,8,8,5,true,English,697cf046d513e3e2befc27c7,69c69913f5079f16b306ac1a,69c4533653a5dca26006e516,16510,trial
3872,okay,19,2,,restaurant meal,Graduated High-school,☹️,187215,1774623190377,1774623003162,female,null,null,2,true,English,697cf046d513e3e2befc27c7,69c69913f5079f16b306ac1a,69c4533653a5dca26006e516,6597,attention
3872,bad,19,,,restaurant meal,Graduated High-school,😠,187215,1774623190377,1774623003162,female,7,7,1,true,English,697cf046d513e3e2befc27c7,69c69913f5079f16b306ac1a,69c4533653a5dca26006e516,13944,trial
3872,terrible,19,,,concert,Graduated High-school,🙁,187215,1774623190377,1774623003162,female,8,2,1,true,English,697cf046d513e3e2befc27c7,69c69913f5079f16b306ac1a,69c4533653a5dca26006e516,16881,trial
3872,bad,19,,,movie,Graduated High-school,null,187215,1774623190377,1774623003162,female,8,2,1,true,English,697cf046d513e3e2befc27c7,69c69913f5079f16b306ac1a,69c4533653a5dca26006e516,8848,trial
3872,bad,19,4,,coffee,Graduated High-school,😩,187215,1774623190377,1774623003162,female,null,null,4,true,English,697cf046d513e3e2befc27c7,69c69913f5079f16b306ac1a,69c4533653a5dca26006e516,4564,attention
3872,okay,19,,,party,Graduated High-school,null,187215,1774623190377,1774623003162,female,6,6,4,true,English,697cf046d513e3e2befc27c7,69c69913f5079f16b306ac1a,69c4533653a5dca26006e516,9259,trial
3872,okay,19,,,coffee,Graduated High-school,😐,187215,1774623190377,1774623003162,female,5,5,4,true,English,697cf046d513e3e2befc27c7,69c69913f5079f16b306ac1a,69c4533653a5dca26006e516,10035,trial
3872,terrible,19,,,movie,Graduated High-school,null,187215,1774623190377,1774623003162,female,9,1,1,true,English,697cf046d513e3e2befc27c7,69c69913f5079f16b306ac1a,69c4533653a5dca26006e516,11491,trial
3872,good,19,,,movie,Graduated High-school,null,187215,1774623190377,1774623003162,female,8,8,5,true,English,697cf046d513e3e2befc27c7,69c69913f5079f16b306ac1a,69c4533653a5dca26006e516,9300,trial
3873,good,30,,,restaurant meal,Graduated College,☺️,166302,1774623357320,1774623191018,male,7,8,4,true,English,69ac80094c5494db959077d6,69c699ce73a53908358e45fa,69c4533653a5dca26006e516,15718,trial
3873,good,30,,,concert,Graduated College,null,166302,1774623357320,1774623191018,male,5,6,4,true,English,69ac80094c5494db959077d6,69c699ce73a53908358e45fa,69c4533653a5dca26006e516,13650,trial
3873,okay,30,,,party,Graduated College,null,166302,1774623357320,1774623191018,male,3,2,2,true,English,69ac80094c5494db959077d6,69c699ce73a53908358e45fa,69c4533653a5dca26006e516,12749,trial
3873,amazing,30,3,,restaurant meal,Graduated College,😩,166302,1774623357320,1774623191018,male,null,null,3,true,English,69ac80094c5494db959077d6,69c699ce73a53908358e45fa,69c4533653a5dca26006e516,5067,attention
3873,bad,30,,,coffee,Graduated College,🙁,166302,1774623357320,1774623191018,male,7,8,1,true,English,69ac80094c5494db959077d6,69c699ce73a53908358e45fa,69c4533653a5dca26006e516,24383,trial
3873,terrible,30,,,concert,Graduated College,😠,166302,1774623357320,1774623191018,male,9,9,1,true,English,69ac80094c5494db959077d6,69c699ce73a53908358e45fa,69c4533653a5dca26006e516,7934,trial
3873,bad,30,,,restaurant meal,Graduated College,null,166302,1774623357320,1774623191018,male,6,6,2,true,English,69ac80094c5494db959077d6,69c699ce73a53908358e45fa,69c4533653a5dca26006e516,14250,trial
3873,amazing,30,2,,concert,Graduated College,😔,166302,1774623357320,1774623191018,male,null,null,2,true,English,69ac80094c5494db959077d6,69c699ce73a53908358e45fa,69c4533653a5dca26006e516,2632,attention
3873,amazing,30,,,concert,Graduated College,null,166302,1774623357320,1774623191018,male,7,7,4,true,English,69ac80094c5494db959077d6,69c699ce73a53908358e45fa,69c4533653a5dca26006e516,11084,trial
3873,terrible,30,,,coffee,Graduated College,null,166302,1774623357320,1774623191018,male,7,8,1,true,English,69ac80094c5494db959077d6,69c699ce73a53908358e45fa,69c4533653a5dca26006e516,8516,trial
3873,okay,30,,,movie,Graduated College,😐,166302,1774623357320,1774623191018,male,4,5,2,true,English,69ac80094c5494db959077d6,69c699ce73a53908358e45fa,69c4533653a5dca26006e516,12150,trial
3873,amazing,30,,,party,Graduated College,😊,166302,1774623357320,1774623191018,male,9,9,4,true,English,69ac80094c5494db959077d6,69c699ce73a53908358e45fa,69c4533653a5dca26006e516,8284,trial
3874,okay,19,,,coffee,Graduated High-school,😐,275350,1774623353036,1774623077686,male,3,5,3,true,english,673739e06ee7cebde757c989,69c69906015a504e7e142ed7,69c4533653a5dca26006e516,33623,trial
3874,terrible,19,,,pizza,Graduated High-school,😔,275350,1774623353036,1774623077686,male,3,8,1,true,english,673739e06ee7cebde757c989,69c69906015a504e7e142ed7,69c4533653a5dca26006e516,61159,trial
3874,amazing,19,,,movie,Graduated High-school,null,275350,1774623353036,1774623077686,male,6,4,5,true,english,673739e06ee7cebde757c989,69c69906015a504e7e142ed7,69c4533653a5dca26006e516,19085,trial
3874,amazing,19,2,,cookie,Graduated High-school,🙂,275350,1774623353036,1774623077686,male,null,null,2,true,english,673739e06ee7cebde757c989,69c69906015a504e7e142ed7,69c4533653a5dca26006e516,5571,attention
3874,bad,19,,,pizza,Graduated High-school,null,275350,1774623353036,1774623077686,male,3,7,2,true,english,673739e06ee7cebde757c989,69c69906015a504e7e142ed7,69c4533653a5dca26006e516,26071,trial
3874,bad,19,,,restaurant meal,Graduated High-school,😔,275350,1774623353036,1774623077686,male,6,3,4,true,english,673739e06ee7cebde757c989,69c69906015a504e7e142ed7,69c4533653a5dca26006e516,8016,trial
3874,okay,19,,,pizza,Graduated High-school,null,275350,1774623353036,1774623077686,male,4,5,2,true,english,673739e06ee7cebde757c989,69c69906015a504e7e142ed7,69c4533653a5dca26006e516,18575,trial
3874,okay,19,1,,movie,Graduated High-school,😗,275350,1774623353036,1774623077686,male,null,null,1,true,english,673739e06ee7cebde757c989,69c69906015a504e7e142ed7,69c4533653a5dca26006e516,3780,attention
3874,amazing,19,,,pizza,Graduated High-school,🙂,275350,1774623353036,1774623077686,male,6,8,5,true,english,673739e06ee7cebde757c989,69c69906015a504e7e142ed7,69c4533653a5dca26006e516,14393,trial
3874,good,19,,,party,Graduated High-school,🙂,275350,1774623353036,1774623077686,male,8,7,3,true,english,673739e06ee7cebde757c989,69c69906015a504e7e142ed7,69c4533653a5dca26006e516,5877,trial
3874,terrible,19,,,party,Graduated High-school,null,275350,1774623353036,1774623077686,male,7,8,2,true,english,673739e06ee7cebde757c989,69c69906015a504e7e142ed7,69c4533653a5dca26006e516,12557,trial
3874,good,19,,,cookie,Graduated High-school,null,275350,1774623353036,1774623077686,male,5,7,4,true,english,673739e06ee7cebde757c989,69c69906015a504e7e142ed7,69c4533653a5dca26006e516,7143,trial
3875,bad,52,,,party,Graduated High-school,☹️,467596,1774623401348,1774622933752,female,9,9,1,true,english,69a8cff018bead25e4a5d848,69c698cd5d26a2c49b3df622,69c4533653a5dca26006e516,43305,trial
3875,terrible,52,,,restaurant meal,Graduated High-school,☹️,467596,1774623401348,1774622933752,female,9,9,1,true,english,69a8cff018bead25e4a5d848,69c698cd5d26a2c49b3df622,69c4533653a5dca26006e516,16679,trial
3875,okay,52,,,party,Graduated High-school,😗,467596,1774623401348,1774622933752,female,9,9,3,true,english,69a8cff018bead25e4a5d848,69c698cd5d26a2c49b3df622,69c4533653a5dca26006e516,213966,trial
3875,bad,52,4,,pizza,Graduated High-school,😊,467596,1774623401348,1774622933752,female,null,null,4,true,english,69a8cff018bead25e4a5d848,69c698cd5d26a2c49b3df622,69c4533653a5dca26006e516,8568,attention
3875,terrible,52,,,restaurant meal,Graduated High-school,null,467596,1774623401348,1774622933752,female,9,9,1,true,english,69a8cff018bead25e4a5d848,69c698cd5d26a2c49b3df622,69c4533653a5dca26006e516,12040,trial
3875,okay,52,,,pizza,Graduated High-school,null,467596,1774623401348,1774622933752,female,9,9,3,true,english,69a8cff018bead25e4a5d848,69c698cd5d26a2c49b3df622,69c4533653a5dca26006e516,17025,trial
3875,amazing,52,,,coffee,Graduated High-school,null,467596,1774623401348,1774622933752,female,9,9,5,true,english,69a8cff018bead25e4a5d848,69c698cd5d26a2c49b3df622,69c4533653a5dca26006e516,10592,trial
3875,terrible,52,1,,coffee,Graduated High-school,😆,467596,1774623401348,1774622933752,female,null,null,1,true,english,69a8cff018bead25e4a5d848,69c698cd5d26a2c49b3df622,69c4533653a5dca26006e516,10416,attention
3875,amazing,52,,,party,Graduated High-school,😆,467596,1774623401348,1774622933752,female,9,9,5,true,english,69a8cff018bead25e4a5d848,69c698cd5d26a2c49b3df622,69c4533653a5dca26006e516,9631,trial
3875,bad,52,,,concert,Graduated High-school,null,467596,1774623401348,1774622933752,female,9,9,1,true,english,69a8cff018bead25e4a5d848,69c698cd5d26a2c49b3df622,69c4533653a5dca26006e516,48818,trial
3875,good,52,,,restaurant meal,Graduated High-school,😊,467596,1774623401348,1774622933752,female,9,9,5,true,english,69a8cff018bead25e4a5d848,69c698cd5d26a2c49b3df622,69c4533653a5dca26006e516,12872,trial
3875,good,52,,,concert,Graduated High-school,null,467596,1774623401348,1774622933752,female,9,9,5,true,english,69a8cff018bead25e4a5d848,69c698cd5d26a2c49b3df622,69c4533653a5dca26006e516,9768,trial
3876,good,19,,,concert,Graduated High-school,null,437854,1774623549046,1774623111192,male,6,7,5,true,,6747536d88cb6d53b9bed191,69c6997dd2dfd11938ad08fa,69c4533653a5dca26006e516,66161,trial
3876,okay,19,,,pizza,Graduated High-school,null,437854,1774623549046,1774623111192,male,4,7,3,true,,6747536d88cb6d53b9bed191,69c6997dd2dfd11938ad08fa,69c4533653a5dca26006e516,32405,trial
3876,good,19,,,coffee,Graduated High-school,😆,437854,1774623549046,1774623111192,male,7,5,5,true,,6747536d88cb6d53b9bed191,69c6997dd2dfd11938ad08fa,69c4533653a5dca26006e516,42401,trial
3876,amazing,19,5,,cookie,Graduated High-school,😔,437854,1774623549046,1774623111192,male,null,null,5,true,,6747536d88cb6d53b9bed191,69c6997dd2dfd11938ad08fa,69c4533653a5dca26006e516,4720,attention
3876,bad,19,,,movie,Graduated High-school,🙁,437854,1774623549046,1774623111192,male,6,3,3,true,,6747536d88cb6d53b9bed191,69c6997dd2dfd11938ad08fa,69c4533653a5dca26006e516,61065,trial
3876,terrible,19,,,pizza,Graduated High-school,null,437854,1774623549046,1774623111192,male,8,6,2,true,,6747536d88cb6d53b9bed191,69c6997dd2dfd11938ad08fa,69c4533653a5dca26006e516,13479,trial
3876,okay,19,,,pizza,Graduated High-school,😗,437854,1774623549046,1774623111192,male,2,7,2,true,,6747536d88cb6d53b9bed191,69c6997dd2dfd11938ad08fa,69c4533653a5dca26006e516,7824,trial
3876,good,19,5,,concert,Graduated High-school,😔,437854,1774623549046,1774623111192,male,null,null,5,true,,6747536d88cb6d53b9bed191,69c6997dd2dfd11938ad08fa,69c4533653a5dca26006e516,3770,attention
3876,terrible,19,,,coffee,Graduated High-school,😩,437854,1774623549046,1774623111192,male,4,6,2,true,,6747536d88cb6d53b9bed191,69c6997dd2dfd11938ad08fa,69c4533653a5dca26006e516,5925,trial
3876,amazing,19,,,coffee,Graduated High-school,null,437854,1774623549046,1774623111192,male,7,5,2,true,,6747536d88cb6d53b9bed191,69c6997dd2dfd11938ad08fa,69c4533653a5dca26006e516,21264,trial
3876,bad,19,,,restaurant meal,Graduated High-school,null,437854,1774623549046,1774623111192,male,7,3,1,true,,6747536d88cb6d53b9bed191,69c6997dd2dfd11938ad08fa,69c4533653a5dca26006e516,11876,trial
3876,amazing,19,,,party,Graduated High-school,😆,437854,1774623549046,1774623111192,male,8,6,4,true,,6747536d88cb6d53b9bed191,69c6997dd2dfd11938ad08fa,69c4533653a5dca26006e516,43882,trial
3877,bad,50,,n/a,cookie,Graduated College,null,232918,1774623558197,1774623325279,male,4,8,1,true,English,5d7a1fce27fb8a000196993e,69c69a554418a194f74027dd,69c4533653a5dca26006e516,22288,trial
3877,good,50,,n/a,movie,Graduated College,null,232918,1774623558197,1774623325279,male,7,8,4,true,English,5d7a1fce27fb8a000196993e,69c69a554418a194f74027dd,69c4533653a5dca26006e516,20701,trial
3877,amazing,50,,n/a,cookie,Graduated College,null,232918,1774623558197,1774623325279,male,7,8,5,true,English,5d7a1fce27fb8a000196993e,69c69a554418a194f74027dd,69c4533653a5dca26006e516,18952,trial
3877,terrible,50,4,n/a,party,Graduated College,😀,232918,1774623558197,1774623325279,male,null,null,4,true,English,5d7a1fce27fb8a000196993e,69c69a554418a194f74027dd,69c4533653a5dca26006e516,6690,attention
3877,okay,50,,n/a,pizza,Graduated College,😗,232918,1774623558197,1774623325279,male,7,5,3,true,English,5d7a1fce27fb8a000196993e,69c69a554418a194f74027dd,69c4533653a5dca26006e516,20621,trial
3877,good,50,,n/a,coffee,Graduated College,🙂,232918,1774623558197,1774623325279,male,8,8,4,true,English,5d7a1fce27fb8a000196993e,69c69a554418a194f74027dd,69c4533653a5dca26006e516,8332,trial
3877,terrible,50,,n/a,restaurant meal,Graduated College,😩,232918,1774623558197,1774623325279,male,7,2,1,true,English,5d7a1fce27fb8a000196993e,69c69a554418a194f74027dd,69c4533653a5dca26006e516,17270,trial
3877,amazing,50,5,n/a,cookie,Graduated College,☺️,232918,1774623558197,1774623325279,male,null,null,5,true,English,5d7a1fce27fb8a000196993e,69c69a554418a194f74027dd,69c4533653a5dca26006e516,4541,attention
3877,amazing,50,,n/a,coffee,Graduated College,😀,232918,1774623558197,1774623325279,male,7,8,5,true,English,5d7a1fce27fb8a000196993e,69c69a554418a194f74027dd,69c4533653a5dca26006e516,11260,trial
3877,bad,50,,n/a,party,Graduated College,☹️,232918,1774623558197,1774623325279,male,7,1,1,true,English,5d7a1fce27fb8a000196993e,69c69a554418a194f74027dd,69c4533653a5dca26006e516,19648,trial
3877,okay,50,,n/a,coffee,Graduated College,null,232918,1774623558197,1774623325279,male,3,8,3,true,English,5d7a1fce27fb8a000196993e,69c69a554418a194f74027dd,69c4533653a5dca26006e516,16534,trial
3877,terrible,50,,n/a,restaurant meal,Graduated College,null,232918,1774623558197,1774623325279,male,4,8,1,true,English,5d7a1fce27fb8a000196993e,69c69a554418a194f74027dd,69c4533653a5dca26006e516,13998,trial
3878,okay,43,,,concert,Graduated College,null,1249744,1774623568651,1774622318907,male,4,6,3,true,English,61030ea0fd598c32549577b8,69c69668e9fb6668e544e527,69c4533653a5dca26006e516,17388,trial
3878,good,43,,,concert,Graduated College,😀,1249744,1774623568651,1774622318907,male,8,8,4,true,English,61030ea0fd598c32549577b8,69c69668e9fb6668e544e527,69c4533653a5dca26006e516,86140,trial
3878,okay,43,,,movie,Graduated College,😐,1249744,1774623568651,1774622318907,male,4,5,3,true,English,61030ea0fd598c32549577b8,69c69668e9fb6668e544e527,69c4533653a5dca26006e516,5472,trial
3878,amazing,43,3,,concert,Graduated College,😠,1249744,1774623568651,1774622318907,male,null,null,3,true,English,61030ea0fd598c32549577b8,69c69668e9fb6668e544e527,69c4533653a5dca26006e516,3508,attention
3878,bad,43,,,restaurant meal,Graduated College,🙁,1249744,1774623568651,1774622318907,male,9,1,1,true,English,61030ea0fd598c32549577b8,69c69668e9fb6668e544e527,69c4533653a5dca26006e516,141372,trial
3878,good,43,,,pizza,Graduated College,null,1249744,1774623568651,1774622318907,male,8,8,5,true,English,61030ea0fd598c32549577b8,69c69668e9fb6668e544e527,69c4533653a5dca26006e516,235915,trial
3878,bad,43,,,concert,Graduated College,null,1249744,1774623568651,1774622318907,male,8,2,1,true,English,61030ea0fd598c32549577b8,69c69668e9fb6668e544e527,69c4533653a5dca26006e516,52316,trial
3878,amazing,43,5,,party,Graduated College,☺️,1249744,1774623568651,1774622318907,male,null,null,5,true,English,61030ea0fd598c32549577b8,69c69668e9fb6668e544e527,69c4533653a5dca26006e516,2992,attention
3878,terrible,43,,,coffee,Graduated College,😩,1249744,1774623568651,1774622318907,male,9,1,1,true,English,61030ea0fd598c32549577b8,69c69668e9fb6668e544e527,69c4533653a5dca26006e516,315328,trial
3878,amazing,43,,,pizza,Graduated College,null,1249744,1774623568651,1774622318907,male,9,9,5,true,English,61030ea0fd598c32549577b8,69c69668e9fb6668e544e527,69c4533653a5dca26006e516,330767,trial
3878,amazing,43,,,cookie,Graduated College,🙂,1249744,1774623568651,1774622318907,male,9,9,5,true,English,61030ea0fd598c32549577b8,69c69668e9fb6668e544e527,69c4533653a5dca26006e516,5040,trial
3878,terrible,43,,,cookie,Graduated College,null,1249744,1774623568651,1774622318907,male,9,1,1,true,English,61030ea0fd598c32549577b8,69c69668e9fb6668e544e527,69c4533653a5dca26006e516,4315,trial
3879,amazing,27,,NIL,cookie,Higher degree,null,235835,1774623602420,1774623366585,female,7,9,5,true,English,69c171c3c25171f664d6e290,69c69a740a41e0228a375cbc,69c4533653a5dca26006e516,32073,trial
3879,terrible,27,,NIL,pizza,Higher degree,😩,235835,1774623602420,1774623366585,female,9,2,1,true,English,69c171c3c25171f664d6e290,69c69a740a41e0228a375cbc,69c4533653a5dca26006e516,20126,trial
3879,amazing,27,,NIL,pizza,Higher degree,🙂,235835,1774623602420,1774623366585,female,8,7,3,true,English,69c171c3c25171f664d6e290,69c69a740a41e0228a375cbc,69c4533653a5dca26006e516,19143,trial
3879,amazing,27,5,NIL,coffee,Higher degree,🙂,235835,1774623602420,1774623366585,female,null,null,5,true,English,69c171c3c25171f664d6e290,69c69a740a41e0228a375cbc,69c4533653a5dca26006e516,11444,attention
3879,terrible,27,,NIL,cookie,Higher degree,null,235835,1774623602420,1774623366585,female,5,2,1,true,English,69c171c3c25171f664d6e290,69c69a740a41e0228a375cbc,69c4533653a5dca26006e516,21656,trial
3879,good,27,,NIL,pizza,Higher degree,😀,235835,1774623602420,1774623366585,female,9,8,5,true,English,69c171c3c25171f664d6e290,69c69a740a41e0228a375cbc,69c4533653a5dca26006e516,10760,trial
3879,good,27,,NIL,concert,Higher degree,null,235835,1774623602420,1774623366585,female,5,6,3,true,English,69c171c3c25171f664d6e290,69c69a740a41e0228a375cbc,69c4533653a5dca26006e516,15744,trial
3879,okay,27,3,NIL,movie,Higher degree,😊,235835,1774623602420,1774623366585,female,null,null,3,true,English,69c171c3c25171f664d6e290,69c69a740a41e0228a375cbc,69c4533653a5dca26006e516,8875,attention
3879,bad,27,,NIL,pizza,Higher degree,🙁,235835,1774623602420,1774623366585,female,9,3,1,true,English,69c171c3c25171f664d6e290,69c69a740a41e0228a375cbc,69c4533653a5dca26006e516,15622,trial
3879,okay,27,,NIL,concert,Higher degree,😐,235835,1774623602420,1774623366585,female,9,7,2,true,English,69c171c3c25171f664d6e290,69c69a740a41e0228a375cbc,69c4533653a5dca26006e516,10981,trial
3879,bad,27,,NIL,pizza,Higher degree,null,235835,1774623602420,1774623366585,female,3,7,2,true,English,69c171c3c25171f664d6e290,69c69a740a41e0228a375cbc,69c4533653a5dca26006e516,11087,trial
3879,okay,27,,NIL,concert,Higher degree,null,235835,1774623602420,1774623366585,female,4,4,2,true,English,69c171c3c25171f664d6e290,69c69a740a41e0228a375cbc,69c4533653a5dca26006e516,9966,trial
3880,bad,19,,This was an amazing study,movie,Graduated College,😔,337465,1774623686307,1774623348842,male,8,8,2,true,English,677e4656af6e5525f72fc926,69c69a6d851bc0bdc42078d7,69c4533653a5dca26006e516,26932,trial
3880,terrible,19,,This was an amazing study,cookie,Graduated College,🙁,337465,1774623686307,1774623348842,male,9,8,2,true,English,677e4656af6e5525f72fc926,69c69a6d851bc0bdc42078d7,69c4533653a5dca26006e516,7350,trial
3880,amazing,19,,This was an amazing study,pizza,Graduated College,☺️,337465,1774623686307,1774623348842,male,8,9,5,true,English,677e4656af6e5525f72fc926,69c69a6d851bc0bdc42078d7,69c4533653a5dca26006e516,7818,trial
3880,bad,19,4,This was an amazing study,movie,Graduated College,🙂,337465,1774623686307,1774623348842,male,null,null,4,true,English,677e4656af6e5525f72fc926,69c69a6d851bc0bdc42078d7,69c4533653a5dca26006e516,5388,attention
3880,okay,19,,This was an amazing study,party,Graduated College,null,337465,1774623686307,1774623348842,male,6,5,4,true,English,677e4656af6e5525f72fc926,69c69a6d851bc0bdc42078d7,69c4533653a5dca26006e516,5148,trial
3880,okay,19,,This was an amazing study,cookie,Graduated College,😗,337465,1774623686307,1774623348842,male,8,7,5,true,English,677e4656af6e5525f72fc926,69c69a6d851bc0bdc42078d7,69c4533653a5dca26006e516,4424,trial
3880,good,19,,This was an amazing study,coffee,Graduated College,😆,337465,1774623686307,1774623348842,male,8,9,5,true,English,677e4656af6e5525f72fc926,69c69a6d851bc0bdc42078d7,69c4533653a5dca26006e516,4086,trial
3880,good,19,5,This was an amazing study,party,Graduated College,😩,337465,1774623686307,1774623348842,male,null,null,5,true,English,677e4656af6e5525f72fc926,69c69a6d851bc0bdc42078d7,69c4533653a5dca26006e516,3009,attention
3880,bad,19,,This was an amazing study,party,Graduated College,null,337465,1774623686307,1774623348842,male,5,6,2,true,English,677e4656af6e5525f72fc926,69c69a6d851bc0bdc42078d7,69c4533653a5dca26006e516,4840,trial
3880,good,19,,This was an amazing study,restaurant meal,Graduated College,null,337465,1774623686307,1774623348842,male,7,7,4,true,English,677e4656af6e5525f72fc926,69c69a6d851bc0bdc42078d7,69c4533653a5dca26006e516,5669,trial
3880,terrible,19,,This was an amazing study,pizza,Graduated College,null,337465,1774623686307,1774623348842,male,7,8,1,true,English,677e4656af6e5525f72fc926,69c69a6d851bc0bdc42078d7,69c4533653a5dca26006e516,7448,trial
3880,amazing,19,,This was an amazing study,coffee,Graduated College,null,337465,1774623686307,1774623348842,male,6,5,4,true,English,677e4656af6e5525f72fc926,69c69a6d851bc0bdc42078d7,69c4533653a5dca26006e516,5086,trial
3881,okay,30,,,cookie,Graduated College,😐,194838,1774623836088,1774623641250,male,3,3,3,true,English,60d35d4fc34710a66ac98957,69c69b8fe8bfa4d7e856d71a,69c4533653a5dca26006e516,37031,trial
3881,good,30,,,restaurant meal,Graduated College,☺️,194838,1774623836088,1774623641250,male,6,6,4,true,English,60d35d4fc34710a66ac98957,69c69b8fe8bfa4d7e856d71a,69c4533653a5dca26006e516,8618,trial
3881,amazing,30,,,restaurant meal,Graduated College,null,194838,1774623836088,1774623641250,male,7,7,4,true,English,60d35d4fc34710a66ac98957,69c69b8fe8bfa4d7e856d71a,69c4533653a5dca26006e516,7333,trial
3881,good,30,5,,concert,Graduated College,😗,194838,1774623836088,1774623641250,male,null,null,5,true,English,60d35d4fc34710a66ac98957,69c69b8fe8bfa4d7e856d71a,69c4533653a5dca26006e516,3618,attention
3881,bad,30,,,movie,Graduated College,null,194838,1774623836088,1774623641250,male,3,4,2,true,English,60d35d4fc34710a66ac98957,69c69b8fe8bfa4d7e856d71a,69c4533653a5dca26006e516,10919,trial
3881,good,30,,,party,Graduated College,null,194838,1774623836088,1774623641250,male,5,5,3,true,English,60d35d4fc34710a66ac98957,69c69b8fe8bfa4d7e856d71a,69c4533653a5dca26006e516,9004,trial
3881,bad,30,,,concert,Graduated College,😠,194838,1774623836088,1774623641250,male,6,6,2,true,English,60d35d4fc34710a66ac98957,69c69b8fe8bfa4d7e856d71a,69c4533653a5dca26006e516,15259,trial
3881,okay,30,5,,restaurant meal,Graduated College,☺️,194838,1774623836088,1774623641250,male,null,null,5,true,English,60d35d4fc34710a66ac98957,69c69b8fe8bfa4d7e856d71a,69c4533653a5dca26006e516,4052,attention
3881,okay,30,,,party,Graduated College,null,194838,1774623836088,1774623641250,male,5,5,3,true,English,60d35d4fc34710a66ac98957,69c69b8fe8bfa4d7e856d71a,69c4533653a5dca26006e516,5935,trial
3881,amazing,30,,,movie,Graduated College,😆,194838,1774623836088,1774623641250,male,8,8,4,true,English,60d35d4fc34710a66ac98957,69c69b8fe8bfa4d7e856d71a,69c4533653a5dca26006e516,6818,trial
3881,terrible,30,,,party,Graduated College,null,194838,1774623836088,1774623641250,male,4,4,2,true,English,60d35d4fc34710a66ac98957,69c69b8fe8bfa4d7e856d71a,69c4533653a5dca26006e516,9335,trial
3881,terrible,30,,,restaurant meal,Graduated College,😩,194838,1774623836088,1774623641250,male,6,6,1,true,English,60d35d4fc34710a66ac98957,69c69b8fe8bfa4d7e856d71a,69c4533653a5dca26006e516,9419,trial
3882,amazing,69,,,concert,Higher degree,null,203473,1774623929596,1774623726123,female,9,9,5,true,English,5d4a077a879721001ade6dff,69c69be7f2e132f7a49d4a4a,69c4533653a5dca26006e516,19103,trial
3882,good,69,,,coffee,Higher degree,null,203473,1774623929596,1774623726123,female,3,8,4,true,English,5d4a077a879721001ade6dff,69c69be7f2e132f7a49d4a4a,69c4533653a5dca26006e516,16457,trial
3882,okay,69,,,restaurant meal,Higher degree,😐,203473,1774623929596,1774623726123,female,2,7,3,true,English,5d4a077a879721001ade6dff,69c69be7f2e132f7a49d4a4a,69c4533653a5dca26006e516,12095,trial
3882,amazing,69,1,,cookie,Higher degree,☹️,203473,1774623929596,1774623726123,female,null,null,1,true,English,5d4a077a879721001ade6dff,69c69be7f2e132f7a49d4a4a,69c4533653a5dca26006e516,4457,attention
3882,bad,69,,,pizza,Higher degree,🙁,203473,1774623929596,1774623726123,female,9,9,1,true,English,5d4a077a879721001ade6dff,69c69be7f2e132f7a49d4a4a,69c4533653a5dca26006e516,21731,trial
3882,okay,69,,,pizza,Higher degree,null,203473,1774623929596,1774623726123,female,2,7,3,true,English,5d4a077a879721001ade6dff,69c69be7f2e132f7a49d4a4a,69c4533653a5dca26006e516,12470,trial
3882,bad,69,,,movie,Higher degree,null,203473,1774623929596,1774623726123,female,9,1,1,true,English,5d4a077a879721001ade6dff,69c69be7f2e132f7a49d4a4a,69c4533653a5dca26006e516,35224,trial
3882,bad,69,5,,cookie,Higher degree,😆,203473,1774623929596,1774623726123,female,null,null,5,true,English,5d4a077a879721001ade6dff,69c69be7f2e132f7a49d4a4a,69c4533653a5dca26006e516,4424,attention
3882,terrible,69,,,coffee,Higher degree,☹️,203473,1774623929596,1774623726123,female,9,1,1,true,English,5d4a077a879721001ade6dff,69c69be7f2e132f7a49d4a4a,69c4533653a5dca26006e516,9028,trial
3882,amazing,69,,,cookie,Higher degree,😆,203473,1774623929596,1774623726123,female,9,9,5,true,English,5d4a077a879721001ade6dff,69c69be7f2e132f7a49d4a4a,69c4533653a5dca26006e516,7212,trial
3882,good,69,,,pizza,Higher degree,😀,203473,1774623929596,1774623726123,female,3,7,4,true,English,5d4a077a879721001ade6dff,69c69be7f2e132f7a49d4a4a,69c4533653a5dca26006e516,10028,trial
3882,terrible,69,,,cookie,Higher degree,null,203473,1774623929596,1774623726123,female,9,1,1,true,English,5d4a077a879721001ade6dff,69c69be7f2e132f7a49d4a4a,69c4533653a5dca26006e516,7576,trial
3883,terrible,32,,,party,Graduated College,null,228505,1774623959089,1774623730584,male,9,1,1,true,ENGLISH,69b1c524509c67048550d592,69c69be99bcc18dcb585148a,69c4533653a5dca26006e516,42343,trial
3883,good,32,,,movie,Graduated College,null,228505,1774623959089,1774623730584,male,2,7,4,true,ENGLISH,69b1c524509c67048550d592,69c69be99bcc18dcb585148a,69c4533653a5dca26006e516,19494,trial
3883,good,32,,,cookie,Graduated College,😊,228505,1774623959089,1774623730584,male,8,8,4,true,ENGLISH,69b1c524509c67048550d592,69c69be99bcc18dcb585148a,69c4533653a5dca26006e516,17574,trial
3883,bad,32,3,,party,Graduated College,☹️,228505,1774623959089,1774623730584,male,null,null,3,true,ENGLISH,69b1c524509c67048550d592,69c69be99bcc18dcb585148a,69c4533653a5dca26006e516,4936,attention
3883,terrible,32,,,cookie,Graduated College,☹️,228505,1774623959089,1774623730584,male,8,2,4,true,ENGLISH,69b1c524509c67048550d592,69c69be99bcc18dcb585148a,69c4533653a5dca26006e516,14438,trial
3883,amazing,32,,,concert,Graduated College,😊,228505,1774623959089,1774623730584,male,9,9,4,true,ENGLISH,69b1c524509c67048550d592,69c69be99bcc18dcb585148a,69c4533653a5dca26006e516,11854,trial
3883,okay,32,,,party,Graduated College,😐,228505,1774623959089,1774623730584,male,8,3,2,true,ENGLISH,69b1c524509c67048550d592,69c69be99bcc18dcb585148a,69c4533653a5dca26006e516,19474,trial
3883,okay,32,2,,party,Graduated College,😔,228505,1774623959089,1774623730584,male,null,null,2,true,ENGLISH,69b1c524509c67048550d592,69c69be99bcc18dcb585148a,69c4533653a5dca26006e516,4553,attention
3883,bad,32,,,pizza,Graduated College,null,228505,1774623959089,1774623730584,male,6,3,1,true,ENGLISH,69b1c524509c67048550d592,69c69be99bcc18dcb585148a,69c4533653a5dca26006e516,16744,trial
3883,amazing,32,,,cookie,Graduated College,null,228505,1774623959089,1774623730584,male,4,7,4,true,ENGLISH,69b1c524509c67048550d592,69c69be99bcc18dcb585148a,69c4533653a5dca26006e516,9489,trial
3883,bad,32,,,movie,Graduated College,😩,228505,1774623959089,1774623730584,male,9,1,1,true,ENGLISH,69b1c524509c67048550d592,69c69be99bcc18dcb585148a,69c4533653a5dca26006e516,10165,trial
3883,okay,32,,,coffee,Graduated College,null,228505,1774623959089,1774623730584,male,5,5,3,true,ENGLISH,69b1c524509c67048550d592,69c69be99bcc18dcb585148a,69c4533653a5dca26006e516,5857,trial
3884,good,57,,,pizza,Graduated College,😊,189167,1774624267361,1774624078195,female,3,8,4,true,english,5fd5ef3cb8ec2745c10454e3,69c69d465f399a6a783e6645,69c4533653a5dca26006e516,21544,trial
3884,bad,57,,,coffee,Graduated College,😠,189167,1774624267361,1774624078195,female,3,7,2,true,english,5fd5ef3cb8ec2745c10454e3,69c69d465f399a6a783e6645,69c4533653a5dca26006e516,14489,trial
3884,okay,57,,,cookie,Graduated College,😗,189167,1774624267361,1774624078195,female,3,6,3,true,english,5fd5ef3cb8ec2745c10454e3,69c69d465f399a6a783e6645,69c4533653a5dca26006e516,13457,trial
3884,good,57,5,,movie,Graduated College,☹️,189167,1774624267361,1774624078195,female,null,null,5,true,english,5fd5ef3cb8ec2745c10454e3,69c69d465f399a6a783e6645,69c4533653a5dca26006e516,6300,attention
3884,bad,57,,,cookie,Graduated College,null,189167,1774624267361,1774624078195,female,2,6,2,true,english,5fd5ef3cb8ec2745c10454e3,69c69d465f399a6a783e6645,69c4533653a5dca26006e516,13313,trial
3884,amazing,57,,,party,Graduated College,😆,189167,1774624267361,1774624078195,female,7,8,5,true,english,5fd5ef3cb8ec2745c10454e3,69c69d465f399a6a783e6645,69c4533653a5dca26006e516,10526,trial
3884,terrible,57,,,pizza,Graduated College,☹️,189167,1774624267361,1774624078195,female,7,7,1,true,english,5fd5ef3cb8ec2745c10454e3,69c69d465f399a6a783e6645,69c4533653a5dca26006e516,17285,trial
3884,amazing,57,3,,pizza,Graduated College,😐,189167,1774624267361,1774624078195,female,null,null,3,true,english,5fd5ef3cb8ec2745c10454e3,69c69d465f399a6a783e6645,69c4533653a5dca26006e516,4110,attention
3884,amazing,57,,,party,Graduated College,null,189167,1774624267361,1774624078195,female,7,7,5,true,english,5fd5ef3cb8ec2745c10454e3,69c69d465f399a6a783e6645,69c4533653a5dca26006e516,9171,trial
3884,good,57,,,coffee,Graduated College,null,189167,1774624267361,1774624078195,female,4,6,4,true,english,5fd5ef3cb8ec2745c10454e3,69c69d465f399a6a783e6645,69c4533653a5dca26006e516,10123,trial
3884,okay,57,,,cookie,Graduated College,null,189167,1774624267361,1774624078195,female,3,5,3,true,english,5fd5ef3cb8ec2745c10454e3,69c69d465f399a6a783e6645,69c4533653a5dca26006e516,12721,trial
3884,terrible,57,,,party,Graduated College,null,189167,1774624267361,1774624078195,female,6,7,1,true,english,5fd5ef3cb8ec2745c10454e3,69c69d465f399a6a783e6645,69c4533653a5dca26006e516,11693,trial
3885,good,48,,,pizza,Higher degree,😀,385472,1774624366606,1774623981134,female,7,3,4,true,English,669d0cc89a352c57f3c0f59f,69c69ce56bc5cd294a608283,69c4533653a5dca26006e516,36149,trial
3885,good,48,,,cookie,Higher degree,null,385472,1774624366606,1774623981134,female,2,2,2,true,English,669d0cc89a352c57f3c0f59f,69c69ce56bc5cd294a608283,69c4533653a5dca26006e516,15461,trial
3885,amazing,48,,,pizza,Higher degree,☺️,385472,1774624366606,1774623981134,female,8,8,5,true,English,669d0cc89a352c57f3c0f59f,69c69ce56bc5cd294a608283,69c4533653a5dca26006e516,20417,trial
3885,bad,48,1,,cookie,Higher degree,🙁,385472,1774624366606,1774623981134,female,null,null,1,true,English,669d0cc89a352c57f3c0f59f,69c69ce56bc5cd294a608283,69c4533653a5dca26006e516,12117,attention
3885,okay,48,,,concert,Higher degree,😐,385472,1774624366606,1774623981134,female,8,6,3,true,English,669d0cc89a352c57f3c0f59f,69c69ce56bc5cd294a608283,69c4533653a5dca26006e516,23569,trial
3885,okay,48,,,restaurant meal,Higher degree,null,385472,1774624366606,1774623981134,female,2,3,2,true,English,669d0cc89a352c57f3c0f59f,69c69ce56bc5cd294a608283,69c4533653a5dca26006e516,20940,trial
3885,bad,48,,,concert,Higher degree,😔,385472,1774624366606,1774623981134,female,8,2,1,true,English,669d0cc89a352c57f3c0f59f,69c69ce56bc5cd294a608283,69c4533653a5dca26006e516,25647,trial
3885,bad,48,1,,coffee,Higher degree,😔,385472,1774624366606,1774623981134,female,null,null,1,true,English,669d0cc89a352c57f3c0f59f,69c69ce56bc5cd294a608283,69c4533653a5dca26006e516,9052,attention
3885,terrible,48,,,cookie,Higher degree,🙁,385472,1774624366606,1774623981134,female,8,2,1,true,English,669d0cc89a352c57f3c0f59f,69c69ce56bc5cd294a608283,69c4533653a5dca26006e516,23703,trial
3885,terrible,48,,,party,Higher degree,null,385472,1774624366606,1774623981134,female,2,3,2,true,English,669d0cc89a352c57f3c0f59f,69c69ce56bc5cd294a608283,69c4533653a5dca26006e516,16234,trial
3885,bad,48,,,cookie,Higher degree,null,385472,1774624366606,1774623981134,female,5,2,1,true,English,669d0cc89a352c57f3c0f59f,69c69ce56bc5cd294a608283,69c4533653a5dca26006e516,23455,trial
3885,amazing,48,,,pizza,Higher degree,null,385472,1774624366606,1774623981134,female,5,5,3,true,English,669d0cc89a352c57f3c0f59f,69c69ce56bc5cd294a608283,69c4533653a5dca26006e516,18974,trial
3886,bad,48,,,concert,Graduated High-school,null,347312,1774624564754,1774624217442,female,9,9,1,true,English,6716283de5fe806da4523e16,69c69dd034fc2f9df8e2b048,69c4533653a5dca26006e516,33242,trial
3886,amazing,48,,,restaurant meal,Graduated High-school,null,347312,1774624564754,1774624217442,female,9,9,5,true,English,6716283de5fe806da4523e16,69c69dd034fc2f9df8e2b048,69c4533653a5dca26006e516,23820,trial
3886,bad,48,,,movie,Graduated High-school,☹️,347312,1774624564754,1774624217442,female,9,7,1,true,English,6716283de5fe806da4523e16,69c69dd034fc2f9df8e2b048,69c4533653a5dca26006e516,25362,trial
3886,terrible,48,5,,pizza,Graduated High-school,☺️,347312,1774624564754,1774624217442,female,null,null,5,true,English,6716283de5fe806da4523e16,69c69dd034fc2f9df8e2b048,69c4533653a5dca26006e516,19928,attention
3886,good,48,,,concert,Graduated High-school,null,347312,1774624564754,1774624217442,female,6,5,4,true,English,6716283de5fe806da4523e16,69c69dd034fc2f9df8e2b048,69c4533653a5dca26006e516,31636,trial
3886,okay,48,,,cookie,Graduated High-school,null,347312,1774624564754,1774624217442,female,1,2,3,true,English,6716283de5fe806da4523e16,69c69dd034fc2f9df8e2b048,69c4533653a5dca26006e516,22093,trial
3886,okay,48,,,concert,Graduated High-school,😗,347312,1774624564754,1774624217442,female,9,6,2,true,English,6716283de5fe806da4523e16,69c69dd034fc2f9df8e2b048,69c4533653a5dca26006e516,46574,trial
3886,amazing,48,2,,cookie,Graduated High-school,😩,347312,1774624564754,1774624217442,female,null,null,2,true,English,6716283de5fe806da4523e16,69c69dd034fc2f9df8e2b048,69c4533653a5dca26006e516,15600,attention
3886,good,48,,,movie,Graduated High-school,🙂,347312,1774624564754,1774624217442,female,9,8,5,true,English,6716283de5fe806da4523e16,69c69dd034fc2f9df8e2b048,69c4533653a5dca26006e516,17393,trial
3886,terrible,48,,,movie,Graduated High-school,null,347312,1774624564754,1774624217442,female,5,7,1,true,English,6716283de5fe806da4523e16,69c69dd034fc2f9df8e2b048,69c4533653a5dca26006e516,22762,trial
3886,amazing,48,,,concert,Graduated High-school,☺️,347312,1774624564754,1774624217442,female,9,9,5,true,English,6716283de5fe806da4523e16,69c69dd034fc2f9df8e2b048,69c4533653a5dca26006e516,11987,trial
3886,terrible,48,,,coffee,Graduated High-school,☹️,347312,1774624564754,1774624217442,female,9,8,1,true,English,6716283de5fe806da4523e16,69c69dd034fc2f9df8e2b048,69c4533653a5dca26006e516,16765,trial
3887,okay,26,,,party,Graduated High-school,😗,254562,1774624700449,1774624445887,male,4,4,3,true,English,63d15a2dccce0705127190e3,69c69eb3fec7500f64df536c,69c4533653a5dca26006e516,10121,trial
3887,good,26,,,movie,Graduated High-school,null,254562,1774624700449,1774624445887,male,6,6,4,true,English,63d15a2dccce0705127190e3,69c69eb3fec7500f64df536c,69c4533653a5dca26006e516,5509,trial
3887,amazing,26,,,coffee,Graduated High-school,🙂,254562,1774624700449,1774624445887,male,8,8,5,true,English,63d15a2dccce0705127190e3,69c69eb3fec7500f64df536c,69c4533653a5dca26006e516,4501,trial
3887,okay,26,2,,restaurant meal,Graduated High-school,☹️,254562,1774624700449,1774624445887,male,null,null,2,true,English,63d15a2dccce0705127190e3,69c69eb3fec7500f64df536c,69c4533653a5dca26006e516,5280,attention
3887,amazing,26,,,party,Graduated High-school,null,254562,1774624700449,1774624445887,male,7,7,4,true,English,63d15a2dccce0705127190e3,69c69eb3fec7500f64df536c,69c4533653a5dca26006e516,8503,trial
3887,terrible,26,,,party,Graduated High-school,😔,254562,1774624700449,1774624445887,male,7,7,1,true,English,63d15a2dccce0705127190e3,69c69eb3fec7500f64df536c,69c4533653a5dca26006e516,11331,trial
3887,bad,26,,,concert,Graduated High-school,🙁,254562,1774624700449,1774624445887,male,7,7,2,true,English,63d15a2dccce0705127190e3,69c69eb3fec7500f64df536c,69c4533653a5dca26006e516,6521,trial
3887,bad,26,4,,movie,Graduated High-school,🙁,254562,1774624700449,1774624445887,male,null,null,4,true,English,63d15a2dccce0705127190e3,69c69eb3fec7500f64df536c,69c4533653a5dca26006e516,3575,attention
3887,terrible,26,,,pizza,Graduated High-school,null,254562,1774624700449,1774624445887,male,5,5,1,true,English,63d15a2dccce0705127190e3,69c69eb3fec7500f64df536c,69c4533653a5dca26006e516,11290,trial
3887,good,26,,,cookie,Graduated High-school,🙂,254562,1774624700449,1774624445887,male,7,7,4,true,English,63d15a2dccce0705127190e3,69c69eb3fec7500f64df536c,69c4533653a5dca26006e516,9670,trial
3887,okay,26,,,coffee,Graduated High-school,null,254562,1774624700449,1774624445887,male,5,5,3,true,English,63d15a2dccce0705127190e3,69c69eb3fec7500f64df536c,69c4533653a5dca26006e516,4880,trial
3887,bad,26,,,party,Graduated High-school,null,254562,1774624700449,1774624445887,male,5,5,2,true,English,63d15a2dccce0705127190e3,69c69eb3fec7500f64df536c,69c4533653a5dca26006e516,8634,trial
3888,bad,39,,the study was intresting,pizza,Graduated College,😠,458273,1774625165309,1774624707036,female,9,2,1,true,english,6913757aae0da25ca51bdb7b,69c69fb488ae5867968f0f59,69c4533653a5dca26006e516,55036,trial
3888,good,39,,the study was intresting,cookie,Graduated College,☺️,458273,1774625165309,1774624707036,female,9,8,5,true,english,6913757aae0da25ca51bdb7b,69c69fb488ae5867968f0f59,69c4533653a5dca26006e516,24143,trial
3888,good,39,,the study was intresting,party,Graduated College,null,458273,1774625165309,1774624707036,female,7,7,4,true,english,6913757aae0da25ca51bdb7b,69c69fb488ae5867968f0f59,69c4533653a5dca26006e516,18268,trial
3888,good,39,1,the study was intresting,party,Graduated College,😐,458273,1774625165309,1774624707036,female,null,null,1,true,english,6913757aae0da25ca51bdb7b,69c69fb488ae5867968f0f59,69c4533653a5dca26006e516,28859,attention
3888,terrible,39,,the study was intresting,concert,Graduated College,null,458273,1774625165309,1774624707036,female,8,5,2,true,english,6913757aae0da25ca51bdb7b,69c69fb488ae5867968f0f59,69c4533653a5dca26006e516,48770,trial
3888,bad,39,,the study was intresting,movie,Graduated College,null,458273,1774625165309,1774624707036,female,7,5,2,true,english,6913757aae0da25ca51bdb7b,69c69fb488ae5867968f0f59,69c4533653a5dca26006e516,27956,trial
3888,terrible,39,,the study was intresting,restaurant meal,Graduated College,🙁,458273,1774625165309,1774624707036,female,8,6,1,true,english,6913757aae0da25ca51bdb7b,69c69fb488ae5867968f0f59,69c4533653a5dca26006e516,43016,trial
3888,terrible,39,3,the study was intresting,movie,Graduated College,😗,458273,1774625165309,1774624707036,female,null,null,3,true,english,6913757aae0da25ca51bdb7b,69c69fb488ae5867968f0f59,69c4533653a5dca26006e516,15707,attention
3888,okay,39,,the study was intresting,restaurant meal,Graduated College,😗,458273,1774625165309,1774624707036,female,7,8,4,true,english,6913757aae0da25ca51bdb7b,69c69fb488ae5867968f0f59,69c4533653a5dca26006e516,19932,trial
3888,amazing,39,,the study was intresting,restaurant meal,Graduated College,😀,458273,1774625165309,1774624707036,female,7,8,5,true,english,6913757aae0da25ca51bdb7b,69c69fb488ae5867968f0f59,69c4533653a5dca26006e516,18405,trial
3888,amazing,39,,the study was intresting,movie,Graduated College,null,458273,1774625165309,1774624707036,female,8,6,3,true,english,6913757aae0da25ca51bdb7b,69c69fb488ae5867968f0f59,69c4533653a5dca26006e516,18949,trial
3888,okay,39,,the study was intresting,party,Graduated College,null,458273,1774625165309,1774624707036,female,7,6,3,true,english,6913757aae0da25ca51bdb7b,69c69fb488ae5867968f0f59,69c4533653a5dca26006e516,17832,trial
3889,okay,59,,,cookie,Graduated High-school,null,172779,1774625226870,1774625054091,female,4,4,3,true,English,5fd66ce8aec66457ff73d743,69c6a114e9491536cf91faa2,69c4533653a5dca26006e516,30220,trial
3889,amazing,59,,,movie,Graduated High-school,😆,172779,1774625226870,1774625054091,female,9,9,5,true,English,5fd66ce8aec66457ff73d743,69c6a114e9491536cf91faa2,69c4533653a5dca26006e516,20097,trial
3889,bad,59,,,party,Graduated High-school,null,172779,1774625226870,1774625054091,female,4,4,3,true,English,5fd66ce8aec66457ff73d743,69c6a114e9491536cf91faa2,69c4533653a5dca26006e516,8625,trial
3889,amazing,59,5,,party,Graduated High-school,😆,172779,1774625226870,1774625054091,female,null,null,5,true,English,5fd66ce8aec66457ff73d743,69c6a114e9491536cf91faa2,69c4533653a5dca26006e516,8304,attention
3889,good,59,,,cookie,Graduated High-school,null,172779,1774625226870,1774625054091,female,4,4,3,true,English,5fd66ce8aec66457ff73d743,69c6a114e9491536cf91faa2,69c4533653a5dca26006e516,16843,trial
3889,bad,59,,,cookie,Graduated High-school,😔,172779,1774625226870,1774625054091,female,9,9,5,true,English,5fd66ce8aec66457ff73d743,69c6a114e9491536cf91faa2,69c4533653a5dca26006e516,7824,trial
3889,terrible,59,,,concert,Graduated High-school,null,172779,1774625226870,1774625054091,female,6,6,4,true,English,5fd66ce8aec66457ff73d743,69c6a114e9491536cf91faa2,69c4533653a5dca26006e516,7734,trial
3889,terrible,59,4,,coffee,Graduated High-school,😔,172779,1774625226870,1774625054091,female,null,null,4,true,English,5fd66ce8aec66457ff73d743,69c6a114e9491536cf91faa2,69c4533653a5dca26006e516,5251,attention
3889,okay,59,,,restaurant meal,Graduated High-school,😗,172779,1774625226870,1774625054091,female,5,5,3,true,English,5fd66ce8aec66457ff73d743,69c6a114e9491536cf91faa2,69c4533653a5dca26006e516,8291,trial
3889,good,59,,,concert,Graduated High-school,😀,172779,1774625226870,1774625054091,female,9,9,5,true,English,5fd66ce8aec66457ff73d743,69c6a114e9491536cf91faa2,69c4533653a5dca26006e516,6812,trial
3889,terrible,59,,,coffee,Graduated High-school,🙁,172779,1774625226870,1774625054091,female,9,9,5,true,English,5fd66ce8aec66457ff73d743,69c6a114e9491536cf91faa2,69c4533653a5dca26006e516,5548,trial
3889,amazing,59,,,concert,Graduated High-school,null,172779,1774625226870,1774625054091,female,9,9,5,true,English,5fd66ce8aec66457ff73d743,69c6a114e9491536cf91faa2,69c4533653a5dca26006e516,6379,trial
3890,bad,55,,,coffee,Graduated College,😔,236094,1774625557191,1774625321097,male,7,8,2,true,English,5cfde288bab656000198b943,69c6a222713724a417c7fec5,69c4533653a5dca26006e516,37203,trial
3890,amazing,55,,,restaurant meal,Graduated College,😆,236094,1774625557191,1774625321097,male,8,9,5,true,English,5cfde288bab656000198b943,69c6a222713724a417c7fec5,69c4533653a5dca26006e516,21381,trial
3890,okay,55,,,concert,Graduated College,😐,236094,1774625557191,1774625321097,male,4,3,3,true,English,5cfde288bab656000198b943,69c6a222713724a417c7fec5,69c4533653a5dca26006e516,20491,trial
3890,okay,55,4,,pizza,Graduated College,😗,236094,1774625557191,1774625321097,male,null,null,4,true,English,5cfde288bab656000198b943,69c6a222713724a417c7fec5,69c4533653a5dca26006e516,4390,attention
3890,terrible,55,,,pizza,Graduated College,null,236094,1774625557191,1774625321097,male,7,8,4,true,English,5cfde288bab656000198b943,69c6a222713724a417c7fec5,69c4533653a5dca26006e516,17637,trial
3890,terrible,55,,,cookie,Graduated College,😠,236094,1774625557191,1774625321097,male,8,8,1,true,English,5cfde288bab656000198b943,69c6a222713724a417c7fec5,69c4533653a5dca26006e516,16487,trial
3890,bad,55,,,movie,Graduated College,null,236094,1774625557191,1774625321097,male,6,8,1,true,English,5cfde288bab656000198b943,69c6a222713724a417c7fec5,69c4533653a5dca26006e516,15644,trial
3890,amazing,55,5,,concert,Graduated College,😔,236094,1774625557191,1774625321097,male,null,null,5,true,English,5cfde288bab656000198b943,69c6a222713724a417c7fec5,69c4533653a5dca26006e516,3951,attention
3890,amazing,55,,,coffee,Graduated College,null,236094,1774625557191,1774625321097,male,8,8,5,true,English,5cfde288bab656000198b943,69c6a222713724a417c7fec5,69c4533653a5dca26006e516,10166,trial
3890,good,55,,,restaurant meal,Graduated College,null,236094,1774625557191,1774625321097,male,6,6,4,true,English,5cfde288bab656000198b943,69c6a222713724a417c7fec5,69c4533653a5dca26006e516,15382,trial
3890,okay,55,,,cookie,Graduated College,null,236094,1774625557191,1774625321097,male,6,6,3,true,English,5cfde288bab656000198b943,69c6a222713724a417c7fec5,69c4533653a5dca26006e516,8908,trial
3890,good,55,,,cookie,Graduated College,☺️,236094,1774625557191,1774625321097,male,6,7,4,true,English,5cfde288bab656000198b943,69c6a222713724a417c7fec5,69c4533653a5dca26006e516,8349,trial
3891,okay,25,,Thank you for having me.,party,Higher degree,😗,255588,1774625563370,1774625307782,male,3,6,4,true,English,6712618d06bcc8e18704a774,69c6a20dce3c21d6bf06395a,69c4533653a5dca26006e516,58310,trial
3891,amazing,25,,Thank you for having me.,concert,Higher degree,😆,255588,1774625563370,1774625307782,male,7,7,4,true,English,6712618d06bcc8e18704a774,69c6a20dce3c21d6bf06395a,69c4533653a5dca26006e516,15585,trial
3891,bad,25,,Thank you for having me.,movie,Higher degree,😩,255588,1774625563370,1774625307782,male,8,3,2,true,English,6712618d06bcc8e18704a774,69c6a20dce3c21d6bf06395a,69c4533653a5dca26006e516,16770,trial
3891,terrible,25,5,Thank you for having me.,party,Higher degree,☹️,255588,1774625563370,1774625307782,male,null,null,5,true,English,6712618d06bcc8e18704a774,69c6a20dce3c21d6bf06395a,69c4533653a5dca26006e516,8762,attention
3891,good,25,,Thank you for having me.,pizza,Higher degree,😆,255588,1774625563370,1774625307782,male,7,8,4,true,English,6712618d06bcc8e18704a774,69c6a20dce3c21d6bf06395a,69c4533653a5dca26006e516,10448,trial
3891,terrible,25,,Thank you for having me.,pizza,Higher degree,😩,255588,1774625563370,1774625307782,male,6,2,2,true,English,6712618d06bcc8e18704a774,69c6a20dce3c21d6bf06395a,69c4533653a5dca26006e516,12272,trial
3891,okay,25,,Thank you for having me.,coffee,Higher degree,null,255588,1774625563370,1774625307782,male,1,2,2,true,English,6712618d06bcc8e18704a774,69c6a20dce3c21d6bf06395a,69c4533653a5dca26006e516,19854,trial
3891,good,25,2,Thank you for having me.,pizza,Higher degree,😀,255588,1774625563370,1774625307782,male,null,null,2,true,English,6712618d06bcc8e18704a774,69c6a20dce3c21d6bf06395a,69c4533653a5dca26006e516,6378,attention
3891,amazing,25,,Thank you for having me.,cookie,Higher degree,null,255588,1774625563370,1774625307782,male,7,7,4,true,English,6712618d06bcc8e18704a774,69c6a20dce3c21d6bf06395a,69c4533653a5dca26006e516,16639,trial
3891,terrible,25,,Thank you for having me.,cookie,Higher degree,null,255588,1774625563370,1774625307782,male,7,2,2,true,English,6712618d06bcc8e18704a774,69c6a20dce3c21d6bf06395a,69c4533653a5dca26006e516,18524,trial
3891,bad,25,,Thank you for having me.,pizza,Higher degree,null,255588,1774625563370,1774625307782,male,8,1,1,true,English,6712618d06bcc8e18704a774,69c6a20dce3c21d6bf06395a,69c4533653a5dca26006e516,15653,trial
3891,good,25,,Thank you for having me.,cookie,Higher degree,null,255588,1774625563370,1774625307782,male,7,7,4,true,English,6712618d06bcc8e18704a774,69c6a20dce3c21d6bf06395a,69c4533653a5dca26006e516,12466,trial
3892,good,33,,,concert,Graduated College,😀,327968,1774626132657,1774625804689,male,9,8,4,true,English,59fa3f3705d1d60001f149da,69c6a3e7976cba127dfe2b23,69c4533653a5dca26006e516,13807,trial
3892,good,33,,,cookie,Graduated College,null,327968,1774626132657,1774625804689,male,8,8,4,true,English,59fa3f3705d1d60001f149da,69c6a3e7976cba127dfe2b23,69c4533653a5dca26006e516,23856,trial
3892,bad,33,,,cookie,Graduated College,null,327968,1774626132657,1774625804689,male,2,3,1,true,English,59fa3f3705d1d60001f149da,69c6a3e7976cba127dfe2b23,69c4533653a5dca26006e516,11632,trial
3892,terrible,33,3,,party,Graduated College,🙂,327968,1774626132657,1774625804689,male,null,null,3,true,English,59fa3f3705d1d60001f149da,69c6a3e7976cba127dfe2b23,69c4533653a5dca26006e516,10199,attention
3892,amazing,33,,,pizza,Graduated College,😀,327968,1774626132657,1774625804689,male,9,9,5,true,English,59fa3f3705d1d60001f149da,69c6a3e7976cba127dfe2b23,69c4533653a5dca26006e516,105439,trial
3892,amazing,33,,,party,Graduated College,null,327968,1774626132657,1774625804689,male,9,8,5,true,English,59fa3f3705d1d60001f149da,69c6a3e7976cba127dfe2b23,69c4533653a5dca26006e516,5783,trial
3892,terrible,33,,,coffee,Graduated College,😠,327968,1774626132657,1774625804689,male,6,2,1,true,English,59fa3f3705d1d60001f149da,69c6a3e7976cba127dfe2b23,69c4533653a5dca26006e516,10129,trial
3892,terrible,33,3,,party,Graduated College,😩,327968,1774626132657,1774625804689,male,null,null,3,true,English,59fa3f3705d1d60001f149da,69c6a3e7976cba127dfe2b23,69c4533653a5dca26006e516,4552,attention
3892,okay,33,,,pizza,Graduated College,😐,327968,1774626132657,1774625804689,male,4,5,3,true,English,59fa3f3705d1d60001f149da,69c6a3e7976cba127dfe2b23,69c4533653a5dca26006e516,27007,trial
3892,okay,33,,,party,Graduated College,null,327968,1774626132657,1774625804689,male,5,4,2,true,English,59fa3f3705d1d60001f149da,69c6a3e7976cba127dfe2b23,69c4533653a5dca26006e516,7577,trial
3892,bad,33,,,concert,Graduated College,☹️,327968,1774626132657,1774625804689,male,7,6,2,true,English,59fa3f3705d1d60001f149da,69c6a3e7976cba127dfe2b23,69c4533653a5dca26006e516,23072,trial
3892,terrible,33,,,movie,Graduated College,null,327968,1774626132657,1774625804689,male,4,5,2,true,English,59fa3f3705d1d60001f149da,69c6a3e7976cba127dfe2b23,69c4533653a5dca26006e516,6571,trial
3893,okay,21,,,concert,Higher degree,null,944008,1774626772247,1774625828239,female,9,8,5,true,English Spanish swahili,69b59c658c31fd1239c1a565,69c6a4192f12f4bc8899ea14,69c4533653a5dca26006e516,110863,trial
3893,good,21,,,cookie,Higher degree,null,944008,1774626772247,1774625828239,female,9,8,4,true,English Spanish swahili,69b59c658c31fd1239c1a565,69c6a4192f12f4bc8899ea14,69c4533653a5dca26006e516,23519,trial
3893,okay,21,,,coffee,Higher degree,😗,944008,1774626772247,1774625828239,female,7,8,5,true,English Spanish swahili,69b59c658c31fd1239c1a565,69c6a4192f12f4bc8899ea14,69c4533653a5dca26006e516,16487,trial
3893,amazing,21,2,,coffee,Higher degree,😩,944008,1774626772247,1774625828239,female,null,null,2,true,English Spanish swahili,69b59c658c31fd1239c1a565,69c6a4192f12f4bc8899ea14,69c4533653a5dca26006e516,137263,attention
3893,bad,21,,,restaurant meal,Higher degree,☹️,944008,1774626772247,1774625828239,female,5,8,2,true,English Spanish swahili,69b59c658c31fd1239c1a565,69c6a4192f12f4bc8899ea14,69c4533653a5dca26006e516,159751,trial
3893,amazing,21,,,restaurant meal,Higher degree,😆,944008,1774626772247,1774625828239,female,6,7,4,true,English Spanish swahili,69b59c658c31fd1239c1a565,69c6a4192f12f4bc8899ea14,69c4533653a5dca26006e516,66303,trial
3893,terrible,21,,,restaurant meal,Higher degree,😠,944008,1774626772247,1774625828239,female,5,6,1,true,English Spanish swahili,69b59c658c31fd1239c1a565,69c6a4192f12f4bc8899ea14,69c4533653a5dca26006e516,101407,trial
3893,terrible,21,1,,cookie,Higher degree,☹️,944008,1774626772247,1774625828239,female,null,null,1,true,English Spanish swahili,69b59c658c31fd1239c1a565,69c6a4192f12f4bc8899ea14,69c4533653a5dca26006e516,25183,attention
3893,terrible,21,,,movie,Higher degree,null,944008,1774626772247,1774625828239,female,7,8,5,true,English Spanish swahili,69b59c658c31fd1239c1a565,69c6a4192f12f4bc8899ea14,69c4533653a5dca26006e516,20064,trial
3893,amazing,21,,,pizza,Higher degree,null,944008,1774626772247,1774625828239,female,7,8,5,true,English Spanish swahili,69b59c658c31fd1239c1a565,69c6a4192f12f4bc8899ea14,69c4533653a5dca26006e516,103343,trial
3893,good,21,,,coffee,Higher degree,☺️,944008,1774626772247,1774625828239,female,7,8,5,true,English Spanish swahili,69b59c658c31fd1239c1a565,69c6a4192f12f4bc8899ea14,69c4533653a5dca26006e516,30824,trial
3893,bad,21,,,pizza,Higher degree,null,944008,1774626772247,1774625828239,female,7,8,1,true,English Spanish swahili,69b59c658c31fd1239c1a565,69c6a4192f12f4bc8899ea14,69c4533653a5dca26006e516,14488,trial
