submission_id,age,arousal,attentionCheckA,attentionCheckV,comments,context,education,experiment_duration,experiment_end_time,experiment_start_time,gender,isPassedAttention,languages,prolific_pid,prolific_session_id,prolific_study_id,responseTime,state,trialType,valence
3240,61,1,,,,cookie,Higher degree,214321,1772205432824,1772205218503,male,true,"English, French",66e0569e76fa6e4be6919693,69a1b49c1e26c0f8c7a6750e,69a1897608a0cd68430f0f9e,14640,1,trial,1
3240,61,3,,,,pizza,Higher degree,214321,1772205432824,1772205218503,male,true,"English, French",66e0569e76fa6e4be6919693,69a1b49c1e26c0f8c7a6750e,69a1897608a0cd68430f0f9e,19516,2,trial,2
3240,61,9,,,,cookie,Higher degree,214321,1772205432824,1772205218503,male,true,"English, French",66e0569e76fa6e4be6919693,69a1b49c1e26c0f8c7a6750e,69a1897608a0cd68430f0f9e,9743,5,trial,9
3240,61,1,1,5,,pizza,Higher degree,214321,1772205432824,1772205218503,male,true,"English, French",66e0569e76fa6e4be6919693,69a1b49c1e26c0f8c7a6750e,69a1897608a0cd68430f0f9e,17700,3,attention,5
3240,61,7,,,,concert,Higher degree,214321,1772205432824,1772205218503,male,true,"English, French",66e0569e76fa6e4be6919693,69a1b49c1e26c0f8c7a6750e,69a1897608a0cd68430f0f9e,9729,4,trial,7
3240,61,5,,,,restaurant meal,Higher degree,214321,1772205432824,1772205218503,male,true,"English, French",66e0569e76fa6e4be6919693,69a1b49c1e26c0f8c7a6750e,69a1897608a0cd68430f0f9e,13132,3,trial,6
3240,61,2,,,,party,Higher degree,214321,1772205432824,1772205218503,male,true,"English, French",66e0569e76fa6e4be6919693,69a1b49c1e26c0f8c7a6750e,69a1897608a0cd68430f0f9e,15797,2,trial,3
3240,61,4,4,1,,pizza,Higher degree,214321,1772205432824,1772205218503,male,true,"English, French",66e0569e76fa6e4be6919693,69a1b49c1e26c0f8c7a6750e,69a1897608a0cd68430f0f9e,10418,4,attention,1
3240,61,7,,,,party,Higher degree,214321,1772205432824,1772205218503,male,true,"English, French",66e0569e76fa6e4be6919693,69a1b49c1e26c0f8c7a6750e,69a1897608a0cd68430f0f9e,10589,4,trial,7
3240,61,9,,,,party,Higher degree,214321,1772205432824,1772205218503,male,true,"English, French",66e0569e76fa6e4be6919693,69a1b49c1e26c0f8c7a6750e,69a1897608a0cd68430f0f9e,6615,5,trial,9
3240,61,6,,,,cookie,Higher degree,214321,1772205432824,1772205218503,male,true,"English, French",66e0569e76fa6e4be6919693,69a1b49c1e26c0f8c7a6750e,69a1897608a0cd68430f0f9e,8948,3,trial,6
3240,61,1,,,,restaurant meal,Higher degree,214321,1772205432824,1772205218503,male,true,"English, French",66e0569e76fa6e4be6919693,69a1b49c1e26c0f8c7a6750e,69a1897608a0cd68430f0f9e,14677,1,trial,1
3254,52,3,,,,movie,Graduated College,125350,1772205497066,1772205371716,female,true,english,5f7760d025023628ce3f4d05,69a1b534a546ac575db23d7d,69a1897608a0cd68430f0f9e,11824,2,trial,4
3254,52,2,,,,movie,Graduated College,125350,1772205497066,1772205371716,female,true,english,5f7760d025023628ce3f4d05,69a1b534a546ac575db23d7d,69a1897608a0cd68430f0f9e,6933,1,trial,2
3254,52,7,,,,party,Graduated College,125350,1772205497066,1772205371716,female,true,english,5f7760d025023628ce3f4d05,69a1b534a546ac575db23d7d,69a1897608a0cd68430f0f9e,9129,3,trial,7
3254,52,3,3,4,,coffee,Graduated College,125350,1772205497066,1772205371716,female,true,english,5f7760d025023628ce3f4d05,69a1b534a546ac575db23d7d,69a1897608a0cd68430f0f9e,8164,2,attention,4
3254,52,9,,,,concert,Graduated College,125350,1772205497066,1772205371716,female,true,english,5f7760d025023628ce3f4d05,69a1b534a546ac575db23d7d,69a1897608a0cd68430f0f9e,5844,5,trial,9
3254,52,9,,,,party,Graduated College,125350,1772205497066,1772205371716,female,true,english,5f7760d025023628ce3f4d05,69a1b534a546ac575db23d7d,69a1897608a0cd68430f0f9e,3687,4,trial,8
3254,52,7,,,,cookie,Graduated College,125350,1772205497066,1772205371716,female,true,english,5f7760d025023628ce3f4d05,69a1b534a546ac575db23d7d,69a1897608a0cd68430f0f9e,4525,3,trial,7
3254,52,3,3,1,,movie,Graduated College,125350,1772205497066,1772205371716,female,true,english,5f7760d025023628ce3f4d05,69a1b534a546ac575db23d7d,69a1897608a0cd68430f0f9e,4565,5,attention,1
3254,52,8,,,,restaurant meal,Graduated College,125350,1772205497066,1772205371716,female,true,english,5f7760d025023628ce3f4d05,69a1b534a546ac575db23d7d,69a1897608a0cd68430f0f9e,5232,5,trial,9
3254,52,3,,,,restaurant meal,Graduated College,125350,1772205497066,1772205371716,female,true,english,5f7760d025023628ce3f4d05,69a1b534a546ac575db23d7d,69a1897608a0cd68430f0f9e,4639,1,trial,1
3254,52,3,,,,movie,Graduated College,125350,1772205497066,1772205371716,female,true,english,5f7760d025023628ce3f4d05,69a1b534a546ac575db23d7d,69a1897608a0cd68430f0f9e,5092,2,trial,3
3254,52,6,,,,movie,Graduated College,125350,1772205497066,1772205371716,female,true,english,5f7760d025023628ce3f4d05,69a1b534a546ac575db23d7d,69a1897608a0cd68430f0f9e,4029,4,trial,7
3271,71,3,,,,party,Graduated High-school,352985,1772205544999,1772205192014,male,true,English,637be9ed8005fb3ac639e04f,69a1b4796b5a82a68b495ef8,69a1897608a0cd68430f0f9e,29353,1,trial,2
3271,71,7,,,,concert,Graduated High-school,352985,1772205544999,1772205192014,male,true,English,637be9ed8005fb3ac639e04f,69a1b4796b5a82a68b495ef8,69a1897608a0cd68430f0f9e,29292,4,trial,7
3271,71,2,,,,pizza,Graduated High-school,352985,1772205544999,1772205192014,male,true,English,637be9ed8005fb3ac639e04f,69a1b4796b5a82a68b495ef8,69a1897608a0cd68430f0f9e,54789,3,trial,6
3271,71,5,5,5,,cookie,Graduated High-school,352985,1772205544999,1772205192014,male,true,English,637be9ed8005fb3ac639e04f,69a1b4796b5a82a68b495ef8,69a1897608a0cd68430f0f9e,15401,5,attention,5
3271,71,7,,,,movie,Graduated High-school,352985,1772205544999,1772205192014,male,true,English,637be9ed8005fb3ac639e04f,69a1b4796b5a82a68b495ef8,69a1897608a0cd68430f0f9e,13526,5,trial,9
3271,71,3,,,,concert,Graduated High-school,352985,1772205544999,1772205192014,male,true,English,637be9ed8005fb3ac639e04f,69a1b4796b5a82a68b495ef8,69a1897608a0cd68430f0f9e,16678,2,trial,4
3271,71,3,,,,restaurant meal,Graduated High-school,352985,1772205544999,1772205192014,male,true,English,637be9ed8005fb3ac639e04f,69a1b4796b5a82a68b495ef8,69a1897608a0cd68430f0f9e,32535,1,trial,2
3271,71,4,4,2,,concert,Graduated High-school,352985,1772205544999,1772205192014,male,true,English,637be9ed8005fb3ac639e04f,69a1b4796b5a82a68b495ef8,69a1897608a0cd68430f0f9e,13301,4,attention,2
3271,71,6,,,,cookie,Graduated High-school,352985,1772205544999,1772205192014,male,true,English,637be9ed8005fb3ac639e04f,69a1b4796b5a82a68b495ef8,69a1897608a0cd68430f0f9e,13401,5,trial,9
3271,71,7,,,,concert,Graduated High-school,352985,1772205544999,1772205192014,male,true,English,637be9ed8005fb3ac639e04f,69a1b4796b5a82a68b495ef8,69a1897608a0cd68430f0f9e,20687,4,trial,7
3271,71,3,,,,movie,Graduated High-school,352985,1772205544999,1772205192014,male,true,English,637be9ed8005fb3ac639e04f,69a1b4796b5a82a68b495ef8,69a1897608a0cd68430f0f9e,10663,2,trial,4
3271,71,5,,,,party,Graduated High-school,352985,1772205544999,1772205192014,male,true,English,637be9ed8005fb3ac639e04f,69a1b4796b5a82a68b495ef8,69a1897608a0cd68430f0f9e,18816,3,trial,6
3248,50,2,,,,coffee,Graduated College,138703,1772205469732,1772205331029,female,true,,669053bbebafdd430e770142,69a1b50b3b1bfd970fe95e5c,69a1897608a0cd68430f0f9e,17945,3,trial,5
3248,50,6,,,,movie,Graduated College,138703,1772205469732,1772205331029,female,true,,669053bbebafdd430e770142,69a1b50b3b1bfd970fe95e5c,69a1897608a0cd68430f0f9e,8192,2,trial,3
3248,50,8,,,,movie,Graduated College,138703,1772205469732,1772205331029,female,true,,669053bbebafdd430e770142,69a1b50b3b1bfd970fe95e5c,69a1897608a0cd68430f0f9e,5888,4,trial,8
3248,50,5,3,5,,restaurant meal,Graduated College,138703,1772205469732,1772205331029,female,false,,669053bbebafdd430e770142,69a1b50b3b1bfd970fe95e5c,69a1897608a0cd68430f0f9e,17184,4,attention,9
3248,50,8,,,,movie,Graduated College,138703,1772205469732,1772205331029,female,true,,669053bbebafdd430e770142,69a1b50b3b1bfd970fe95e5c,69a1897608a0cd68430f0f9e,8072,1,trial,1
3248,50,9,,,,movie,Graduated College,138703,1772205469732,1772205331029,female,true,,669053bbebafdd430e770142,69a1b50b3b1bfd970fe95e5c,69a1897608a0cd68430f0f9e,4033,5,trial,9
3248,50,2,,,,cookie,Graduated College,138703,1772205469732,1772205331029,female,true,,669053bbebafdd430e770142,69a1b50b3b1bfd970fe95e5c,69a1897608a0cd68430f0f9e,6705,3,trial,5
3248,50,5,5,4,,party,Graduated College,138703,1772205469732,1772205331029,female,false,,669053bbebafdd430e770142,69a1b50b3b1bfd970fe95e5c,69a1897608a0cd68430f0f9e,5031,2,attention,8
3248,50,7,,,,movie,Graduated College,138703,1772205469732,1772205331029,female,true,,669053bbebafdd430e770142,69a1b50b3b1bfd970fe95e5c,69a1897608a0cd68430f0f9e,5096,4,trial,8
3248,50,8,,,,restaurant meal,Graduated College,138703,1772205469732,1772205331029,female,true,,669053bbebafdd430e770142,69a1b50b3b1bfd970fe95e5c,69a1897608a0cd68430f0f9e,8240,1,trial,1
3248,50,9,,,,movie,Graduated College,138703,1772205469732,1772205331029,female,true,,669053bbebafdd430e770142,69a1b50b3b1bfd970fe95e5c,69a1897608a0cd68430f0f9e,3239,5,trial,9
3248,50,6,,,,cookie,Graduated College,138703,1772205469732,1772205331029,female,true,,669053bbebafdd430e770142,69a1b50b3b1bfd970fe95e5c,69a1897608a0cd68430f0f9e,8720,2,trial,3
3311,,1,,,,movie,,281856,1772205699063,1772205417207,,true,,62d43cee3d60ac98c1dcacc8,69a1b561ee3c5b0fed5cd9cb,69a1897608a0cd68430f0f9e,36304,1,trial,1
3311,,7,,,,coffee,,281856,1772205699063,1772205417207,,true,,62d43cee3d60ac98c1dcacc8,69a1b561ee3c5b0fed5cd9cb,69a1897608a0cd68430f0f9e,14799,4,trial,7
3311,,9,,,,movie,,281856,1772205699063,1772205417207,,true,,62d43cee3d60ac98c1dcacc8,69a1b561ee3c5b0fed5cd9cb,69a1897608a0cd68430f0f9e,10367,5,trial,9
3311,,1,1,3,,pizza,,281856,1772205699063,1772205417207,,true,,62d43cee3d60ac98c1dcacc8,69a1b561ee3c5b0fed5cd9cb,69a1897608a0cd68430f0f9e,28257,3,attention,3
3311,,5,,,,party,,281856,1772205699063,1772205417207,,true,,62d43cee3d60ac98c1dcacc8,69a1b561ee3c5b0fed5cd9cb,69a1897608a0cd68430f0f9e,15655,3,trial,6
3311,,5,,,,coffee,,281856,1772205699063,1772205417207,,true,,62d43cee3d60ac98c1dcacc8,69a1b561ee3c5b0fed5cd9cb,69a1897608a0cd68430f0f9e,27407,2,trial,2
3311,,1,,,,movie,,281856,1772205699063,1772205417207,,true,,62d43cee3d60ac98c1dcacc8,69a1b561ee3c5b0fed5cd9cb,69a1897608a0cd68430f0f9e,11352,1,trial,1
3311,,1,1,4,,party,,281856,1772205699063,1772205417207,,true,,62d43cee3d60ac98c1dcacc8,69a1b561ee3c5b0fed5cd9cb,69a1897608a0cd68430f0f9e,34064,3,attention,4
3311,,3,,,,coffee,,281856,1772205699063,1772205417207,,true,,62d43cee3d60ac98c1dcacc8,69a1b561ee3c5b0fed5cd9cb,69a1897608a0cd68430f0f9e,28215,5,trial,9
3311,,1,,,,cookie,,281856,1772205699063,1772205417207,,true,,62d43cee3d60ac98c1dcacc8,69a1b561ee3c5b0fed5cd9cb,69a1897608a0cd68430f0f9e,11104,2,trial,3
3311,,6,,,,movie,,281856,1772205699063,1772205417207,,true,,62d43cee3d60ac98c1dcacc8,69a1b561ee3c5b0fed5cd9cb,69a1897608a0cd68430f0f9e,10056,3,trial,6
3311,,8,,,,concert,,281856,1772205699063,1772205417207,,true,,62d43cee3d60ac98c1dcacc8,69a1b561ee3c5b0fed5cd9cb,69a1897608a0cd68430f0f9e,12073,4,trial,8
3228,34,5,,,,restaurant meal,Higher degree,124773,1772205310739,1772205185966,female,true,English,62740f4f578f0114e649016d,69a1b476d2d66c3ab7a78338,69a1897608a0cd68430f0f9e,32874,4,trial,7
3228,34,6,,,,pizza,Higher degree,124773,1772205310739,1772205185966,female,true,English,62740f4f578f0114e649016d,69a1b476d2d66c3ab7a78338,69a1897608a0cd68430f0f9e,5384,5,trial,9
3228,34,7,,,,party,Higher degree,124773,1772205310739,1772205185966,female,true,English,62740f4f578f0114e649016d,69a1b476d2d66c3ab7a78338,69a1897608a0cd68430f0f9e,4455,1,trial,1
3228,34,6,1,2,,pizza,Higher degree,124773,1772205310739,1772205185966,female,false,English,62740f4f578f0114e649016d,69a1b476d2d66c3ab7a78338,69a1897608a0cd68430f0f9e,5115,3,attention,3
3228,34,7,,,,coffee,Higher degree,124773,1772205310739,1772205185966,female,true,English,62740f4f578f0114e649016d,69a1b476d2d66c3ab7a78338,69a1897608a0cd68430f0f9e,4679,2,trial,3
3228,34,2,,,,party,Higher degree,124773,1772205310739,1772205185966,female,true,English,62740f4f578f0114e649016d,69a1b476d2d66c3ab7a78338,69a1897608a0cd68430f0f9e,5704,3,trial,5
3228,34,6,,,,cookie,Higher degree,124773,1772205310739,1772205185966,female,true,English,62740f4f578f0114e649016d,69a1b476d2d66c3ab7a78338,69a1897608a0cd68430f0f9e,4374,4,trial,7
3228,34,3,3,3,,movie,Higher degree,124773,1772205310739,1772205185966,female,true,English,62740f4f578f0114e649016d,69a1b476d2d66c3ab7a78338,69a1897608a0cd68430f0f9e,9821,3,attention,3
3228,34,7,,,,pizza,Higher degree,124773,1772205310739,1772205185966,female,true,English,62740f4f578f0114e649016d,69a1b476d2d66c3ab7a78338,69a1897608a0cd68430f0f9e,4449,2,trial,3
3228,34,8,,,,restaurant meal,Higher degree,124773,1772205310739,1772205185966,female,true,English,62740f4f578f0114e649016d,69a1b476d2d66c3ab7a78338,69a1897608a0cd68430f0f9e,4550,1,trial,1
3228,34,3,,,,cookie,Higher degree,124773,1772205310739,1772205185966,female,true,English,62740f4f578f0114e649016d,69a1b476d2d66c3ab7a78338,69a1897608a0cd68430f0f9e,5212,3,trial,5
3228,34,7,,,,pizza,Higher degree,124773,1772205310739,1772205185966,female,true,English,62740f4f578f0114e649016d,69a1b476d2d66c3ab7a78338,69a1897608a0cd68430f0f9e,3654,5,trial,9
3229,23,6,,,,restaurant meal,Graduated College,73467,1772205312807,1772205239340,female,true,english,6978c3a72db1c98638d31aa7,69a1b4696b99c73807c56806,69a1897608a0cd68430f0f9e,14080,3,trial,5
3229,23,8,,,,coffee,Graduated College,73467,1772205312807,1772205239340,female,true,english,6978c3a72db1c98638d31aa7,69a1b4696b99c73807c56806,69a1897608a0cd68430f0f9e,3861,5,trial,8
3229,23,8,,,,cookie,Graduated College,73467,1772205312807,1772205239340,female,true,english,6978c3a72db1c98638d31aa7,69a1b4696b99c73807c56806,69a1897608a0cd68430f0f9e,3449,1,trial,1
3229,23,5,5,2,,coffee,Graduated College,73467,1772205312807,1772205239340,female,true,english,6978c3a72db1c98638d31aa7,69a1b4696b99c73807c56806,69a1897608a0cd68430f0f9e,4155,3,attention,2
3229,23,7,,,,cookie,Graduated College,73467,1772205312807,1772205239340,female,true,english,6978c3a72db1c98638d31aa7,69a1b4696b99c73807c56806,69a1897608a0cd68430f0f9e,3903,4,trial,7
3229,23,7,,,,party,Graduated College,73467,1772205312807,1772205239340,female,true,english,6978c3a72db1c98638d31aa7,69a1b4696b99c73807c56806,69a1897608a0cd68430f0f9e,5139,2,trial,2
3229,23,8,,,,party,Graduated College,73467,1772205312807,1772205239340,female,true,english,6978c3a72db1c98638d31aa7,69a1b4696b99c73807c56806,69a1897608a0cd68430f0f9e,3342,4,trial,8
3229,23,5,5,3,,concert,Graduated College,73467,1772205312807,1772205239340,female,true,english,6978c3a72db1c98638d31aa7,69a1b4696b99c73807c56806,69a1897608a0cd68430f0f9e,3888,2,attention,3
3229,23,7,,,,concert,Graduated College,73467,1772205312807,1772205239340,female,true,english,6978c3a72db1c98638d31aa7,69a1b4696b99c73807c56806,69a1897608a0cd68430f0f9e,3403,2,trial,2
3229,23,9,,,,restaurant meal,Graduated College,73467,1772205312807,1772205239340,female,true,english,6978c3a72db1c98638d31aa7,69a1b4696b99c73807c56806,69a1897608a0cd68430f0f9e,3813,1,trial,1
3229,23,6,,,,concert,Graduated College,73467,1772205312807,1772205239340,female,true,english,6978c3a72db1c98638d31aa7,69a1b4696b99c73807c56806,69a1897608a0cd68430f0f9e,3528,3,trial,5
3229,23,9,,,,restaurant meal,Graduated College,73467,1772205312807,1772205239340,female,true,english,6978c3a72db1c98638d31aa7,69a1b4696b99c73807c56806,69a1897608a0cd68430f0f9e,3903,5,trial,9
3230,39,9,,,,concert,Higher degree,153820,1772205323611,1772205169791,male,true,English,62ead930d596b021e1e12007,69a1b46ba68818c070b9c0eb,69a1897608a0cd68430f0f9e,11881,5,trial,9
3230,39,3,,,,cookie,Higher degree,153820,1772205323611,1772205169791,male,true,English,62ead930d596b021e1e12007,69a1b46ba68818c070b9c0eb,69a1897608a0cd68430f0f9e,13292,2,trial,3
3230,39,5,,,,coffee,Higher degree,153820,1772205323611,1772205169791,male,true,English,62ead930d596b021e1e12007,69a1b46ba68818c070b9c0eb,69a1897608a0cd68430f0f9e,11604,3,trial,5
3230,39,3,3,5,,restaurant meal,Higher degree,153820,1772205323611,1772205169791,male,true,English,62ead930d596b021e1e12007,69a1b46ba68818c070b9c0eb,69a1897608a0cd68430f0f9e,10384,4,attention,5
3230,39,7,,,,movie,Higher degree,153820,1772205323611,1772205169791,male,true,English,62ead930d596b021e1e12007,69a1b46ba68818c070b9c0eb,69a1897608a0cd68430f0f9e,11216,4,trial,7
3230,39,1,,,,restaurant meal,Higher degree,153820,1772205323611,1772205169791,male,true,English,62ead930d596b021e1e12007,69a1b46ba68818c070b9c0eb,69a1897608a0cd68430f0f9e,9055,1,trial,1
3230,39,7,,,,restaurant meal,Higher degree,153820,1772205323611,1772205169791,male,true,English,62ead930d596b021e1e12007,69a1b46ba68818c070b9c0eb,69a1897608a0cd68430f0f9e,6646,4,trial,7
3230,39,2,2,2,,pizza,Higher degree,153820,1772205323611,1772205169791,male,true,English,62ead930d596b021e1e12007,69a1b46ba68818c070b9c0eb,69a1897608a0cd68430f0f9e,4752,1,attention,2
3230,39,3,,,,movie,Higher degree,153820,1772205323611,1772205169791,male,true,English,62ead930d596b021e1e12007,69a1b46ba68818c070b9c0eb,69a1897608a0cd68430f0f9e,10624,2,trial,3
3230,39,5,,,,party,Higher degree,153820,1772205323611,1772205169791,male,true,English,62ead930d596b021e1e12007,69a1b46ba68818c070b9c0eb,69a1897608a0cd68430f0f9e,5272,3,trial,5
3230,39,1,,,,party,Higher degree,153820,1772205323611,1772205169791,male,true,English,62ead930d596b021e1e12007,69a1b46ba68818c070b9c0eb,69a1897608a0cd68430f0f9e,7128,1,trial,1
3230,39,9,,,,movie,Higher degree,153820,1772205323611,1772205169791,male,true,English,62ead930d596b021e1e12007,69a1b46ba68818c070b9c0eb,69a1897608a0cd68430f0f9e,3672,5,trial,9
3232,66,3,,,,party,Graduated College,157401,1772205370279,1772205212878,female,true,english,6030cf35e7fec0f5c6d201c5,69a1b4935978ad15e77b7866,69a1897608a0cd68430f0f9e,19728,1,trial,2
3232,66,8,,,,pizza,Graduated College,157401,1772205370279,1772205212878,female,true,english,6030cf35e7fec0f5c6d201c5,69a1b4935978ad15e77b7866,69a1897608a0cd68430f0f9e,6485,5,trial,9
3232,66,7,,,,concert,Graduated College,157401,1772205370279,1772205212878,female,true,english,6030cf35e7fec0f5c6d201c5,69a1b4935978ad15e77b7866,69a1897608a0cd68430f0f9e,8791,4,trial,7
3232,66,1,1,3,,concert,Graduated College,157401,1772205370279,1772205212878,female,true,english,6030cf35e7fec0f5c6d201c5,69a1b4935978ad15e77b7866,69a1897608a0cd68430f0f9e,10119,5,attention,3
3232,66,4,,,,party,Graduated College,157401,1772205370279,1772205212878,female,true,english,6030cf35e7fec0f5c6d201c5,69a1b4935978ad15e77b7866,69a1897608a0cd68430f0f9e,11207,3,trial,6
3232,66,4,,,,restaurant meal,Graduated College,157401,1772205370279,1772205212878,female,true,english,6030cf35e7fec0f5c6d201c5,69a1b4935978ad15e77b7866,69a1897608a0cd68430f0f9e,9934,2,trial,4
3232,66,7,,,,party,Graduated College,157401,1772205370279,1772205212878,female,true,english,6030cf35e7fec0f5c6d201c5,69a1b4935978ad15e77b7866,69a1897608a0cd68430f0f9e,11663,4,trial,7
3232,66,5,5,1,,cookie,Graduated College,157401,1772205370279,1772205212878,female,true,english,6030cf35e7fec0f5c6d201c5,69a1b4935978ad15e77b7866,69a1897608a0cd68430f0f9e,7815,3,attention,1
3232,66,5,,,,pizza,Graduated College,157401,1772205370279,1772205212878,female,true,english,6030cf35e7fec0f5c6d201c5,69a1b4935978ad15e77b7866,69a1897608a0cd68430f0f9e,12927,1,trial,2
3232,66,5,,,,pizza,Graduated College,157401,1772205370279,1772205212878,female,true,english,6030cf35e7fec0f5c6d201c5,69a1b4935978ad15e77b7866,69a1897608a0cd68430f0f9e,6907,2,trial,3
3232,66,9,,,,restaurant meal,Graduated College,157401,1772205370279,1772205212878,female,true,english,6030cf35e7fec0f5c6d201c5,69a1b4935978ad15e77b7866,69a1897608a0cd68430f0f9e,5355,5,trial,9
3232,66,5,,,,party,Graduated College,157401,1772205370279,1772205212878,female,true,english,6030cf35e7fec0f5c6d201c5,69a1b4935978ad15e77b7866,69a1897608a0cd68430f0f9e,6049,3,trial,6
3234,43,9,,,,party,Graduated College,193080,1772205375236,1772205182156,male,true,English,6931084867fa8967fa024a7b,69a1b46e82448268ff70dda4,69a1897608a0cd68430f0f9e,27401,5,trial,8
3234,43,5,,,,pizza,Graduated College,193080,1772205375236,1772205182156,male,true,English,6931084867fa8967fa024a7b,69a1b46e82448268ff70dda4,69a1897608a0cd68430f0f9e,7865,4,trial,7
3234,43,5,,,,party,Graduated College,193080,1772205375236,1772205182156,male,true,English,6931084867fa8967fa024a7b,69a1b46e82448268ff70dda4,69a1897608a0cd68430f0f9e,12200,3,trial,6
3234,43,5,5,3,,party,Graduated College,193080,1772205375236,1772205182156,male,true,English,6931084867fa8967fa024a7b,69a1b46e82448268ff70dda4,69a1897608a0cd68430f0f9e,8949,5,attention,3
3234,43,4,,,,concert,Graduated College,193080,1772205375236,1772205182156,male,true,English,6931084867fa8967fa024a7b,69a1b46e82448268ff70dda4,69a1897608a0cd68430f0f9e,17151,2,trial,3
3234,43,6,,,,pizza,Graduated College,193080,1772205375236,1772205182156,male,true,English,6931084867fa8967fa024a7b,69a1b46e82448268ff70dda4,69a1897608a0cd68430f0f9e,9984,1,trial,2
3234,43,6,,,,restaurant meal,Graduated College,193080,1772205375236,1772205182156,male,true,English,6931084867fa8967fa024a7b,69a1b46e82448268ff70dda4,69a1897608a0cd68430f0f9e,7016,4,trial,7
3234,43,3,3,4,,cookie,Graduated College,193080,1772205375236,1772205182156,male,true,English,6931084867fa8967fa024a7b,69a1b46e82448268ff70dda4,69a1897608a0cd68430f0f9e,9133,2,attention,4
3234,43,9,,,,concert,Graduated College,193080,1772205375236,1772205182156,male,true,English,6931084867fa8967fa024a7b,69a1b46e82448268ff70dda4,69a1897608a0cd68430f0f9e,7817,5,trial,8
3234,43,5,,,,pizza,Graduated College,193080,1772205375236,1772205182156,male,true,English,6931084867fa8967fa024a7b,69a1b46e82448268ff70dda4,69a1897608a0cd68430f0f9e,8633,3,trial,6
3234,43,5,,,,cookie,Graduated College,193080,1772205375236,1772205182156,male,true,English,6931084867fa8967fa024a7b,69a1b46e82448268ff70dda4,69a1897608a0cd68430f0f9e,8984,2,trial,4
3234,43,5,,,,restaurant meal,Graduated College,193080,1772205375236,1772205182156,male,true,English,6931084867fa8967fa024a7b,69a1b46e82448268ff70dda4,69a1897608a0cd68430f0f9e,7249,1,trial,2
3235,28,6,,,,cookie,Higher degree,190439,1772205382608,1772205192169,female,true,English ,600823f4e4ff8838b38948f6,69a1b47ee36e5957691bfac6,69a1897608a0cd68430f0f9e,32532,3,trial,6
3235,28,9,,,,concert,Higher degree,190439,1772205382608,1772205192169,female,true,English ,600823f4e4ff8838b38948f6,69a1b47ee36e5957691bfac6,69a1897608a0cd68430f0f9e,14343,5,trial,9
3235,28,8,,,,concert,Higher degree,190439,1772205382608,1772205192169,female,true,English ,600823f4e4ff8838b38948f6,69a1b47ee36e5957691bfac6,69a1897608a0cd68430f0f9e,11285,4,trial,8
3235,28,5,5,4,,restaurant meal,Higher degree,190439,1772205382608,1772205192169,female,true,English ,600823f4e4ff8838b38948f6,69a1b47ee36e5957691bfac6,69a1897608a0cd68430f0f9e,18148,4,attention,4
3235,28,4,,,,pizza,Higher degree,190439,1772205382608,1772205192169,female,true,English ,600823f4e4ff8838b38948f6,69a1b47ee36e5957691bfac6,69a1897608a0cd68430f0f9e,6457,2,trial,4
3235,28,1,,,,pizza,Higher degree,190439,1772205382608,1772205192169,female,true,English ,600823f4e4ff8838b38948f6,69a1b47ee36e5957691bfac6,69a1897608a0cd68430f0f9e,6381,1,trial,1
3235,28,7,,,,party,Higher degree,190439,1772205382608,1772205192169,female,true,English ,600823f4e4ff8838b38948f6,69a1b47ee36e5957691bfac6,69a1897608a0cd68430f0f9e,6484,4,trial,7
3235,28,2,2,4,,movie,Higher degree,190439,1772205382608,1772205192169,female,true,English ,600823f4e4ff8838b38948f6,69a1b47ee36e5957691bfac6,69a1897608a0cd68430f0f9e,9888,4,attention,4
3235,28,3,,,,movie,Higher degree,190439,1772205382608,1772205192169,female,true,English ,600823f4e4ff8838b38948f6,69a1b47ee36e5957691bfac6,69a1897608a0cd68430f0f9e,7386,2,trial,3
3235,28,6,,,,movie,Higher degree,190439,1772205382608,1772205192169,female,true,English ,600823f4e4ff8838b38948f6,69a1b47ee36e5957691bfac6,69a1897608a0cd68430f0f9e,14287,3,trial,6
3235,28,9,,,,pizza,Higher degree,190439,1772205382608,1772205192169,female,true,English ,600823f4e4ff8838b38948f6,69a1b47ee36e5957691bfac6,69a1897608a0cd68430f0f9e,6492,5,trial,9
3235,28,1,,,,coffee,Higher degree,190439,1772205382608,1772205192169,female,true,English ,600823f4e4ff8838b38948f6,69a1b47ee36e5957691bfac6,69a1897608a0cd68430f0f9e,6462,1,trial,1
3227,67,5,,,Good luck with the study :-),party,Graduated College,136188,1772205311940,1772205175752,male,true,English,5d4310bbd8e961001b825ca4,69a1b46e1a0602566e4b33f8,69a1897608a0cd68430f0f9e,23214,2,trial,3
3227,67,5,,,Good luck with the study :-),party,Graduated College,136188,1772205311940,1772205175752,male,true,English,5d4310bbd8e961001b825ca4,69a1b46e1a0602566e4b33f8,69a1897608a0cd68430f0f9e,8408,3,trial,5
3227,67,3,,,Good luck with the study :-),pizza,Graduated College,136188,1772205311940,1772205175752,male,true,English,5d4310bbd8e961001b825ca4,69a1b46e1a0602566e4b33f8,69a1897608a0cd68430f0f9e,10264,1,trial,1
3227,67,2,2,1,Good luck with the study :-),pizza,Graduated College,136188,1772205311940,1772205175752,male,true,English,5d4310bbd8e961001b825ca4,69a1b46e1a0602566e4b33f8,69a1897608a0cd68430f0f9e,4868,5,attention,1
3227,67,8,,,Good luck with the study :-),party,Graduated College,136188,1772205311940,1772205175752,male,true,English,5d4310bbd8e961001b825ca4,69a1b46e1a0602566e4b33f8,69a1897608a0cd68430f0f9e,5786,4,trial,8
3227,67,7,,,Good luck with the study :-),coffee,Graduated College,136188,1772205311940,1772205175752,male,true,English,5d4310bbd8e961001b825ca4,69a1b46e1a0602566e4b33f8,69a1897608a0cd68430f0f9e,6154,5,trial,9
3227,67,4,,,Good luck with the study :-),cookie,Graduated College,136188,1772205311940,1772205175752,male,true,English,5d4310bbd8e961001b825ca4,69a1b46e1a0602566e4b33f8,69a1897608a0cd68430f0f9e,5400,1,trial,1
3227,67,5,5,5,Good luck with the study :-),restaurant meal,Graduated College,136188,1772205311940,1772205175752,male,true,English,5d4310bbd8e961001b825ca4,69a1b46e1a0602566e4b33f8,69a1897608a0cd68430f0f9e,4824,4,attention,5
3227,67,5,,,Good luck with the study :-),party,Graduated College,136188,1772205311940,1772205175752,male,true,English,5d4310bbd8e961001b825ca4,69a1b46e1a0602566e4b33f8,69a1897608a0cd68430f0f9e,5060,3,trial,5
3227,67,5,,,Good luck with the study :-),coffee,Graduated College,136188,1772205311940,1772205175752,male,true,English,5d4310bbd8e961001b825ca4,69a1b46e1a0602566e4b33f8,69a1897608a0cd68430f0f9e,6798,2,trial,3
3227,67,7,,,Good luck with the study :-),party,Graduated College,136188,1772205311940,1772205175752,male,true,English,5d4310bbd8e961001b825ca4,69a1b46e1a0602566e4b33f8,69a1897608a0cd68430f0f9e,6036,4,trial,8
3227,67,7,,,Good luck with the study :-),cookie,Graduated College,136188,1772205311940,1772205175752,male,true,English,5d4310bbd8e961001b825ca4,69a1b46e1a0602566e4b33f8,69a1897608a0cd68430f0f9e,4726,5,trial,9
3238,46,9,,,,restaurant meal,Graduated High-school,240685,1772205429434,1772205188749,male,true,English,6097ec1a8c0b4df21cbb9024,69a1b47f401bbdf645da2329,69a1897608a0cd68430f0f9e,21623,5,trial,9
3238,46,1,,,,movie,Graduated High-school,240685,1772205429434,1772205188749,male,true,English,6097ec1a8c0b4df21cbb9024,69a1b47f401bbdf645da2329,69a1897608a0cd68430f0f9e,16770,2,trial,2
3238,46,1,,,,movie,Graduated High-school,240685,1772205429434,1772205188749,male,true,English,6097ec1a8c0b4df21cbb9024,69a1b47f401bbdf645da2329,69a1897608a0cd68430f0f9e,9600,1,trial,1
3238,46,1,2,3,,movie,Graduated High-school,240685,1772205429434,1772205188749,male,false,English,6097ec1a8c0b4df21cbb9024,69a1b47f401bbdf645da2329,69a1897608a0cd68430f0f9e,14595,4,attention,3
3238,46,7,,,,restaurant meal,Graduated High-school,240685,1772205429434,1772205188749,male,true,English,6097ec1a8c0b4df21cbb9024,69a1b47f401bbdf645da2329,69a1897608a0cd68430f0f9e,17468,4,trial,8
3238,46,5,,,,cookie,Graduated High-school,240685,1772205429434,1772205188749,male,true,English,6097ec1a8c0b4df21cbb9024,69a1b47f401bbdf645da2329,69a1897608a0cd68430f0f9e,20460,3,trial,5
3238,46,2,,,,movie,Graduated High-school,240685,1772205429434,1772205188749,male,true,English,6097ec1a8c0b4df21cbb9024,69a1b47f401bbdf645da2329,69a1897608a0cd68430f0f9e,25388,2,trial,3
3238,46,4,4,3,,pizza,Graduated High-school,240685,1772205429434,1772205188749,male,true,English,6097ec1a8c0b4df21cbb9024,69a1b47f401bbdf645da2329,69a1897608a0cd68430f0f9e,10448,5,attention,3
3238,46,5,,,,cookie,Graduated High-school,240685,1772205429434,1772205188749,male,true,English,6097ec1a8c0b4df21cbb9024,69a1b47f401bbdf645da2329,69a1897608a0cd68430f0f9e,7327,3,trial,5
3238,46,1,,,,concert,Graduated High-school,240685,1772205429434,1772205188749,male,true,English,6097ec1a8c0b4df21cbb9024,69a1b47f401bbdf645da2329,69a1897608a0cd68430f0f9e,9742,1,trial,1
3238,46,7,,,,cookie,Graduated High-school,240685,1772205429434,1772205188749,male,true,English,6097ec1a8c0b4df21cbb9024,69a1b47f401bbdf645da2329,69a1897608a0cd68430f0f9e,10679,4,trial,8
3238,46,9,,,,cookie,Graduated High-school,240685,1772205429434,1772205188749,male,true,English,6097ec1a8c0b4df21cbb9024,69a1b47f401bbdf645da2329,69a1897608a0cd68430f0f9e,6413,5,trial,9
3277,65,6,,,,movie,Graduated College,126119,1772205555551,1772205429432,male,true,English,5f33f48e7a8953257c8d5923,69a1b56d371d75c1f0f9a730,69a1897608a0cd68430f0f9e,16108,4,trial,7
3277,65,3,,,,concert,Graduated College,126119,1772205555551,1772205429432,male,true,English,5f33f48e7a8953257c8d5923,69a1b56d371d75c1f0f9a730,69a1897608a0cd68430f0f9e,13390,2,trial,2
3277,65,1,,,,pizza,Graduated College,126119,1772205555551,1772205429432,male,true,English,5f33f48e7a8953257c8d5923,69a1b56d371d75c1f0f9a730,69a1897608a0cd68430f0f9e,8137,1,trial,1
3277,65,1,1,2,,cookie,Graduated College,126119,1772205555551,1772205429432,male,true,English,5f33f48e7a8953257c8d5923,69a1b56d371d75c1f0f9a730,69a1897608a0cd68430f0f9e,7443,5,attention,2
3277,65,5,,,,pizza,Graduated College,126119,1772205555551,1772205429432,male,true,English,5f33f48e7a8953257c8d5923,69a1b56d371d75c1f0f9a730,69a1897608a0cd68430f0f9e,7167,3,trial,5
3277,65,9,,,,restaurant meal,Graduated College,126119,1772205555551,1772205429432,male,true,English,5f33f48e7a8953257c8d5923,69a1b56d371d75c1f0f9a730,69a1897608a0cd68430f0f9e,9702,5,trial,9
3277,65,4,,,,movie,Graduated College,126119,1772205555551,1772205429432,male,true,English,5f33f48e7a8953257c8d5923,69a1b56d371d75c1f0f9a730,69a1897608a0cd68430f0f9e,8027,3,trial,5
3277,65,3,3,1,,party,Graduated College,126119,1772205555551,1772205429432,male,true,English,5f33f48e7a8953257c8d5923,69a1b56d371d75c1f0f9a730,69a1897608a0cd68430f0f9e,6809,5,attention,1
3277,65,1,,,,pizza,Graduated College,126119,1772205555551,1772205429432,male,true,English,5f33f48e7a8953257c8d5923,69a1b56d371d75c1f0f9a730,69a1897608a0cd68430f0f9e,5678,1,trial,1
3277,65,7,,,,party,Graduated College,126119,1772205555551,1772205429432,male,true,English,5f33f48e7a8953257c8d5923,69a1b56d371d75c1f0f9a730,69a1897608a0cd68430f0f9e,5373,4,trial,7
3277,65,9,,,,restaurant meal,Graduated College,126119,1772205555551,1772205429432,male,true,English,5f33f48e7a8953257c8d5923,69a1b56d371d75c1f0f9a730,69a1897608a0cd68430f0f9e,5897,5,trial,9
3277,65,3,,,,movie,Graduated College,126119,1772205555551,1772205429432,male,true,English,5f33f48e7a8953257c8d5923,69a1b56d371d75c1f0f9a730,69a1897608a0cd68430f0f9e,6896,2,trial,3
3251,49,4,,,It ran smoothly.,pizza,Higher degree,298546,1772205483553,1772205185007,male,true,English,58d0632c2fc72000011f8c57,69a1b479cda383206b0aa68d,69a1897608a0cd68430f0f9e,32464,3,trial,4
3251,49,8,,,It ran smoothly.,concert,Higher degree,298546,1772205483553,1772205185007,male,true,English,58d0632c2fc72000011f8c57,69a1b479cda383206b0aa68d,69a1897608a0cd68430f0f9e,16592,5,trial,9
3251,49,7,,,It ran smoothly.,restaurant meal,Higher degree,298546,1772205483553,1772205185007,male,true,English,58d0632c2fc72000011f8c57,69a1b479cda383206b0aa68d,69a1897608a0cd68430f0f9e,18544,1,trial,1
3251,49,1,1,1,It ran smoothly.,restaurant meal,Higher degree,298546,1772205483553,1772205185007,male,true,English,58d0632c2fc72000011f8c57,69a1b479cda383206b0aa68d,69a1897608a0cd68430f0f9e,19880,5,attention,1
3251,49,4,,,It ran smoothly.,party,Higher degree,298546,1772205483553,1772205185007,male,true,English,58d0632c2fc72000011f8c57,69a1b479cda383206b0aa68d,69a1897608a0cd68430f0f9e,22280,2,trial,3
3251,49,6,,,It ran smoothly.,coffee,Higher degree,298546,1772205483553,1772205185007,male,true,English,58d0632c2fc72000011f8c57,69a1b479cda383206b0aa68d,69a1897608a0cd68430f0f9e,14040,4,trial,7
3251,49,3,,,It ran smoothly.,cookie,Higher degree,298546,1772205483553,1772205185007,male,true,English,58d0632c2fc72000011f8c57,69a1b479cda383206b0aa68d,69a1897608a0cd68430f0f9e,18904,2,trial,4
3251,49,5,5,2,It ran smoothly.,party,Higher degree,298546,1772205483553,1772205185007,male,true,English,58d0632c2fc72000011f8c57,69a1b479cda383206b0aa68d,69a1897608a0cd68430f0f9e,8296,2,attention,2
3251,49,3,,,It ran smoothly.,restaurant meal,Higher degree,298546,1772205483553,1772205185007,male,true,English,58d0632c2fc72000011f8c57,69a1b479cda383206b0aa68d,69a1897608a0cd68430f0f9e,15136,3,trial,5
3251,49,8,,,It ran smoothly.,concert,Higher degree,298546,1772205483553,1772205185007,male,true,English,58d0632c2fc72000011f8c57,69a1b479cda383206b0aa68d,69a1897608a0cd68430f0f9e,15784,5,trial,8
3251,49,5,,,It ran smoothly.,restaurant meal,Higher degree,298546,1772205483553,1772205185007,male,true,English,58d0632c2fc72000011f8c57,69a1b479cda383206b0aa68d,69a1897608a0cd68430f0f9e,17584,1,trial,2
3251,49,6,,,It ran smoothly.,cookie,Higher degree,298546,1772205483553,1772205185007,male,true,English,58d0632c2fc72000011f8c57,69a1b479cda383206b0aa68d,69a1897608a0cd68430f0f9e,17183,4,trial,7
3258,21,4,,,,cookie,Graduated High-school,163005,1772205501763,1772205338758,female,true,english,676061b0d6e01e2e9548a4b9,69a1b468c327a7d3cee864e2,69a1897608a0cd68430f0f9e,13998,3,trial,7
3258,21,9,,,,concert,Graduated High-school,163005,1772205501763,1772205338758,female,true,english,676061b0d6e01e2e9548a4b9,69a1b468c327a7d3cee864e2,69a1897608a0cd68430f0f9e,5250,5,trial,9
3258,21,7,,,,restaurant meal,Graduated High-school,163005,1772205501763,1772205338758,female,true,english,676061b0d6e01e2e9548a4b9,69a1b468c327a7d3cee864e2,69a1897608a0cd68430f0f9e,5516,4,trial,8
3258,21,3,3,3,,movie,Graduated High-school,163005,1772205501763,1772205338758,female,true,english,676061b0d6e01e2e9548a4b9,69a1b468c327a7d3cee864e2,69a1897608a0cd68430f0f9e,7151,5,attention,3
3258,21,2,,,,restaurant meal,Graduated High-school,163005,1772205501763,1772205338758,female,true,english,676061b0d6e01e2e9548a4b9,69a1b468c327a7d3cee864e2,69a1897608a0cd68430f0f9e,21383,2,trial,3
3258,21,2,,,,coffee,Graduated High-school,163005,1772205501763,1772205338758,female,true,english,676061b0d6e01e2e9548a4b9,69a1b468c327a7d3cee864e2,69a1897608a0cd68430f0f9e,6866,1,trial,1
3258,21,5,,,,party,Graduated High-school,163005,1772205501763,1772205338758,female,true,english,676061b0d6e01e2e9548a4b9,69a1b468c327a7d3cee864e2,69a1897608a0cd68430f0f9e,22434,2,trial,4
3258,21,2,2,5,,pizza,Graduated High-school,163005,1772205501763,1772205338758,female,true,english,676061b0d6e01e2e9548a4b9,69a1b468c327a7d3cee864e2,69a1897608a0cd68430f0f9e,7133,3,attention,5
3258,21,6,,,,movie,Graduated High-school,163005,1772205501763,1772205338758,female,true,english,676061b0d6e01e2e9548a4b9,69a1b468c327a7d3cee864e2,69a1897608a0cd68430f0f9e,7334,3,trial,6
3258,21,8,,,,pizza,Graduated High-school,163005,1772205501763,1772205338758,female,true,english,676061b0d6e01e2e9548a4b9,69a1b468c327a7d3cee864e2,69a1897608a0cd68430f0f9e,7949,5,trial,9
3258,21,8,,,,concert,Graduated High-school,163005,1772205501763,1772205338758,female,true,english,676061b0d6e01e2e9548a4b9,69a1b468c327a7d3cee864e2,69a1897608a0cd68430f0f9e,11133,4,trial,8
3258,21,2,,,,cookie,Graduated High-school,163005,1772205501763,1772205338758,female,true,english,676061b0d6e01e2e9548a4b9,69a1b468c327a7d3cee864e2,69a1897608a0cd68430f0f9e,11215,1,trial,1
3260,34,4,,,,movie,Graduated High-school,270202,1772205504611,1772205234409,male,true,English,699791abbcf810086d02a48e,69a1b4a39bef152d35c3c305,69a1897608a0cd68430f0f9e,40708,2,trial,2
3260,34,7,,,,coffee,Graduated High-school,270202,1772205504611,1772205234409,male,true,English,699791abbcf810086d02a48e,69a1b4a39bef152d35c3c305,69a1897608a0cd68430f0f9e,18692,4,trial,8
3260,34,7,,,,cookie,Graduated High-school,270202,1772205504611,1772205234409,male,true,English,699791abbcf810086d02a48e,69a1b4a39bef152d35c3c305,69a1897608a0cd68430f0f9e,32952,1,trial,1
3260,34,4,4,4,,party,Graduated High-school,270202,1772205504611,1772205234409,male,true,English,699791abbcf810086d02a48e,69a1b4a39bef152d35c3c305,69a1897608a0cd68430f0f9e,16521,4,attention,4
3260,34,9,,,,pizza,Graduated High-school,270202,1772205504611,1772205234409,male,true,English,699791abbcf810086d02a48e,69a1b4a39bef152d35c3c305,69a1897608a0cd68430f0f9e,6700,5,trial,9
3260,34,6,,,,concert,Graduated High-school,270202,1772205504611,1772205234409,male,true,English,699791abbcf810086d02a48e,69a1b4a39bef152d35c3c305,69a1897608a0cd68430f0f9e,14679,3,trial,6
3260,34,9,,,,coffee,Graduated High-school,270202,1772205504611,1772205234409,male,true,English,699791abbcf810086d02a48e,69a1b4a39bef152d35c3c305,69a1897608a0cd68430f0f9e,7273,1,trial,1
3260,34,5,5,2,,party,Graduated High-school,270202,1772205504611,1772205234409,male,true,English,699791abbcf810086d02a48e,69a1b4a39bef152d35c3c305,69a1897608a0cd68430f0f9e,9071,3,attention,2
3260,34,4,,,,restaurant meal,Graduated High-school,270202,1772205504611,1772205234409,male,true,English,699791abbcf810086d02a48e,69a1b4a39bef152d35c3c305,69a1897608a0cd68430f0f9e,15020,4,trial,8
3260,34,4,,,,concert,Graduated High-school,270202,1772205504611,1772205234409,male,true,English,699791abbcf810086d02a48e,69a1b4a39bef152d35c3c305,69a1897608a0cd68430f0f9e,10592,2,trial,3
3260,34,3,,,,coffee,Graduated High-school,270202,1772205504611,1772205234409,male,true,English,699791abbcf810086d02a48e,69a1b4a39bef152d35c3c305,69a1897608a0cd68430f0f9e,7687,5,trial,9
3260,34,6,,,,restaurant meal,Graduated High-school,270202,1772205504611,1772205234409,male,true,English,699791abbcf810086d02a48e,69a1b4a39bef152d35c3c305,69a1897608a0cd68430f0f9e,8224,3,trial,6
3265,73,7,,,,concert,Graduated High-school,234733,1772205530441,1772205295708,female,true,English,5b13da851e55760001ba009a,69a1b4e5435914133b58ffd5,69a1897608a0cd68430f0f9e,19363,4,trial,7
3265,73,1,,,,movie,Graduated High-school,234733,1772205530441,1772205295708,female,true,English,5b13da851e55760001ba009a,69a1b4e5435914133b58ffd5,69a1897608a0cd68430f0f9e,14751,1,trial,1
3265,73,3,,,,coffee,Graduated High-school,234733,1772205530441,1772205295708,female,true,English,5b13da851e55760001ba009a,69a1b4e5435914133b58ffd5,69a1897608a0cd68430f0f9e,15605,2,trial,3
3265,73,1,1,5,,coffee,Graduated High-school,234733,1772205530441,1772205295708,female,true,English,5b13da851e55760001ba009a,69a1b4e5435914133b58ffd5,69a1897608a0cd68430f0f9e,23104,2,attention,5
3265,73,4,,,,pizza,Graduated High-school,234733,1772205530441,1772205295708,female,true,English,5b13da851e55760001ba009a,69a1b4e5435914133b58ffd5,69a1897608a0cd68430f0f9e,12323,3,trial,6
3265,73,9,,,,restaurant meal,Graduated High-school,234733,1772205530441,1772205295708,female,true,English,5b13da851e55760001ba009a,69a1b4e5435914133b58ffd5,69a1897608a0cd68430f0f9e,11665,5,trial,9
3265,73,1,,,,party,Graduated High-school,234733,1772205530441,1772205295708,female,true,English,5b13da851e55760001ba009a,69a1b4e5435914133b58ffd5,69a1897608a0cd68430f0f9e,8883,1,trial,1
3265,73,5,5,1,,concert,Graduated High-school,234733,1772205530441,1772205295708,female,true,English,5b13da851e55760001ba009a,69a1b4e5435914133b58ffd5,69a1897608a0cd68430f0f9e,26488,4,attention,1
3265,73,9,,,,restaurant meal,Graduated High-school,234733,1772205530441,1772205295708,female,true,English,5b13da851e55760001ba009a,69a1b4e5435914133b58ffd5,69a1897608a0cd68430f0f9e,16283,5,trial,9
3265,73,2,,,,party,Graduated High-school,234733,1772205530441,1772205295708,female,true,English,5b13da851e55760001ba009a,69a1b4e5435914133b58ffd5,69a1897608a0cd68430f0f9e,11532,2,trial,2
3265,73,7,,,,movie,Graduated High-school,234733,1772205530441,1772205295708,female,true,English,5b13da851e55760001ba009a,69a1b4e5435914133b58ffd5,69a1897608a0cd68430f0f9e,13303,4,trial,8
3265,73,4,,,,cookie,Graduated High-school,234733,1772205530441,1772205295708,female,true,English,5b13da851e55760001ba009a,69a1b4e5435914133b58ffd5,69a1897608a0cd68430f0f9e,13035,3,trial,3
3282,38,8,,,,restaurant meal,Graduated College,282612,1772205570237,1772205287625,other,true,english,69728bcfd6bfbb4cc42f3f3a,69a1b4e3d37b7f4d1bc5cf5a,69a1897608a0cd68430f0f9e,23001,1,trial,1
3282,38,6,,,,concert,Graduated College,282612,1772205570237,1772205287625,other,true,english,69728bcfd6bfbb4cc42f3f3a,69a1b4e3d37b7f4d1bc5cf5a,69a1897608a0cd68430f0f9e,8191,4,trial,7
3282,38,5,,,,concert,Graduated College,282612,1772205570237,1772205287625,other,true,english,69728bcfd6bfbb4cc42f3f3a,69a1b4e3d37b7f4d1bc5cf5a,69a1897608a0cd68430f0f9e,11280,3,trial,4
3282,38,3,3,1,,coffee,Graduated College,282612,1772205570237,1772205287625,other,true,english,69728bcfd6bfbb4cc42f3f3a,69a1b4e3d37b7f4d1bc5cf5a,69a1897608a0cd68430f0f9e,10160,5,attention,1
3282,38,3,,,,party,Graduated College,282612,1772205570237,1772205287625,other,true,english,69728bcfd6bfbb4cc42f3f3a,69a1b4e3d37b7f4d1bc5cf5a,69a1897608a0cd68430f0f9e,14592,2,trial,3
3282,38,9,,,,cookie,Graduated College,282612,1772205570237,1772205287625,other,true,english,69728bcfd6bfbb4cc42f3f3a,69a1b4e3d37b7f4d1bc5cf5a,69a1897608a0cd68430f0f9e,6704,5,trial,9
3282,38,6,,,,concert,Graduated College,282612,1772205570237,1772205287625,other,true,english,69728bcfd6bfbb4cc42f3f3a,69a1b4e3d37b7f4d1bc5cf5a,69a1897608a0cd68430f0f9e,11872,4,trial,7
3282,38,1,1,1,,pizza,Graduated College,282612,1772205570237,1772205287625,other,true,english,69728bcfd6bfbb4cc42f3f3a,69a1b4e3d37b7f4d1bc5cf5a,69a1897608a0cd68430f0f9e,7352,1,attention,1
3282,38,4,,,,concert,Graduated College,282612,1772205570237,1772205287625,other,true,english,69728bcfd6bfbb4cc42f3f3a,69a1b4e3d37b7f4d1bc5cf5a,69a1897608a0cd68430f0f9e,9968,2,trial,3
3282,38,8,,,,cookie,Graduated College,282612,1772205570237,1772205287625,other,true,english,69728bcfd6bfbb4cc42f3f3a,69a1b4e3d37b7f4d1bc5cf5a,69a1897608a0cd68430f0f9e,14208,1,trial,1
3282,38,9,,,,party,Graduated College,282612,1772205570237,1772205287625,other,true,english,69728bcfd6bfbb4cc42f3f3a,69a1b4e3d37b7f4d1bc5cf5a,69a1897608a0cd68430f0f9e,14439,5,trial,9
3282,38,4,,,,restaurant meal,Graduated College,282612,1772205570237,1772205287625,other,true,english,69728bcfd6bfbb4cc42f3f3a,69a1b4e3d37b7f4d1bc5cf5a,69a1897608a0cd68430f0f9e,8344,3,trial,4
3290,47,5,,,,coffee,Higher degree,160398,1772205588892,1772205428494,female,true,English,5cc4a603c29170001583dd8b,69a1b567505807ef00882cfa,69a1897608a0cd68430f0f9e,17680,3,trial,5
3290,47,4,,,,movie,Higher degree,160398,1772205588892,1772205428494,female,true,English,5cc4a603c29170001583dd8b,69a1b567505807ef00882cfa,69a1897608a0cd68430f0f9e,10038,2,trial,3
3290,47,9,,,,movie,Higher degree,160398,1772205588892,1772205428494,female,true,English,5cc4a603c29170001583dd8b,69a1b567505807ef00882cfa,69a1897608a0cd68430f0f9e,8553,1,trial,1
3290,47,9,5,5,,concert,Higher degree,160398,1772205588892,1772205428494,female,false,English,5cc4a603c29170001583dd8b,69a1b567505807ef00882cfa,69a1897608a0cd68430f0f9e,11240,1,attention,9
3290,47,7,,,,restaurant meal,Higher degree,160398,1772205588892,1772205428494,female,true,English,5cc4a603c29170001583dd8b,69a1b567505807ef00882cfa,69a1897608a0cd68430f0f9e,7784,4,trial,7
3290,47,9,,,,concert,Higher degree,160398,1772205588892,1772205428494,female,true,English,5cc4a603c29170001583dd8b,69a1b567505807ef00882cfa,69a1897608a0cd68430f0f9e,5832,5,trial,9
3290,47,7,,,,concert,Higher degree,160398,1772205588892,1772205428494,female,true,English,5cc4a603c29170001583dd8b,69a1b567505807ef00882cfa,69a1897608a0cd68430f0f9e,7296,4,trial,7
3290,47,4,4,1,,coffee,Higher degree,160398,1772205588892,1772205428494,female,true,English,5cc4a603c29170001583dd8b,69a1b567505807ef00882cfa,69a1897608a0cd68430f0f9e,8888,1,attention,1
3290,47,8,,,,party,Higher degree,160398,1772205588892,1772205428494,female,true,English,5cc4a603c29170001583dd8b,69a1b567505807ef00882cfa,69a1897608a0cd68430f0f9e,9976,1,trial,1
3290,47,4,,,,cookie,Higher degree,160398,1772205588892,1772205428494,female,true,English,5cc4a603c29170001583dd8b,69a1b567505807ef00882cfa,69a1897608a0cd68430f0f9e,9712,2,trial,3
3290,47,9,,,,movie,Higher degree,160398,1772205588892,1772205428494,female,true,English,5cc4a603c29170001583dd8b,69a1b567505807ef00882cfa,69a1897608a0cd68430f0f9e,5439,5,trial,9
3290,47,5,,,,restaurant meal,Higher degree,160398,1772205588892,1772205428494,female,true,English,5cc4a603c29170001583dd8b,69a1b567505807ef00882cfa,69a1897608a0cd68430f0f9e,4743,3,trial,5
3291,43,6,,,none,movie,Graduated College,320112,1772205592862,1772205272750,female,true,English,62b4370c9a89e5a09c4447de,69a1b4cb7c03cb85c490e2cf,69a1897608a0cd68430f0f9e,21980,4,trial,7
3291,43,7,,,none,pizza,Graduated College,320112,1772205592862,1772205272750,female,true,English,62b4370c9a89e5a09c4447de,69a1b4cb7c03cb85c490e2cf,69a1897608a0cd68430f0f9e,8073,5,trial,9
3291,43,4,,,none,cookie,Graduated College,320112,1772205592862,1772205272750,female,true,English,62b4370c9a89e5a09c4447de,69a1b4cb7c03cb85c490e2cf,69a1897608a0cd68430f0f9e,8482,1,trial,1
3291,43,9,5,5,none,concert,Graduated College,320112,1772205592862,1772205272750,female,false,English,62b4370c9a89e5a09c4447de,69a1b4cb7c03cb85c490e2cf,69a1897608a0cd68430f0f9e,9393,1,attention,9
3291,43,4,,,none,restaurant meal,Graduated College,320112,1772205592862,1772205272750,female,true,English,62b4370c9a89e5a09c4447de,69a1b4cb7c03cb85c490e2cf,69a1897608a0cd68430f0f9e,28323,3,trial,5
3291,43,5,,,none,restaurant meal,Graduated College,320112,1772205592862,1772205272750,female,true,English,62b4370c9a89e5a09c4447de,69a1b4cb7c03cb85c490e2cf,69a1897608a0cd68430f0f9e,12276,2,trial,3
3291,43,4,,,none,cookie,Graduated College,320112,1772205592862,1772205272750,female,true,English,62b4370c9a89e5a09c4447de,69a1b4cb7c03cb85c490e2cf,69a1897608a0cd68430f0f9e,57074,3,trial,4
3291,43,2,2,1,none,pizza,Graduated College,320112,1772205592862,1772205272750,female,false,English,62b4370c9a89e5a09c4447de,69a1b4cb7c03cb85c490e2cf,69a1897608a0cd68430f0f9e,12334,2,attention,2
3291,43,3,,,none,movie,Graduated College,320112,1772205592862,1772205272750,female,true,English,62b4370c9a89e5a09c4447de,69a1b4cb7c03cb85c490e2cf,69a1897608a0cd68430f0f9e,7884,1,trial,2
3291,43,9,,,none,party,Graduated College,320112,1772205592862,1772205272750,female,true,English,62b4370c9a89e5a09c4447de,69a1b4cb7c03cb85c490e2cf,69a1897608a0cd68430f0f9e,7220,5,trial,9
3291,43,6,,,none,restaurant meal,Graduated College,320112,1772205592862,1772205272750,female,true,English,62b4370c9a89e5a09c4447de,69a1b4cb7c03cb85c490e2cf,69a1897608a0cd68430f0f9e,23410,4,trial,7
3291,43,3,,,none,movie,Graduated College,320112,1772205592862,1772205272750,female,true,English,62b4370c9a89e5a09c4447de,69a1b4cb7c03cb85c490e2cf,69a1897608a0cd68430f0f9e,4644,2,trial,2
3301,34,4,,,,movie,Higher degree,104384,1772205615457,1772205511073,female,true,"English, Welsh",5978f11ceb2e22000187affa,69a1b5b800d9765d4eaa4ef0,69a1897608a0cd68430f0f9e,10350,2,trial,4
3301,34,6,,,,coffee,Higher degree,104384,1772205615457,1772205511073,female,true,"English, Welsh",5978f11ceb2e22000187affa,69a1b5b800d9765d4eaa4ef0,69a1897608a0cd68430f0f9e,6048,4,trial,8
3301,34,3,,,,cookie,Higher degree,104384,1772205615457,1772205511073,female,true,"English, Welsh",5978f11ceb2e22000187affa,69a1b5b800d9765d4eaa4ef0,69a1897608a0cd68430f0f9e,4541,3,trial,6
3301,34,5,5,3,,coffee,Higher degree,104384,1772205615457,1772205511073,female,true,"English, Welsh",5978f11ceb2e22000187affa,69a1b5b800d9765d4eaa4ef0,69a1897608a0cd68430f0f9e,7859,5,attention,3
3301,34,5,,,,concert,Higher degree,104384,1772205615457,1772205511073,female,true,"English, Welsh",5978f11ceb2e22000187affa,69a1b5b800d9765d4eaa4ef0,69a1897608a0cd68430f0f9e,7556,1,trial,2
3301,34,7,,,,restaurant meal,Higher degree,104384,1772205615457,1772205511073,female,true,"English, Welsh",5978f11ceb2e22000187affa,69a1b5b800d9765d4eaa4ef0,69a1897608a0cd68430f0f9e,5919,5,trial,9
3301,34,3,,,,cookie,Higher degree,104384,1772205615457,1772205511073,female,true,"English, Welsh",5978f11ceb2e22000187affa,69a1b5b800d9765d4eaa4ef0,69a1897608a0cd68430f0f9e,5559,1,trial,3
3301,34,4,4,1,,cookie,Higher degree,104384,1772205615457,1772205511073,female,true,"English, Welsh",5978f11ceb2e22000187affa,69a1b5b800d9765d4eaa4ef0,69a1897608a0cd68430f0f9e,5415,2,attention,1
3301,34,8,,,,party,Higher degree,104384,1772205615457,1772205511073,female,true,"English, Welsh",5978f11ceb2e22000187affa,69a1b5b800d9765d4eaa4ef0,69a1897608a0cd68430f0f9e,4231,5,trial,8
3301,34,7,,,,party,Higher degree,104384,1772205615457,1772205511073,female,true,"English, Welsh",5978f11ceb2e22000187affa,69a1b5b800d9765d4eaa4ef0,69a1897608a0cd68430f0f9e,4422,4,trial,7
3301,34,4,,,,cookie,Higher degree,104384,1772205615457,1772205511073,female,true,"English, Welsh",5978f11ceb2e22000187affa,69a1b5b800d9765d4eaa4ef0,69a1897608a0cd68430f0f9e,6423,3,trial,6
3301,34,5,,,,pizza,Higher degree,104384,1772205615457,1772205511073,female,true,"English, Welsh",5978f11ceb2e22000187affa,69a1b5b800d9765d4eaa4ef0,69a1897608a0cd68430f0f9e,6393,2,trial,3
3292,64,6,,,,party,Graduated High-school,195658,1772205592400,1772205396742,male,true,English,588f32d59c4f3f00010f1471,69a1b54a0c8e8901f0334528,69a1897608a0cd68430f0f9e,16076,3,trial,6
3292,64,4,,,,movie,Graduated High-school,195658,1772205592400,1772205396742,male,true,English,588f32d59c4f3f00010f1471,69a1b54a0c8e8901f0334528,69a1897608a0cd68430f0f9e,7542,2,trial,4
3292,64,9,,,,party,Graduated High-school,195658,1772205592400,1772205396742,male,true,English,588f32d59c4f3f00010f1471,69a1b54a0c8e8901f0334528,69a1897608a0cd68430f0f9e,8153,5,trial,9
3292,64,4,4,4,,party,Graduated High-school,195658,1772205592400,1772205396742,male,true,English,588f32d59c4f3f00010f1471,69a1b54a0c8e8901f0334528,69a1897608a0cd68430f0f9e,8692,4,attention,4
3292,64,1,,,,movie,Graduated High-school,195658,1772205592400,1772205396742,male,true,English,588f32d59c4f3f00010f1471,69a1b54a0c8e8901f0334528,69a1897608a0cd68430f0f9e,17932,1,trial,1
3292,64,7,,,,cookie,Graduated High-school,195658,1772205592400,1772205396742,male,true,English,588f32d59c4f3f00010f1471,69a1b54a0c8e8901f0334528,69a1897608a0cd68430f0f9e,9216,4,trial,7
3292,64,5,,,,cookie,Graduated High-school,195658,1772205592400,1772205396742,male,true,English,588f32d59c4f3f00010f1471,69a1b54a0c8e8901f0334528,69a1897608a0cd68430f0f9e,7465,3,trial,5
3292,64,3,3,1,,party,Graduated High-school,195658,1772205592400,1772205396742,male,true,English,588f32d59c4f3f00010f1471,69a1b54a0c8e8901f0334528,69a1897608a0cd68430f0f9e,5785,2,attention,1
3292,64,3,,,,pizza,Graduated High-school,195658,1772205592400,1772205396742,male,true,English,588f32d59c4f3f00010f1471,69a1b54a0c8e8901f0334528,69a1897608a0cd68430f0f9e,12604,2,trial,3
3292,64,1,,,,movie,Graduated High-school,195658,1772205592400,1772205396742,male,true,English,588f32d59c4f3f00010f1471,69a1b54a0c8e8901f0334528,69a1897608a0cd68430f0f9e,6270,1,trial,1
3292,64,8,,,,movie,Graduated High-school,195658,1772205592400,1772205396742,male,true,English,588f32d59c4f3f00010f1471,69a1b54a0c8e8901f0334528,69a1897608a0cd68430f0f9e,17012,4,trial,8
3292,64,9,,,,coffee,Graduated High-school,195658,1772205592400,1772205396742,male,true,English,588f32d59c4f3f00010f1471,69a1b54a0c8e8901f0334528,69a1897608a0cd68430f0f9e,7549,5,trial,9
3295,47,7,,,,pizza,Graduated High-school,231160,1772205599071,1772205367911,female,true,English,6992208bb9f2bd50b06851a2,69a1b5100475f4d6e6ca2cbe,69a1897608a0cd68430f0f9e,25958,5,trial,9
3295,47,5,,,,party,Graduated High-school,231160,1772205599071,1772205367911,female,true,English,6992208bb9f2bd50b06851a2,69a1b5100475f4d6e6ca2cbe,69a1897608a0cd68430f0f9e,28056,3,trial,6
3295,47,8,,,,restaurant meal,Graduated High-school,231160,1772205599071,1772205367911,female,true,English,6992208bb9f2bd50b06851a2,69a1b5100475f4d6e6ca2cbe,69a1897608a0cd68430f0f9e,15050,1,trial,1
3295,47,3,3,2,,restaurant meal,Graduated High-school,231160,1772205599071,1772205367911,female,true,English,6992208bb9f2bd50b06851a2,69a1b5100475f4d6e6ca2cbe,69a1897608a0cd68430f0f9e,14767,5,attention,2
3295,47,6,,,,party,Graduated High-school,231160,1772205599071,1772205367911,female,true,English,6992208bb9f2bd50b06851a2,69a1b5100475f4d6e6ca2cbe,69a1897608a0cd68430f0f9e,13653,4,trial,7
3295,47,7,,,,pizza,Graduated High-school,231160,1772205599071,1772205367911,female,true,English,6992208bb9f2bd50b06851a2,69a1b5100475f4d6e6ca2cbe,69a1897608a0cd68430f0f9e,9227,2,trial,3
3295,47,6,,,,coffee,Graduated High-school,231160,1772205599071,1772205367911,female,true,English,6992208bb9f2bd50b06851a2,69a1b5100475f4d6e6ca2cbe,69a1897608a0cd68430f0f9e,10106,4,trial,8
3295,47,3,3,5,,pizza,Graduated High-school,231160,1772205599071,1772205367911,female,true,English,6992208bb9f2bd50b06851a2,69a1b5100475f4d6e6ca2cbe,69a1897608a0cd68430f0f9e,7726,3,attention,5
3295,47,7,,,,concert,Graduated High-school,231160,1772205599071,1772205367911,female,true,English,6992208bb9f2bd50b06851a2,69a1b5100475f4d6e6ca2cbe,69a1897608a0cd68430f0f9e,7992,1,trial,1
3295,47,6,,,,movie,Graduated High-school,231160,1772205599071,1772205367911,female,true,English,6992208bb9f2bd50b06851a2,69a1b5100475f4d6e6ca2cbe,69a1897608a0cd68430f0f9e,8890,2,trial,3
3295,47,7,,,,concert,Graduated High-school,231160,1772205599071,1772205367911,female,true,English,6992208bb9f2bd50b06851a2,69a1b5100475f4d6e6ca2cbe,69a1897608a0cd68430f0f9e,13835,3,trial,6
3295,47,7,,,,movie,Graduated High-school,231160,1772205599071,1772205367911,female,true,English,6992208bb9f2bd50b06851a2,69a1b5100475f4d6e6ca2cbe,69a1897608a0cd68430f0f9e,7260,5,trial,9
3296,53,5,,,,coffee,Higher degree,118587,1772205601184,1772205482597,female,true,English,663d1309389a0851c125d533,69a1b5a4950ca8fb1c4c4301,69a1897608a0cd68430f0f9e,10660,3,trial,5
3296,53,1,,,,cookie,Higher degree,118587,1772205601184,1772205482597,female,true,English,663d1309389a0851c125d533,69a1b5a4950ca8fb1c4c4301,69a1897608a0cd68430f0f9e,4390,1,trial,1
3296,53,7,,,,pizza,Higher degree,118587,1772205601184,1772205482597,female,true,English,663d1309389a0851c125d533,69a1b5a4950ca8fb1c4c4301,69a1897608a0cd68430f0f9e,6096,4,trial,7
3296,53,3,3,5,,concert,Higher degree,118587,1772205601184,1772205482597,female,true,English,663d1309389a0851c125d533,69a1b5a4950ca8fb1c4c4301,69a1897608a0cd68430f0f9e,11997,1,attention,5
3296,53,3,,,,party,Higher degree,118587,1772205601184,1772205482597,female,true,English,663d1309389a0851c125d533,69a1b5a4950ca8fb1c4c4301,69a1897608a0cd68430f0f9e,6006,2,trial,3
3296,53,9,,,,concert,Higher degree,118587,1772205601184,1772205482597,female,true,English,663d1309389a0851c125d533,69a1b5a4950ca8fb1c4c4301,69a1897608a0cd68430f0f9e,3464,5,trial,9
3296,53,1,,,,pizza,Higher degree,118587,1772205601184,1772205482597,female,true,English,663d1309389a0851c125d533,69a1b5a4950ca8fb1c4c4301,69a1897608a0cd68430f0f9e,4318,1,trial,1
3296,53,3,3,5,,concert,Higher degree,118587,1772205601184,1772205482597,female,true,English,663d1309389a0851c125d533,69a1b5a4950ca8fb1c4c4301,69a1897608a0cd68430f0f9e,5876,3,attention,5
3296,53,9,,,,cookie,Higher degree,118587,1772205601184,1772205482597,female,true,English,663d1309389a0851c125d533,69a1b5a4950ca8fb1c4c4301,69a1897608a0cd68430f0f9e,4272,5,trial,9
3296,53,3,,,,pizza,Higher degree,118587,1772205601184,1772205482597,female,true,English,663d1309389a0851c125d533,69a1b5a4950ca8fb1c4c4301,69a1897608a0cd68430f0f9e,3516,2,trial,3
3296,53,5,,,,cookie,Higher degree,118587,1772205601184,1772205482597,female,true,English,663d1309389a0851c125d533,69a1b5a4950ca8fb1c4c4301,69a1897608a0cd68430f0f9e,3876,3,trial,5
3296,53,7,,,,restaurant meal,Higher degree,118587,1772205601184,1772205482597,female,true,English,663d1309389a0851c125d533,69a1b5a4950ca8fb1c4c4301,69a1897608a0cd68430f0f9e,4062,4,trial,7
3312,38,7,,,,movie,Higher degree,158118,1772205704584,1772205546466,female,true,English,5aa485b11eda41000136c94b,69a1b5dc00126e696896d3f6,69a1897608a0cd68430f0f9e,15281,5,trial,8
3312,38,6,,,,pizza,Higher degree,158118,1772205704584,1772205546466,female,true,English,5aa485b11eda41000136c94b,69a1b5dc00126e696896d3f6,69a1897608a0cd68430f0f9e,8203,4,trial,7
3312,38,7,,,,coffee,Higher degree,158118,1772205704584,1772205546466,female,true,English,5aa485b11eda41000136c94b,69a1b5dc00126e696896d3f6,69a1897608a0cd68430f0f9e,8014,3,trial,4
3312,38,4,4,1,,concert,Higher degree,158118,1772205704584,1772205546466,female,true,English,5aa485b11eda41000136c94b,69a1b5dc00126e696896d3f6,69a1897608a0cd68430f0f9e,5986,4,attention,1
3312,38,9,,,,coffee,Higher degree,158118,1772205704584,1772205546466,female,true,English,5aa485b11eda41000136c94b,69a1b5dc00126e696896d3f6,69a1897608a0cd68430f0f9e,10483,1,trial,1
3312,38,7,,,,concert,Higher degree,158118,1772205704584,1772205546466,female,true,English,5aa485b11eda41000136c94b,69a1b5dc00126e696896d3f6,69a1897608a0cd68430f0f9e,6968,2,trial,3
3312,38,6,,,,pizza,Higher degree,158118,1772205704584,1772205546466,female,true,English,5aa485b11eda41000136c94b,69a1b5dc00126e696896d3f6,69a1897608a0cd68430f0f9e,6176,3,trial,5
3312,38,1,1,4,,concert,Higher degree,158118,1772205704584,1772205546466,female,true,English,5aa485b11eda41000136c94b,69a1b5dc00126e696896d3f6,69a1897608a0cd68430f0f9e,5012,2,attention,4
3312,38,8,,,,restaurant meal,Higher degree,158118,1772205704584,1772205546466,female,true,English,5aa485b11eda41000136c94b,69a1b5dc00126e696896d3f6,69a1897608a0cd68430f0f9e,6802,1,trial,1
3312,38,9,,,,concert,Higher degree,158118,1772205704584,1772205546466,female,true,English,5aa485b11eda41000136c94b,69a1b5dc00126e696896d3f6,69a1897608a0cd68430f0f9e,5057,5,trial,9
3312,38,7,,,,concert,Higher degree,158118,1772205704584,1772205546466,female,true,English,5aa485b11eda41000136c94b,69a1b5dc00126e696896d3f6,69a1897608a0cd68430f0f9e,6686,4,trial,7
3312,38,6,,,,coffee,Higher degree,158118,1772205704584,1772205546466,female,true,English,5aa485b11eda41000136c94b,69a1b5dc00126e696896d3f6,69a1897608a0cd68430f0f9e,8509,2,trial,3
3329,31,2,,,A lower rated score on a dessert might be more emotionally impactful compared to a high rated coffee?,movie,Higher degree,243889,1772205787534,1772205543645,male,true,English,69a05a79d37cf5de1db83278,69a1b5e1e69e90e6193795ac,69a1897608a0cd68430f0f9e,21747,3,trial,6
3329,31,7,,,A lower rated score on a dessert might be more emotionally impactful compared to a high rated coffee?,concert,Higher degree,243889,1772205787534,1772205543645,male,true,English,69a05a79d37cf5de1db83278,69a1b5e1e69e90e6193795ac,69a1897608a0cd68430f0f9e,12232,2,trial,3
3329,31,9,,,A lower rated score on a dessert might be more emotionally impactful compared to a high rated coffee?,cookie,Higher degree,243889,1772205787534,1772205543645,male,true,English,69a05a79d37cf5de1db83278,69a1b5e1e69e90e6193795ac,69a1897608a0cd68430f0f9e,8762,1,trial,1
3329,31,5,5,3,A lower rated score on a dessert might be more emotionally impactful compared to a high rated coffee?,restaurant meal,Higher degree,243889,1772205787534,1772205543645,male,true,English,69a05a79d37cf5de1db83278,69a1b5e1e69e90e6193795ac,69a1897608a0cd68430f0f9e,36632,4,attention,3
3329,31,9,,,A lower rated score on a dessert might be more emotionally impactful compared to a high rated coffee?,concert,Higher degree,243889,1772205787534,1772205543645,male,true,English,69a05a79d37cf5de1db83278,69a1b5e1e69e90e6193795ac,69a1897608a0cd68430f0f9e,7627,5,trial,9
3329,31,6,,,A lower rated score on a dessert might be more emotionally impactful compared to a high rated coffee?,cookie,Higher degree,243889,1772205787534,1772205543645,male,true,English,69a05a79d37cf5de1db83278,69a1b5e1e69e90e6193795ac,69a1897608a0cd68430f0f9e,24023,4,trial,7
3329,31,3,,,A lower rated score on a dessert might be more emotionally impactful compared to a high rated coffee?,cookie,Higher degree,243889,1772205787534,1772205543645,male,true,English,69a05a79d37cf5de1db83278,69a1b5e1e69e90e6193795ac,69a1897608a0cd68430f0f9e,11856,3,trial,6
3329,31,1,1,3,A lower rated score on a dessert might be more emotionally impactful compared to a high rated coffee?,party,Higher degree,243889,1772205787534,1772205543645,male,true,English,69a05a79d37cf5de1db83278,69a1b5e1e69e90e6193795ac,69a1897608a0cd68430f0f9e,9127,3,attention,3
3329,31,9,,,A lower rated score on a dessert might be more emotionally impactful compared to a high rated coffee?,movie,Higher degree,243889,1772205787534,1772205543645,male,true,English,69a05a79d37cf5de1db83278,69a1b5e1e69e90e6193795ac,69a1897608a0cd68430f0f9e,9295,1,trial,1
3329,31,7,,,A lower rated score on a dessert might be more emotionally impactful compared to a high rated coffee?,coffee,Higher degree,243889,1772205787534,1772205543645,male,true,English,69a05a79d37cf5de1db83278,69a1b5e1e69e90e6193795ac,69a1897608a0cd68430f0f9e,17200,4,trial,8
3329,31,7,,,A lower rated score on a dessert might be more emotionally impactful compared to a high rated coffee?,coffee,Higher degree,243889,1772205787534,1772205543645,male,true,English,69a05a79d37cf5de1db83278,69a1b5e1e69e90e6193795ac,69a1897608a0cd68430f0f9e,14663,2,trial,3
3329,31,9,,,A lower rated score on a dessert might be more emotionally impactful compared to a high rated coffee?,coffee,Higher degree,243889,1772205787534,1772205543645,male,true,English,69a05a79d37cf5de1db83278,69a1b5e1e69e90e6193795ac,69a1897608a0cd68430f0f9e,4772,5,trial,9
3381,32,8,,,None,party,Graduated College,82319,1772206324017,1772206241698,female,true,English,6743c8da977b0d274dad1fc2,69a1b72582a6db747235cdf9,69a1897608a0cd68430f0f9e,4209,4,trial,8
3381,32,6,,,None,movie,Graduated College,82319,1772206324017,1772206241698,female,true,English,6743c8da977b0d274dad1fc2,69a1b72582a6db747235cdf9,69a1897608a0cd68430f0f9e,7951,3,trial,6
3381,32,4,,,None,cookie,Graduated College,82319,1772206324017,1772206241698,female,true,English,6743c8da977b0d274dad1fc2,69a1b72582a6db747235cdf9,69a1897608a0cd68430f0f9e,11376,2,trial,4
3381,32,1,1,4,None,party,Graduated College,82319,1772206324017,1772206241698,female,true,English,6743c8da977b0d274dad1fc2,69a1b72582a6db747235cdf9,69a1897608a0cd68430f0f9e,4352,5,attention,4
3381,32,8,,,None,pizza,Graduated College,82319,1772206324017,1772206241698,female,true,English,6743c8da977b0d274dad1fc2,69a1b72582a6db747235cdf9,69a1897608a0cd68430f0f9e,4024,5,trial,9
3381,32,3,,,None,movie,Graduated College,82319,1772206324017,1772206241698,female,true,English,6743c8da977b0d274dad1fc2,69a1b72582a6db747235cdf9,69a1897608a0cd68430f0f9e,4000,1,trial,2
3381,32,7,,,None,pizza,Graduated College,82319,1772206324017,1772206241698,female,true,English,6743c8da977b0d274dad1fc2,69a1b72582a6db747235cdf9,69a1897608a0cd68430f0f9e,4079,3,trial,6
3381,32,2,2,5,None,coffee,Graduated College,82319,1772206324017,1772206241698,female,true,English,6743c8da977b0d274dad1fc2,69a1b72582a6db747235cdf9,69a1897608a0cd68430f0f9e,8296,2,attention,5
3381,32,3,,,None,party,Graduated College,82319,1772206324017,1772206241698,female,true,English,6743c8da977b0d274dad1fc2,69a1b72582a6db747235cdf9,69a1897608a0cd68430f0f9e,3536,1,trial,2
3381,32,9,,,None,cookie,Graduated College,82319,1772206324017,1772206241698,female,true,English,6743c8da977b0d274dad1fc2,69a1b72582a6db747235cdf9,69a1897608a0cd68430f0f9e,3248,5,trial,9
3381,32,4,,,None,movie,Graduated College,82319,1772206324017,1772206241698,female,true,English,6743c8da977b0d274dad1fc2,69a1b72582a6db747235cdf9,69a1897608a0cd68430f0f9e,4248,2,trial,4
3381,32,7,,,None,movie,Graduated College,82319,1772206324017,1772206241698,female,true,English,6743c8da977b0d274dad1fc2,69a1b72582a6db747235cdf9,69a1897608a0cd68430f0f9e,3976,4,trial,8
3358,,6,,,,pizza,Higher degree,80869,1772205979853,1772205898984,male,true,english,6761d7843f52c97b6028f43a,69a1b6d47a98af010c5c03f7,69a1897608a0cd68430f0f9e,9499,2,trial,2
3358,,9,,,,party,Higher degree,80869,1772205979853,1772205898984,male,true,english,6761d7843f52c97b6028f43a,69a1b6d47a98af010c5c03f7,69a1897608a0cd68430f0f9e,4958,1,trial,1
3358,,9,,,,restaurant meal,Higher degree,80869,1772205979853,1772205898984,male,true,english,6761d7843f52c97b6028f43a,69a1b6d47a98af010c5c03f7,69a1897608a0cd68430f0f9e,6421,5,trial,9
3358,,2,2,1,,cookie,Higher degree,80869,1772205979853,1772205898984,male,true,english,6761d7843f52c97b6028f43a,69a1b6d47a98af010c5c03f7,69a1897608a0cd68430f0f9e,5261,3,attention,1
3358,,5,,,,cookie,Higher degree,80869,1772205979853,1772205898984,male,true,english,6761d7843f52c97b6028f43a,69a1b6d47a98af010c5c03f7,69a1897608a0cd68430f0f9e,3653,3,trial,5
3358,,6,,,,concert,Higher degree,80869,1772205979853,1772205898984,male,true,english,6761d7843f52c97b6028f43a,69a1b6d47a98af010c5c03f7,69a1897608a0cd68430f0f9e,3455,4,trial,7
3358,,7,,,,concert,Higher degree,80869,1772205979853,1772205898984,male,true,english,6761d7843f52c97b6028f43a,69a1b6d47a98af010c5c03f7,69a1897608a0cd68430f0f9e,4538,1,trial,2
3358,,4,4,4,,movie,Higher degree,80869,1772205979853,1772205898984,male,true,english,6761d7843f52c97b6028f43a,69a1b6d47a98af010c5c03f7,69a1897608a0cd68430f0f9e,4129,3,attention,4
3358,,6,,,,restaurant meal,Higher degree,80869,1772205979853,1772205898984,male,true,english,6761d7843f52c97b6028f43a,69a1b6d47a98af010c5c03f7,69a1897608a0cd68430f0f9e,4790,2,trial,3
3358,,5,,,,concert,Higher degree,80869,1772205979853,1772205898984,male,true,english,6761d7843f52c97b6028f43a,69a1b6d47a98af010c5c03f7,69a1897608a0cd68430f0f9e,3881,3,trial,5
3358,,7,,,,restaurant meal,Higher degree,80869,1772205979853,1772205898984,male,true,english,6761d7843f52c97b6028f43a,69a1b6d47a98af010c5c03f7,69a1897608a0cd68430f0f9e,3555,4,trial,7
3358,,9,,,,movie,Higher degree,80869,1772205979853,1772205898984,male,true,english,6761d7843f52c97b6028f43a,69a1b6d47a98af010c5c03f7,69a1897608a0cd68430f0f9e,3284,5,trial,9
3364,,9,,,,coffee,Higher degree,227832,1772206047683,1772205819851,male,true,English,673f0e83fbba6c167eebd6f7,69a1b6e5f22b67e9df9c0e94,69a1897608a0cd68430f0f9e,144606,5,trial,9
3364,,8,,,,pizza,Higher degree,227832,1772206047683,1772205819851,male,true,English,673f0e83fbba6c167eebd6f7,69a1b6e5f22b67e9df9c0e94,69a1897608a0cd68430f0f9e,3005,2,trial,3
3364,,6,,,,party,Higher degree,227832,1772206047683,1772205819851,male,true,English,673f0e83fbba6c167eebd6f7,69a1b6e5f22b67e9df9c0e94,69a1897608a0cd68430f0f9e,2167,3,trial,5
3364,,5,5,3,,cookie,Higher degree,227832,1772206047683,1772205819851,male,true,English,673f0e83fbba6c167eebd6f7,69a1b6e5f22b67e9df9c0e94,69a1897608a0cd68430f0f9e,8340,5,attention,3
3364,,7,,,,party,Higher degree,227832,1772206047683,1772205819851,male,true,English,673f0e83fbba6c167eebd6f7,69a1b6e5f22b67e9df9c0e94,69a1897608a0cd68430f0f9e,3012,4,trial,7
3364,,8,,,,cookie,Higher degree,227832,1772206047683,1772205819851,male,true,English,673f0e83fbba6c167eebd6f7,69a1b6e5f22b67e9df9c0e94,69a1897608a0cd68430f0f9e,3504,1,trial,2
3364,,7,,,,restaurant meal,Higher degree,227832,1772206047683,1772205819851,male,true,English,673f0e83fbba6c167eebd6f7,69a1b6e5f22b67e9df9c0e94,69a1897608a0cd68430f0f9e,4672,4,trial,7
3364,,5,5,5,,coffee,Higher degree,227832,1772206047683,1772205819851,male,true,English,673f0e83fbba6c167eebd6f7,69a1b6e5f22b67e9df9c0e94,69a1897608a0cd68430f0f9e,19355,2,attention,5
3364,,9,,,,movie,Higher degree,227832,1772206047683,1772205819851,male,true,English,673f0e83fbba6c167eebd6f7,69a1b6e5f22b67e9df9c0e94,69a1897608a0cd68430f0f9e,2923,5,trial,9
3364,,8,,,,party,Higher degree,227832,1772206047683,1772205819851,male,true,English,673f0e83fbba6c167eebd6f7,69a1b6e5f22b67e9df9c0e94,69a1897608a0cd68430f0f9e,3988,1,trial,2
3364,,5,,,,cookie,Higher degree,227832,1772206047683,1772205819851,male,true,English,673f0e83fbba6c167eebd6f7,69a1b6e5f22b67e9df9c0e94,69a1897608a0cd68430f0f9e,2571,3,trial,5
3364,,7,,,,coffee,Higher degree,227832,1772206047683,1772205819851,male,true,English,673f0e83fbba6c167eebd6f7,69a1b6e5f22b67e9df9c0e94,69a1897608a0cd68430f0f9e,2376,2,trial,3
3344,25,9,,,,restaurant meal,Graduated College,283168,1772205836230,1772205553062,other,true,English,5d352f8bb02857001963539a,69a1b5e9fcecfc600755277e,69a1897608a0cd68430f0f9e,5252,5,trial,9
3344,25,1,,,,cookie,Graduated College,283168,1772205836230,1772205553062,other,true,English,5d352f8bb02857001963539a,69a1b5e9fcecfc600755277e,69a1897608a0cd68430f0f9e,4329,1,trial,1
3344,25,3,,,,concert,Graduated College,283168,1772205836230,1772205553062,other,true,English,5d352f8bb02857001963539a,69a1b5e9fcecfc600755277e,69a1897608a0cd68430f0f9e,5222,2,trial,3
3344,25,2,2,4,,concert,Graduated College,283168,1772205836230,1772205553062,other,true,English,5d352f8bb02857001963539a,69a1b5e9fcecfc600755277e,69a1897608a0cd68430f0f9e,5900,3,attention,4
3344,25,6,,,,restaurant meal,Graduated College,283168,1772205836230,1772205553062,other,true,English,5d352f8bb02857001963539a,69a1b5e9fcecfc600755277e,69a1897608a0cd68430f0f9e,5554,3,trial,6
3344,25,7,,,,concert,Graduated College,283168,1772205836230,1772205553062,other,true,English,5d352f8bb02857001963539a,69a1b5e9fcecfc600755277e,69a1897608a0cd68430f0f9e,7662,4,trial,8
3344,25,6,,,,coffee,Graduated College,283168,1772205836230,1772205553062,other,true,English,5d352f8bb02857001963539a,69a1b5e9fcecfc600755277e,69a1897608a0cd68430f0f9e,5590,3,trial,6
3344,25,4,4,2,,cookie,Graduated College,283168,1772205836230,1772205553062,other,true,English,5d352f8bb02857001963539a,69a1b5e9fcecfc600755277e,69a1897608a0cd68430f0f9e,4838,4,attention,2
3344,25,1,,,,party,Graduated College,283168,1772205836230,1772205553062,other,true,English,5d352f8bb02857001963539a,69a1b5e9fcecfc600755277e,69a1897608a0cd68430f0f9e,4011,1,trial,1
3344,25,3,,,,concert,Graduated College,283168,1772205836230,1772205553062,other,true,English,5d352f8bb02857001963539a,69a1b5e9fcecfc600755277e,69a1897608a0cd68430f0f9e,3916,2,trial,3
3344,25,9,,,,pizza,Graduated College,283168,1772205836230,1772205553062,other,true,English,5d352f8bb02857001963539a,69a1b5e9fcecfc600755277e,69a1897608a0cd68430f0f9e,2861,5,trial,9
3344,25,8,,,,party,Graduated College,283168,1772205836230,1772205553062,other,true,English,5d352f8bb02857001963539a,69a1b5e9fcecfc600755277e,69a1897608a0cd68430f0f9e,6194,4,trial,7
3346,63,5,,,,cookie,Graduated High-school,306234,1772205853573,1772205547339,female,true,English,69830cb2e36240a467d1cd22,69a1b5e3238243e871b4de33,69a1897608a0cd68430f0f9e,20540,1,trial,2
3346,63,2,,,,pizza,Graduated High-school,306234,1772205853573,1772205547339,female,true,English,69830cb2e36240a467d1cd22,69a1b5e3238243e871b4de33,69a1897608a0cd68430f0f9e,38173,2,trial,4
3346,63,5,,,,pizza,Graduated High-school,306234,1772205853573,1772205547339,female,true,English,69830cb2e36240a467d1cd22,69a1b5e3238243e871b4de33,69a1897608a0cd68430f0f9e,29788,4,trial,4
3346,63,1,1,4,,party,Graduated High-school,306234,1772205853573,1772205547339,female,true,English,69830cb2e36240a467d1cd22,69a1b5e3238243e871b4de33,69a1897608a0cd68430f0f9e,13670,3,attention,4
3346,63,5,,,,pizza,Graduated High-school,306234,1772205853573,1772205547339,female,true,English,69830cb2e36240a467d1cd22,69a1b5e3238243e871b4de33,69a1897608a0cd68430f0f9e,19836,3,trial,5
3346,63,5,,,,concert,Graduated High-school,306234,1772205853573,1772205547339,female,true,English,69830cb2e36240a467d1cd22,69a1b5e3238243e871b4de33,69a1897608a0cd68430f0f9e,9986,5,trial,5
3346,63,5,,,,cookie,Graduated High-school,306234,1772205853573,1772205547339,female,true,English,69830cb2e36240a467d1cd22,69a1b5e3238243e871b4de33,69a1897608a0cd68430f0f9e,11933,3,trial,5
3346,63,4,4,4,,cookie,Graduated High-school,306234,1772205853573,1772205547339,female,true,English,69830cb2e36240a467d1cd22,69a1b5e3238243e871b4de33,69a1897608a0cd68430f0f9e,7768,4,attention,4
3346,63,1,,,,party,Graduated High-school,306234,1772205853573,1772205547339,female,true,English,69830cb2e36240a467d1cd22,69a1b5e3238243e871b4de33,69a1897608a0cd68430f0f9e,13611,1,trial,1
3346,63,5,,,,cookie,Graduated High-school,306234,1772205853573,1772205547339,female,true,English,69830cb2e36240a467d1cd22,69a1b5e3238243e871b4de33,69a1897608a0cd68430f0f9e,10615,5,trial,5
3346,63,5,,,,cookie,Graduated High-school,306234,1772205853573,1772205547339,female,true,English,69830cb2e36240a467d1cd22,69a1b5e3238243e871b4de33,69a1897608a0cd68430f0f9e,8858,4,trial,4
3346,63,4,,,,pizza,Graduated High-school,306234,1772205853573,1772205547339,female,true,English,69830cb2e36240a467d1cd22,69a1b5e3238243e871b4de33,69a1897608a0cd68430f0f9e,15691,2,trial,5
3351,52,3,,,,pizza,Graduated College,92851,1772205902296,1772205809445,male,true,english,6698f6841ea17860f25b306d,69a1b6ea63b6afe61dc10d93,69a1897608a0cd68430f0f9e,9200,2,trial,3
3351,52,1,,,,party,Graduated College,92851,1772205902296,1772205809445,male,true,english,6698f6841ea17860f25b306d,69a1b6ea63b6afe61dc10d93,69a1897608a0cd68430f0f9e,7111,1,trial,1
3351,52,9,,,,movie,Graduated College,92851,1772205902296,1772205809445,male,true,english,6698f6841ea17860f25b306d,69a1b6ea63b6afe61dc10d93,69a1897608a0cd68430f0f9e,5913,5,trial,9
3351,52,1,1,2,,pizza,Graduated College,92851,1772205902296,1772205809445,male,true,english,6698f6841ea17860f25b306d,69a1b6ea63b6afe61dc10d93,69a1897608a0cd68430f0f9e,6967,2,attention,2
3351,52,7,,,,cookie,Graduated College,92851,1772205902296,1772205809445,male,true,english,6698f6841ea17860f25b306d,69a1b6ea63b6afe61dc10d93,69a1897608a0cd68430f0f9e,4943,3,trial,6
3351,52,8,,,,cookie,Graduated College,92851,1772205902296,1772205809445,male,true,english,6698f6841ea17860f25b306d,69a1b6ea63b6afe61dc10d93,69a1897608a0cd68430f0f9e,4072,4,trial,8
3351,52,2,,,,party,Graduated College,92851,1772205902296,1772205809445,male,true,english,6698f6841ea17860f25b306d,69a1b6ea63b6afe61dc10d93,69a1897608a0cd68430f0f9e,4737,2,trial,2
3351,52,4,4,5,,concert,Graduated College,92851,1772205902296,1772205809445,male,true,english,6698f6841ea17860f25b306d,69a1b6ea63b6afe61dc10d93,69a1897608a0cd68430f0f9e,6383,1,attention,5
3351,52,9,,,,restaurant meal,Graduated College,92851,1772205902296,1772205809445,male,true,english,6698f6841ea17860f25b306d,69a1b6ea63b6afe61dc10d93,69a1897608a0cd68430f0f9e,3231,5,trial,9
3351,52,8,,,,concert,Graduated College,92851,1772205902296,1772205809445,male,true,english,6698f6841ea17860f25b306d,69a1b6ea63b6afe61dc10d93,69a1897608a0cd68430f0f9e,4089,4,trial,8
3351,52,6,,,,party,Graduated College,92851,1772205902296,1772205809445,male,true,english,6698f6841ea17860f25b306d,69a1b6ea63b6afe61dc10d93,69a1897608a0cd68430f0f9e,4632,3,trial,6
3351,52,1,,,,coffee,Graduated College,92851,1772205902296,1772205809445,male,true,english,6698f6841ea17860f25b306d,69a1b6ea63b6afe61dc10d93,69a1897608a0cd68430f0f9e,3055,1,trial,1
3375,42,9,,,Nil,party,Higher degree,429597,1772206248481,1772205818884,male,true,English,672c8eee8120e669315a528e,69a1b6e3848ef77eac2ed4df,69a1897608a0cd68430f0f9e,281018,1,trial,1
3375,42,8,,,Nil,restaurant meal,Higher degree,429597,1772206248481,1772205818884,male,true,English,672c8eee8120e669315a528e,69a1b6e3848ef77eac2ed4df,69a1897608a0cd68430f0f9e,85667,2,trial,3
3375,42,9,,,Nil,cookie,Higher degree,429597,1772206248481,1772205818884,male,true,English,672c8eee8120e669315a528e,69a1b6e3848ef77eac2ed4df,69a1897608a0cd68430f0f9e,2613,4,trial,7
3375,42,1,1,5,Nil,cookie,Higher degree,429597,1772206248481,1772205818884,male,true,English,672c8eee8120e669315a528e,69a1b6e3848ef77eac2ed4df,69a1897608a0cd68430f0f9e,2967,3,attention,5
3375,42,5,,,Nil,coffee,Higher degree,429597,1772206248481,1772205818884,male,true,English,672c8eee8120e669315a528e,69a1b6e3848ef77eac2ed4df,69a1897608a0cd68430f0f9e,2501,3,trial,5
3375,42,9,,,Nil,concert,Higher degree,429597,1772206248481,1772205818884,male,true,English,672c8eee8120e669315a528e,69a1b6e3848ef77eac2ed4df,69a1897608a0cd68430f0f9e,2718,5,trial,9
3375,42,7,,,Nil,party,Higher degree,429597,1772206248481,1772205818884,male,true,English,672c8eee8120e669315a528e,69a1b6e3848ef77eac2ed4df,69a1897608a0cd68430f0f9e,4924,2,trial,3
3375,42,2,2,2,Nil,pizza,Higher degree,429597,1772206248481,1772205818884,male,true,English,672c8eee8120e669315a528e,69a1b6e3848ef77eac2ed4df,69a1897608a0cd68430f0f9e,2166,2,attention,2
3375,42,5,,,Nil,concert,Higher degree,429597,1772206248481,1772205818884,male,true,English,672c8eee8120e669315a528e,69a1b6e3848ef77eac2ed4df,69a1897608a0cd68430f0f9e,2324,3,trial,5
3375,42,9,,,Nil,concert,Higher degree,429597,1772206248481,1772205818884,male,true,English,672c8eee8120e669315a528e,69a1b6e3848ef77eac2ed4df,69a1897608a0cd68430f0f9e,2253,5,trial,9
3375,42,9,,,Nil,coffee,Higher degree,429597,1772206248481,1772205818884,male,true,English,672c8eee8120e669315a528e,69a1b6e3848ef77eac2ed4df,69a1897608a0cd68430f0f9e,2629,1,trial,1
3375,42,8,,,Nil,coffee,Higher degree,429597,1772206248481,1772205818884,male,true,English,672c8eee8120e669315a528e,69a1b6e3848ef77eac2ed4df,69a1897608a0cd68430f0f9e,4721,4,trial,7
3371,33,4,,,NIL,coffee,Graduated College,287751,1772206153328,1772205865577,male,true,English,6755b42b20cf26a928acaa05,69a1b7216c7b1ec76b5f1765,69a1897608a0cd68430f0f9e,38720,2,trial,4
3371,33,6,,,NIL,concert,Graduated College,287751,1772206153328,1772205865577,male,true,English,6755b42b20cf26a928acaa05,69a1b7216c7b1ec76b5f1765,69a1897608a0cd68430f0f9e,9384,3,trial,6
3371,33,7,,,NIL,concert,Graduated College,287751,1772206153328,1772205865577,male,true,English,6755b42b20cf26a928acaa05,69a1b7216c7b1ec76b5f1765,69a1897608a0cd68430f0f9e,4272,4,trial,8
3371,33,5,5,1,NIL,restaurant meal,Graduated College,287751,1772206153328,1772205865577,male,true,English,6755b42b20cf26a928acaa05,69a1b7216c7b1ec76b5f1765,69a1897608a0cd68430f0f9e,79512,1,attention,1
3371,33,4,,,NIL,party,Graduated College,287751,1772206153328,1772205865577,male,true,English,6755b42b20cf26a928acaa05,69a1b7216c7b1ec76b5f1765,69a1897608a0cd68430f0f9e,5872,1,trial,2
3371,33,8,,,NIL,concert,Graduated College,287751,1772206153328,1772205865577,male,true,English,6755b42b20cf26a928acaa05,69a1b7216c7b1ec76b5f1765,69a1897608a0cd68430f0f9e,4151,5,trial,8
3371,33,5,,,NIL,party,Graduated College,287751,1772206153328,1772205865577,male,true,English,6755b42b20cf26a928acaa05,69a1b7216c7b1ec76b5f1765,69a1897608a0cd68430f0f9e,4503,3,trial,6
3371,33,2,2,2,NIL,cookie,Graduated College,287751,1772206153328,1772205865577,male,true,English,6755b42b20cf26a928acaa05,69a1b7216c7b1ec76b5f1765,69a1897608a0cd68430f0f9e,12911,2,attention,2
3371,33,4,,,NIL,coffee,Graduated College,287751,1772206153328,1772205865577,male,true,English,6755b42b20cf26a928acaa05,69a1b7216c7b1ec76b5f1765,69a1897608a0cd68430f0f9e,3704,2,trial,4
3371,33,6,,,NIL,cookie,Graduated College,287751,1772206153328,1772205865577,male,true,English,6755b42b20cf26a928acaa05,69a1b7216c7b1ec76b5f1765,69a1897608a0cd68430f0f9e,5951,1,trial,2
3371,33,8,,,NIL,party,Graduated College,287751,1772206153328,1772205865577,male,true,English,6755b42b20cf26a928acaa05,69a1b7216c7b1ec76b5f1765,69a1897608a0cd68430f0f9e,6800,4,trial,8
3371,33,8,,,NIL,party,Graduated College,287751,1772206153328,1772205865577,male,true,English,6755b42b20cf26a928acaa05,69a1b7216c7b1ec76b5f1765,69a1897608a0cd68430f0f9e,3752,5,trial,9
3379,26,8,,,,party,Graduated College,134541,1772206303158,1772206168617,female,true,English,663a4780a52e3662ef14efbd,69a1b84ca34ce18c582ed573,69a1897608a0cd68430f0f9e,14766,4,trial,8
3379,26,1,,,,party,Graduated College,134541,1772206303158,1772206168617,female,true,English,663a4780a52e3662ef14efbd,69a1b84ca34ce18c582ed573,69a1897608a0cd68430f0f9e,5561,1,trial,1
3379,26,2,,,,movie,Graduated College,134541,1772206303158,1772206168617,female,true,English,663a4780a52e3662ef14efbd,69a1b84ca34ce18c582ed573,69a1897608a0cd68430f0f9e,10627,2,trial,2
3379,26,4,4,5,,movie,Graduated College,134541,1772206303158,1772206168617,female,true,English,663a4780a52e3662ef14efbd,69a1b84ca34ce18c582ed573,69a1897608a0cd68430f0f9e,8954,4,attention,5
3379,26,6,,,,restaurant meal,Graduated College,134541,1772206303158,1772206168617,female,true,English,663a4780a52e3662ef14efbd,69a1b84ca34ce18c582ed573,69a1897608a0cd68430f0f9e,13670,3,trial,6
3379,26,9,,,,pizza,Graduated College,134541,1772206303158,1772206168617,female,true,English,663a4780a52e3662ef14efbd,69a1b84ca34ce18c582ed573,69a1897608a0cd68430f0f9e,4751,5,trial,9
3379,26,2,,,,coffee,Graduated College,134541,1772206303158,1772206168617,female,true,English,663a4780a52e3662ef14efbd,69a1b84ca34ce18c582ed573,69a1897608a0cd68430f0f9e,7112,2,trial,2
3379,26,2,2,2,,restaurant meal,Graduated College,134541,1772206303158,1772206168617,female,true,English,663a4780a52e3662ef14efbd,69a1b84ca34ce18c582ed573,69a1897608a0cd68430f0f9e,9830,5,attention,2
3379,26,8,,,,pizza,Graduated College,134541,1772206303158,1772206168617,female,true,English,663a4780a52e3662ef14efbd,69a1b84ca34ce18c582ed573,69a1897608a0cd68430f0f9e,4898,4,trial,8
3379,26,3,,,,party,Graduated College,134541,1772206303158,1772206168617,female,true,English,663a4780a52e3662ef14efbd,69a1b84ca34ce18c582ed573,69a1897608a0cd68430f0f9e,6800,3,trial,4
3379,26,1,,,,concert,Graduated College,134541,1772206303158,1772206168617,female,true,English,663a4780a52e3662ef14efbd,69a1b84ca34ce18c582ed573,69a1897608a0cd68430f0f9e,3531,1,trial,1
3379,26,9,,,,restaurant meal,Graduated College,134541,1772206303158,1772206168617,female,true,English,663a4780a52e3662ef14efbd,69a1b84ca34ce18c582ed573,69a1897608a0cd68430f0f9e,4805,5,trial,9
3377,25,9,,,,movie,Graduated College,884957,1772206283333,1772205398376,female,true,English,60a2be69eb4d3bcbff354d5d,69a1b4b89eefb84aeb59292d,69a1897608a0cd68430f0f9e,40064,3,trial,1
3377,25,6,,,,restaurant meal,Graduated College,884957,1772206283333,1772205398376,female,true,English,60a2be69eb4d3bcbff354d5d,69a1b4b89eefb84aeb59292d,69a1897608a0cd68430f0f9e,51808,4,trial,9
3377,25,5,,,,party,Graduated College,884957,1772206283333,1772205398376,female,true,English,60a2be69eb4d3bcbff354d5d,69a1b4b89eefb84aeb59292d,69a1897608a0cd68430f0f9e,88168,1,trial,1
3377,25,1,1,2,,cookie,Graduated College,884957,1772206283333,1772205398376,female,true,English,60a2be69eb4d3bcbff354d5d,69a1b4b89eefb84aeb59292d,69a1897608a0cd68430f0f9e,17336,3,attention,2
3377,25,1,,,,pizza,Graduated College,884957,1772206283333,1772205398376,female,true,English,60a2be69eb4d3bcbff354d5d,69a1b4b89eefb84aeb59292d,69a1897608a0cd68430f0f9e,149759,2,trial,5
3377,25,9,,,,coffee,Graduated College,884957,1772206283333,1772205398376,female,true,English,60a2be69eb4d3bcbff354d5d,69a1b4b89eefb84aeb59292d,69a1897608a0cd68430f0f9e,18824,5,trial,9
3377,25,9,,,,movie,Graduated College,884957,1772206283333,1772205398376,female,true,English,60a2be69eb4d3bcbff354d5d,69a1b4b89eefb84aeb59292d,69a1897608a0cd68430f0f9e,307191,4,trial,7
3377,25,3,3,3,,party,Graduated College,884957,1772206283333,1772205398376,female,true,English,60a2be69eb4d3bcbff354d5d,69a1b4b89eefb84aeb59292d,69a1897608a0cd68430f0f9e,19304,4,attention,3
3377,25,1,,,,concert,Graduated College,884957,1772206283333,1772205398376,female,true,English,60a2be69eb4d3bcbff354d5d,69a1b4b89eefb84aeb59292d,69a1897608a0cd68430f0f9e,13928,2,trial,1
3377,25,1,,,,concert,Graduated College,884957,1772206283333,1772205398376,female,true,English,60a2be69eb4d3bcbff354d5d,69a1b4b89eefb84aeb59292d,69a1897608a0cd68430f0f9e,10144,1,trial,1
3377,25,8,,,,coffee,Graduated College,884957,1772206283333,1772205398376,female,true,English,60a2be69eb4d3bcbff354d5d,69a1b4b89eefb84aeb59292d,69a1897608a0cd68430f0f9e,16936,3,trial,7
3377,25,9,,,,party,Graduated College,884957,1772206283333,1772205398376,female,true,English,60a2be69eb4d3bcbff354d5d,69a1b4b89eefb84aeb59292d,69a1897608a0cd68430f0f9e,6840,5,trial,9
3370,39,7,,,N/a,coffee,Graduated High-school,257530,1772206154861,1772205897331,male,true,English ,5ff591cba89e1b000bfb9852,69a1b741fb2ed2e0e1cf49f9,69a1897608a0cd68430f0f9e,11926,1,trial,1
3370,39,8,,,N/a,movie,Graduated High-school,257530,1772206154861,1772205897331,male,true,English ,5ff591cba89e1b000bfb9852,69a1b741fb2ed2e0e1cf49f9,69a1897608a0cd68430f0f9e,8171,5,trial,7
3370,39,6,,,N/a,party,Graduated High-school,257530,1772206154861,1772205897331,male,true,English ,5ff591cba89e1b000bfb9852,69a1b741fb2ed2e0e1cf49f9,69a1897608a0cd68430f0f9e,4893,3,trial,5
3370,39,2,2,3,N/a,cookie,Graduated High-school,257530,1772206154861,1772205897331,male,true,English ,5ff591cba89e1b000bfb9852,69a1b741fb2ed2e0e1cf49f9,69a1897608a0cd68430f0f9e,49820,1,attention,3
3370,39,5,,,N/a,restaurant meal,Graduated High-school,257530,1772206154861,1772205897331,male,true,English ,5ff591cba89e1b000bfb9852,69a1b741fb2ed2e0e1cf49f9,69a1897608a0cd68430f0f9e,5669,4,trial,6
3370,39,4,,,N/a,concert,Graduated High-school,257530,1772206154861,1772205897331,male,true,English ,5ff591cba89e1b000bfb9852,69a1b741fb2ed2e0e1cf49f9,69a1897608a0cd68430f0f9e,3681,2,trial,3
3370,39,5,,,N/a,pizza,Graduated High-school,257530,1772206154861,1772205897331,male,true,English ,5ff591cba89e1b000bfb9852,69a1b741fb2ed2e0e1cf49f9,69a1897608a0cd68430f0f9e,3228,3,trial,5
3370,39,5,5,2,N/a,pizza,Graduated High-school,257530,1772206154861,1772205897331,male,true,English ,5ff591cba89e1b000bfb9852,69a1b741fb2ed2e0e1cf49f9,69a1897608a0cd68430f0f9e,3493,5,attention,2
3370,39,8,,,N/a,concert,Graduated High-school,257530,1772206154861,1772205897331,male,true,English ,5ff591cba89e1b000bfb9852,69a1b741fb2ed2e0e1cf49f9,69a1897608a0cd68430f0f9e,3925,5,trial,8
3370,39,6,,,N/a,concert,Graduated High-school,257530,1772206154861,1772205897331,male,true,English ,5ff591cba89e1b000bfb9852,69a1b741fb2ed2e0e1cf49f9,69a1897608a0cd68430f0f9e,4195,4,trial,6
3370,39,3,,,N/a,cookie,Graduated High-school,257530,1772206154861,1772205897331,male,true,English ,5ff591cba89e1b000bfb9852,69a1b741fb2ed2e0e1cf49f9,69a1897608a0cd68430f0f9e,3276,2,trial,3
3370,39,1,,,N/a,movie,Graduated High-school,257530,1772206154861,1772205897331,male,true,English ,5ff591cba89e1b000bfb9852,69a1b741fb2ed2e0e1cf49f9,69a1897608a0cd68430f0f9e,4096,1,trial,2
3393,65,3,,,,restaurant meal,Higher degree,213002,1772206591381,1772206378379,male,true,ENGLISH,5ec79cbd44972a1fceed2719,69a1b923c9ea6a48e19086c6,69a1897608a0cd68430f0f9e,20022,2,trial,3
3393,65,8,,,,restaurant meal,Higher degree,213002,1772206591381,1772206378379,male,true,ENGLISH,5ec79cbd44972a1fceed2719,69a1b923c9ea6a48e19086c6,69a1897608a0cd68430f0f9e,9554,4,trial,7
3393,65,5,,,,restaurant meal,Higher degree,213002,1772206591381,1772206378379,male,true,ENGLISH,5ec79cbd44972a1fceed2719,69a1b923c9ea6a48e19086c6,69a1897608a0cd68430f0f9e,11966,1,trial,1
3393,65,4,4,5,,pizza,Higher degree,213002,1772206591381,1772206378379,male,true,ENGLISH,5ec79cbd44972a1fceed2719,69a1b923c9ea6a48e19086c6,69a1897608a0cd68430f0f9e,15365,3,attention,5
3393,65,7,,,,party,Higher degree,213002,1772206591381,1772206378379,male,true,ENGLISH,5ec79cbd44972a1fceed2719,69a1b923c9ea6a48e19086c6,69a1897608a0cd68430f0f9e,8950,5,trial,9
3393,65,4,,,,party,Higher degree,213002,1772206591381,1772206378379,male,true,ENGLISH,5ec79cbd44972a1fceed2719,69a1b923c9ea6a48e19086c6,69a1897608a0cd68430f0f9e,7654,3,trial,3
3393,65,5,,,,pizza,Higher degree,213002,1772206591381,1772206378379,male,true,ENGLISH,5ec79cbd44972a1fceed2719,69a1b923c9ea6a48e19086c6,69a1897608a0cd68430f0f9e,9169,1,trial,1
3393,65,1,1,4,,pizza,Higher degree,213002,1772206591381,1772206378379,male,true,ENGLISH,5ec79cbd44972a1fceed2719,69a1b923c9ea6a48e19086c6,69a1897608a0cd68430f0f9e,8238,2,attention,4
3393,65,5,,,,movie,Higher degree,213002,1772206591381,1772206378379,male,true,ENGLISH,5ec79cbd44972a1fceed2719,69a1b923c9ea6a48e19086c6,69a1897608a0cd68430f0f9e,35687,3,trial,6
3393,65,5,,,,concert,Higher degree,213002,1772206591381,1772206378379,male,true,ENGLISH,5ec79cbd44972a1fceed2719,69a1b923c9ea6a48e19086c6,69a1897608a0cd68430f0f9e,8476,2,trial,2
3393,65,8,,,,concert,Higher degree,213002,1772206591381,1772206378379,male,true,ENGLISH,5ec79cbd44972a1fceed2719,69a1b923c9ea6a48e19086c6,69a1897608a0cd68430f0f9e,8981,4,trial,8
3393,65,9,,,,party,Higher degree,213002,1772206591381,1772206378379,male,true,ENGLISH,5ec79cbd44972a1fceed2719,69a1b923c9ea6a48e19086c6,69a1897608a0cd68430f0f9e,6483,5,trial,9
3372,35,9,,,,party,Graduated High-school,262836,1772206187585,1772205924749,female,true,English,613dd5fb512aabe8d5d32393,69a1b750423950c35493054e,69a1897608a0cd68430f0f9e,15859,5,trial,9
3372,35,2,,,,party,Graduated High-school,262836,1772206187585,1772205924749,female,true,English,613dd5fb512aabe8d5d32393,69a1b750423950c35493054e,69a1897608a0cd68430f0f9e,11526,2,trial,2
3372,35,4,,,,movie,Graduated High-school,262836,1772206187585,1772205924749,female,true,English,613dd5fb512aabe8d5d32393,69a1b750423950c35493054e,69a1897608a0cd68430f0f9e,12377,3,trial,5
3372,35,4,4,4,,movie,Graduated High-school,262836,1772206187585,1772205924749,female,true,English,613dd5fb512aabe8d5d32393,69a1b750423950c35493054e,69a1897608a0cd68430f0f9e,13250,1,attention,4
3372,35,1,,,,coffee,Graduated High-school,262836,1772206187585,1772205924749,female,true,English,613dd5fb512aabe8d5d32393,69a1b750423950c35493054e,69a1897608a0cd68430f0f9e,7424,1,trial,1
3372,35,7,,,,coffee,Graduated High-school,262836,1772206187585,1772205924749,female,true,English,613dd5fb512aabe8d5d32393,69a1b750423950c35493054e,69a1897608a0cd68430f0f9e,4105,4,trial,7
3372,35,1,,,,movie,Graduated High-school,262836,1772206187585,1772205924749,female,true,English,613dd5fb512aabe8d5d32393,69a1b750423950c35493054e,69a1897608a0cd68430f0f9e,20340,1,trial,1
3372,35,1,1,2,,pizza,Graduated High-school,262836,1772206187585,1772205924749,female,true,English,613dd5fb512aabe8d5d32393,69a1b750423950c35493054e,69a1897608a0cd68430f0f9e,7387,5,attention,2
3372,35,7,,,,cookie,Graduated High-school,262836,1772206187585,1772205924749,female,true,English,613dd5fb512aabe8d5d32393,69a1b750423950c35493054e,69a1897608a0cd68430f0f9e,5308,4,trial,7
3372,35,9,,,,movie,Graduated High-school,262836,1772206187585,1772205924749,female,true,English,613dd5fb512aabe8d5d32393,69a1b750423950c35493054e,69a1897608a0cd68430f0f9e,3751,5,trial,9
3372,35,3,,,,movie,Graduated High-school,262836,1772206187585,1772205924749,female,true,English,613dd5fb512aabe8d5d32393,69a1b750423950c35493054e,69a1897608a0cd68430f0f9e,5606,2,trial,3
3372,35,5,,,,concert,Graduated High-school,262836,1772206187585,1772205924749,female,true,English,613dd5fb512aabe8d5d32393,69a1b750423950c35493054e,69a1897608a0cd68430f0f9e,2868,3,trial,5
3383,43,7,,,,restaurant meal,Higher degree,253888,1772206344038,1772206090150,male,true,"Engish, Spanish",6704539fe462b87182866f14,69a1b4f518ecae7109611689,69a1897608a0cd68430f0f9e,14368,1,trial,2
3383,43,5,,,,party,Higher degree,253888,1772206344038,1772206090150,male,true,"Engish, Spanish",6704539fe462b87182866f14,69a1b4f518ecae7109611689,69a1897608a0cd68430f0f9e,5628,3,trial,6
3383,43,7,,,,concert,Higher degree,253888,1772206344038,1772206090150,male,true,"Engish, Spanish",6704539fe462b87182866f14,69a1b4f518ecae7109611689,69a1897608a0cd68430f0f9e,4852,4,trial,7
3383,43,2,2,5,,cookie,Higher degree,253888,1772206344038,1772206090150,male,true,"Engish, Spanish",6704539fe462b87182866f14,69a1b4f518ecae7109611689,69a1897608a0cd68430f0f9e,4920,5,attention,5
3383,43,3,,,,pizza,Higher degree,253888,1772206344038,1772206090150,male,true,"Engish, Spanish",6704539fe462b87182866f14,69a1b4f518ecae7109611689,69a1897608a0cd68430f0f9e,7482,2,trial,3
3383,43,9,,,,concert,Higher degree,253888,1772206344038,1772206090150,male,true,"Engish, Spanish",6704539fe462b87182866f14,69a1b4f518ecae7109611689,69a1897608a0cd68430f0f9e,5860,5,trial,8
3383,43,7,,,,cookie,Higher degree,253888,1772206344038,1772206090150,male,true,"Engish, Spanish",6704539fe462b87182866f14,69a1b4f518ecae7109611689,69a1897608a0cd68430f0f9e,39758,1,trial,2
3383,43,3,5,3,,concert,Higher degree,253888,1772206344038,1772206090150,male,false,"Engish, Spanish",6704539fe462b87182866f14,69a1b4f518ecae7109611689,69a1897608a0cd68430f0f9e,6022,2,attention,6
3383,43,7,,,,cookie,Higher degree,253888,1772206344038,1772206090150,male,true,"Engish, Spanish",6704539fe462b87182866f14,69a1b4f518ecae7109611689,69a1897608a0cd68430f0f9e,5882,4,trial,7
3383,43,2,,,,coffee,Higher degree,253888,1772206344038,1772206090150,male,true,"Engish, Spanish",6704539fe462b87182866f14,69a1b4f518ecae7109611689,69a1897608a0cd68430f0f9e,11174,2,trial,3
3383,43,8,,,,pizza,Higher degree,253888,1772206344038,1772206090150,male,true,"Engish, Spanish",6704539fe462b87182866f14,69a1b4f518ecae7109611689,69a1897608a0cd68430f0f9e,24946,5,trial,8
3383,43,6,,,,pizza,Higher degree,253888,1772206344038,1772206090150,male,true,"Engish, Spanish",6704539fe462b87182866f14,69a1b4f518ecae7109611689,69a1897608a0cd68430f0f9e,60487,3,trial,5
3386,20,3,,,,party,Graduated High-school,71305,1772206369854,1772206298549,female,true,,6995f2126c93701d4f3b28e0,69a1b85cf6f698aefa219248,69a1897608a0cd68430f0f9e,10650,2,trial,3
3386,20,8,,,,party,Graduated High-school,71305,1772206369854,1772206298549,female,true,,6995f2126c93701d4f3b28e0,69a1b85cf6f698aefa219248,69a1897608a0cd68430f0f9e,3309,4,trial,7
3386,20,5,,,,coffee,Graduated High-school,71305,1772206369854,1772206298549,female,true,,6995f2126c93701d4f3b28e0,69a1b85cf6f698aefa219248,69a1897608a0cd68430f0f9e,2972,3,trial,5
3386,20,4,4,3,,concert,Graduated High-school,71305,1772206369854,1772206298549,female,true,,6995f2126c93701d4f3b28e0,69a1b85cf6f698aefa219248,69a1897608a0cd68430f0f9e,4346,4,attention,3
3386,20,1,,,,coffee,Graduated High-school,71305,1772206369854,1772206298549,female,true,,6995f2126c93701d4f3b28e0,69a1b85cf6f698aefa219248,69a1897608a0cd68430f0f9e,8027,1,trial,3
3386,20,8,,,,movie,Graduated High-school,71305,1772206369854,1772206298549,female,true,,6995f2126c93701d4f3b28e0,69a1b85cf6f698aefa219248,69a1897608a0cd68430f0f9e,3107,5,trial,8
3386,20,4,,,,movie,Graduated High-school,71305,1772206369854,1772206298549,female,true,,6995f2126c93701d4f3b28e0,69a1b85cf6f698aefa219248,69a1897608a0cd68430f0f9e,4610,2,trial,3
3386,20,1,1,5,,party,Graduated High-school,71305,1772206369854,1772206298549,female,true,,6995f2126c93701d4f3b28e0,69a1b85cf6f698aefa219248,69a1897608a0cd68430f0f9e,4121,5,attention,5
3386,20,4,,,,cookie,Graduated High-school,71305,1772206369854,1772206298549,female,true,,6995f2126c93701d4f3b28e0,69a1b85cf6f698aefa219248,69a1897608a0cd68430f0f9e,11163,1,trial,1
3386,20,8,,,,movie,Graduated High-school,71305,1772206369854,1772206298549,female,true,,6995f2126c93701d4f3b28e0,69a1b85cf6f698aefa219248,69a1897608a0cd68430f0f9e,3272,5,trial,8
3386,20,5,,,,movie,Graduated High-school,71305,1772206369854,1772206298549,female,true,,6995f2126c93701d4f3b28e0,69a1b85cf6f698aefa219248,69a1897608a0cd68430f0f9e,2748,3,trial,5
3386,20,7,,,,concert,Graduated High-school,71305,1772206369854,1772206298549,female,true,,6995f2126c93701d4f3b28e0,69a1b85cf6f698aefa219248,69a1897608a0cd68430f0f9e,2762,4,trial,7
3382,27,8,,,all good thank you!,party,Higher degree,155930,1772206332028,1772206176098,male,true,"english, german",66f69dcc061074dacb886b52,69a1b83083758097a4c72587,69a1897608a0cd68430f0f9e,8517,4,trial,8
3382,27,6,,,all good thank you!,pizza,Higher degree,155930,1772206332028,1772206176098,male,true,"english, german",66f69dcc061074dacb886b52,69a1b83083758097a4c72587,69a1897608a0cd68430f0f9e,11420,1,trial,1
3382,27,9,,,all good thank you!,pizza,Higher degree,155930,1772206332028,1772206176098,male,true,"english, german",66f69dcc061074dacb886b52,69a1b83083758097a4c72587,69a1897608a0cd68430f0f9e,8835,5,trial,9
3382,27,1,1,5,all good thank you!,concert,Higher degree,155930,1772206332028,1772206176098,male,true,"english, german",66f69dcc061074dacb886b52,69a1b83083758097a4c72587,69a1897608a0cd68430f0f9e,27472,5,attention,5
3382,27,2,,,all good thank you!,coffee,Higher degree,155930,1772206332028,1772206176098,male,true,"english, german",66f69dcc061074dacb886b52,69a1b83083758097a4c72587,69a1897608a0cd68430f0f9e,10652,3,trial,5
3382,27,3,,,all good thank you!,party,Higher degree,155930,1772206332028,1772206176098,male,true,"english, german",66f69dcc061074dacb886b52,69a1b83083758097a4c72587,69a1897608a0cd68430f0f9e,4634,2,trial,2
3382,27,9,,,all good thank you!,concert,Higher degree,155930,1772206332028,1772206176098,male,true,"english, german",66f69dcc061074dacb886b52,69a1b83083758097a4c72587,69a1897608a0cd68430f0f9e,3917,5,trial,9
3382,27,2,2,1,all good thank you!,concert,Higher degree,155930,1772206332028,1772206176098,male,true,"english, german",66f69dcc061074dacb886b52,69a1b83083758097a4c72587,69a1897608a0cd68430f0f9e,7685,3,attention,1
3382,27,3,,,all good thank you!,cookie,Higher degree,155930,1772206332028,1772206176098,male,true,"english, german",66f69dcc061074dacb886b52,69a1b83083758097a4c72587,69a1897608a0cd68430f0f9e,8885,3,trial,5
3382,27,5,,,all good thank you!,cookie,Higher degree,155930,1772206332028,1772206176098,male,true,"english, german",66f69dcc061074dacb886b52,69a1b83083758097a4c72587,69a1897608a0cd68430f0f9e,3685,2,trial,3
3382,27,7,,,all good thank you!,pizza,Higher degree,155930,1772206332028,1772206176098,male,true,"english, german",66f69dcc061074dacb886b52,69a1b83083758097a4c72587,69a1897608a0cd68430f0f9e,5067,4,trial,8
3382,27,6,,,all good thank you!,movie,Higher degree,155930,1772206332028,1772206176098,male,true,"english, german",66f69dcc061074dacb886b52,69a1b83083758097a4c72587,69a1897608a0cd68430f0f9e,9819,1,trial,1
3392,52,2,,,Thank you for the opportunity to participate.,concert,Graduated College,244846,1772206541985,1772206297139,female,true,English,60d22e68bb03e1da436b8b7c,69a1b8c3719c2a196cec8fa8,69a1897608a0cd68430f0f9e,18409,3,trial,6
3392,52,9,,,Thank you for the opportunity to participate.,pizza,Graduated College,244846,1772206541985,1772206297139,female,true,English,60d22e68bb03e1da436b8b7c,69a1b8c3719c2a196cec8fa8,69a1897608a0cd68430f0f9e,15366,5,trial,9
3392,52,2,,,Thank you for the opportunity to participate.,party,Graduated College,244846,1772206541985,1772206297139,female,true,English,60d22e68bb03e1da436b8b7c,69a1b8c3719c2a196cec8fa8,69a1897608a0cd68430f0f9e,11839,2,trial,3
3392,52,2,2,2,Thank you for the opportunity to participate.,cookie,Graduated College,244846,1772206541985,1772206297139,female,true,English,60d22e68bb03e1da436b8b7c,69a1b8c3719c2a196cec8fa8,69a1897608a0cd68430f0f9e,14615,5,attention,2
3392,52,1,,,Thank you for the opportunity to participate.,restaurant meal,Graduated College,244846,1772206541985,1772206297139,female,true,English,60d22e68bb03e1da436b8b7c,69a1b8c3719c2a196cec8fa8,69a1897608a0cd68430f0f9e,10586,1,trial,1
3392,52,7,,,Thank you for the opportunity to participate.,party,Graduated College,244846,1772206541985,1772206297139,female,true,English,60d22e68bb03e1da436b8b7c,69a1b8c3719c2a196cec8fa8,69a1897608a0cd68430f0f9e,8289,4,trial,7
3392,52,1,,,Thank you for the opportunity to participate.,coffee,Graduated College,244846,1772206541985,1772206297139,female,true,English,60d22e68bb03e1da436b8b7c,69a1b8c3719c2a196cec8fa8,69a1897608a0cd68430f0f9e,5784,1,trial,1
3392,52,5,5,3,Thank you for the opportunity to participate.,restaurant meal,Graduated College,244846,1772206541985,1772206297139,female,true,English,60d22e68bb03e1da436b8b7c,69a1b8c3719c2a196cec8fa8,69a1897608a0cd68430f0f9e,18213,3,attention,3
3392,52,9,,,Thank you for the opportunity to participate.,movie,Graduated College,244846,1772206541985,1772206297139,female,true,English,60d22e68bb03e1da436b8b7c,69a1b8c3719c2a196cec8fa8,69a1897608a0cd68430f0f9e,8829,5,trial,9
3392,52,7,,,Thank you for the opportunity to participate.,cookie,Graduated College,244846,1772206541985,1772206297139,female,true,English,60d22e68bb03e1da436b8b7c,69a1b8c3719c2a196cec8fa8,69a1897608a0cd68430f0f9e,6398,4,trial,7
3392,52,3,,,Thank you for the opportunity to participate.,party,Graduated College,244846,1772206541985,1772206297139,female,true,English,60d22e68bb03e1da436b8b7c,69a1b8c3719c2a196cec8fa8,69a1897608a0cd68430f0f9e,15286,3,trial,6
3392,52,2,,,Thank you for the opportunity to participate.,restaurant meal,Graduated College,244846,1772206541985,1772206297139,female,true,English,60d22e68bb03e1da436b8b7c,69a1b8c3719c2a196cec8fa8,69a1897608a0cd68430f0f9e,8213,2,trial,3
3395,32,4,,,No comments.,party,Graduated College,402967,1772206696205,1772206293238,female,true,English,67e069199f5b036960b0cc5f,69a1b8c2b3f723af9663a06a,69a1897608a0cd68430f0f9e,29139,3,trial,6
3395,32,1,,,No comments.,concert,Graduated College,402967,1772206696205,1772206293238,female,true,English,67e069199f5b036960b0cc5f,69a1b8c2b3f723af9663a06a,69a1897608a0cd68430f0f9e,18932,1,trial,3
3395,32,3,,,No comments.,restaurant meal,Graduated College,402967,1772206696205,1772206293238,female,true,English,67e069199f5b036960b0cc5f,69a1b8c2b3f723af9663a06a,69a1897608a0cd68430f0f9e,15918,2,trial,4
3395,32,1,1,3,No comments.,coffee,Graduated College,402967,1772206696205,1772206293238,female,true,English,67e069199f5b036960b0cc5f,69a1b8c2b3f723af9663a06a,69a1897608a0cd68430f0f9e,9907,2,attention,3
3395,32,8,,,No comments.,party,Graduated College,402967,1772206696205,1772206293238,female,true,English,67e069199f5b036960b0cc5f,69a1b8c2b3f723af9663a06a,69a1897608a0cd68430f0f9e,8785,4,trial,7
3395,32,7,,,No comments.,cookie,Graduated College,402967,1772206696205,1772206293238,female,true,English,67e069199f5b036960b0cc5f,69a1b8c2b3f723af9663a06a,69a1897608a0cd68430f0f9e,15278,5,trial,9
3395,32,6,,,No comments.,movie,Graduated College,402967,1772206696205,1772206293238,female,true,English,67e069199f5b036960b0cc5f,69a1b8c2b3f723af9663a06a,69a1897608a0cd68430f0f9e,13023,3,trial,6
3395,32,4,4,3,No comments.,concert,Graduated College,402967,1772206696205,1772206293238,female,true,English,67e069199f5b036960b0cc5f,69a1b8c2b3f723af9663a06a,69a1897608a0cd68430f0f9e,11763,1,attention,3
3395,32,2,,,No comments.,coffee,Graduated College,402967,1772206696205,1772206293238,female,true,English,67e069199f5b036960b0cc5f,69a1b8c2b3f723af9663a06a,69a1897608a0cd68430f0f9e,24596,2,trial,4
3395,32,1,,,No comments.,coffee,Graduated College,402967,1772206696205,1772206293238,female,true,English,67e069199f5b036960b0cc5f,69a1b8c2b3f723af9663a06a,69a1897608a0cd68430f0f9e,9158,1,trial,2
3395,32,7,,,No comments.,cookie,Graduated College,402967,1772206696205,1772206293238,female,true,English,67e069199f5b036960b0cc5f,69a1b8c2b3f723af9663a06a,69a1897608a0cd68430f0f9e,11832,5,trial,9
3395,32,6,,,No comments.,cookie,Graduated College,402967,1772206696205,1772206293238,female,true,English,67e069199f5b036960b0cc5f,69a1b8c2b3f723af9663a06a,69a1897608a0cd68430f0f9e,9828,4,trial,8
3408,29,1,,,N/A,party,Higher degree,221993,1772207262233,1772207040240,male,true,English,69164f1506438100fb7da440,69a1bbabb1496828d32ad3ef,69a1897608a0cd68430f0f9e,14967,1,trial,1
3408,29,5,,,N/A,party,Higher degree,221993,1772207262233,1772207040240,male,true,English,69164f1506438100fb7da440,69a1bbabb1496828d32ad3ef,69a1897608a0cd68430f0f9e,31537,3,trial,5
3408,29,4,,,N/A,cookie,Higher degree,221993,1772207262233,1772207040240,male,true,English,69164f1506438100fb7da440,69a1bbabb1496828d32ad3ef,69a1897608a0cd68430f0f9e,18729,2,trial,4
3408,29,3,3,5,N/A,movie,Higher degree,221993,1772207262233,1772207040240,male,true,English,69164f1506438100fb7da440,69a1bbabb1496828d32ad3ef,69a1897608a0cd68430f0f9e,9438,3,attention,5
3408,29,9,,,N/A,pizza,Higher degree,221993,1772207262233,1772207040240,male,true,English,69164f1506438100fb7da440,69a1bbabb1496828d32ad3ef,69a1897608a0cd68430f0f9e,4297,5,trial,9
3408,29,7,,,N/A,cookie,Higher degree,221993,1772207262233,1772207040240,male,true,English,69164f1506438100fb7da440,69a1bbabb1496828d32ad3ef,69a1897608a0cd68430f0f9e,14528,4,trial,4
3408,29,9,,,N/A,restaurant meal,Higher degree,221993,1772207262233,1772207040240,male,true,English,69164f1506438100fb7da440,69a1bbabb1496828d32ad3ef,69a1897608a0cd68430f0f9e,3492,5,trial,9
3408,29,9,5,4,N/A,concert,Higher degree,221993,1772207262233,1772207040240,male,false,English,69164f1506438100fb7da440,69a1bbabb1496828d32ad3ef,69a1897608a0cd68430f0f9e,9068,3,attention,2
3408,29,4,,,N/A,coffee,Higher degree,221993,1772207262233,1772207040240,male,true,English,69164f1506438100fb7da440,69a1bbabb1496828d32ad3ef,69a1897608a0cd68430f0f9e,34566,2,trial,3
3408,29,5,,,N/A,concert,Higher degree,221993,1772207262233,1772207040240,male,true,English,69164f1506438100fb7da440,69a1bbabb1496828d32ad3ef,69a1897608a0cd68430f0f9e,9583,3,trial,5
3408,29,1,,,N/A,party,Higher degree,221993,1772207262233,1772207040240,male,true,English,69164f1506438100fb7da440,69a1bbabb1496828d32ad3ef,69a1897608a0cd68430f0f9e,15738,1,trial,1
3408,29,8,,,N/A,restaurant meal,Higher degree,221993,1772207262233,1772207040240,male,true,English,69164f1506438100fb7da440,69a1bbabb1496828d32ad3ef,69a1897608a0cd68430f0f9e,10272,4,trial,7
3411,21,5,,,,pizza,Graduated College,78320,1772207442064,1772207363744,female,true,english,66c62c2a76d4919685cd6767,69a1bcfd4e13598bb425aee7,69a1897608a0cd68430f0f9e,8442,3,trial,6
3411,21,9,,,,pizza,Graduated College,78320,1772207442064,1772207363744,female,true,english,66c62c2a76d4919685cd6767,69a1bcfd4e13598bb425aee7,69a1897608a0cd68430f0f9e,3098,4,trial,8
3411,21,9,,,,pizza,Graduated College,78320,1772207442064,1772207363744,female,true,english,66c62c2a76d4919685cd6767,69a1bcfd4e13598bb425aee7,69a1897608a0cd68430f0f9e,2258,5,trial,9
3411,21,3,2,1,,coffee,Graduated College,78320,1772207442064,1772207363744,female,false,english,66c62c2a76d4919685cd6767,69a1bcfd4e13598bb425aee7,69a1897608a0cd68430f0f9e,8574,4,attention,1
3411,21,2,,,,party,Graduated College,78320,1772207442064,1772207363744,female,true,english,66c62c2a76d4919685cd6767,69a1bcfd4e13598bb425aee7,69a1897608a0cd68430f0f9e,2423,1,trial,2
3411,21,2,,,,coffee,Graduated College,78320,1772207442064,1772207363744,female,true,english,66c62c2a76d4919685cd6767,69a1bcfd4e13598bb425aee7,69a1897608a0cd68430f0f9e,2635,2,trial,3
3411,21,9,,,,pizza,Graduated College,78320,1772207442064,1772207363744,female,true,english,66c62c2a76d4919685cd6767,69a1bcfd4e13598bb425aee7,69a1897608a0cd68430f0f9e,2661,5,trial,9
3411,21,6,5,4,,concert,Graduated College,78320,1772207442064,1772207363744,female,false,english,66c62c2a76d4919685cd6767,69a1bcfd4e13598bb425aee7,69a1897608a0cd68430f0f9e,3798,2,attention,6
3411,21,9,,,,coffee,Graduated College,78320,1772207442064,1772207363744,female,true,english,66c62c2a76d4919685cd6767,69a1bcfd4e13598bb425aee7,69a1897608a0cd68430f0f9e,2442,4,trial,8
3411,21,7,,,,movie,Graduated College,78320,1772207442064,1772207363744,female,true,english,66c62c2a76d4919685cd6767,69a1bcfd4e13598bb425aee7,69a1897608a0cd68430f0f9e,2251,3,trial,6
3411,21,2,,,,coffee,Graduated College,78320,1772207442064,1772207363744,female,true,english,66c62c2a76d4919685cd6767,69a1bcfd4e13598bb425aee7,69a1897608a0cd68430f0f9e,3534,1,trial,1
3411,21,4,,,,coffee,Graduated College,78320,1772207442064,1772207363744,female,true,english,66c62c2a76d4919685cd6767,69a1bcfd4e13598bb425aee7,69a1897608a0cd68430f0f9e,2678,2,trial,3
3422,26,7,,,N/A,pizza,Graduated College,319912,1772211214680,1772210894768,male,true,English,609a83645a6b336762951202,69a1ca7e05bc5cac065595b2,69a1897608a0cd68430f0f9e,21354,4,trial,9
3422,26,9,,,N/A,concert,Graduated College,319912,1772211214680,1772210894768,male,true,English,609a83645a6b336762951202,69a1ca7e05bc5cac065595b2,69a1897608a0cd68430f0f9e,12111,5,trial,9
3422,26,1,,,N/A,concert,Graduated College,319912,1772211214680,1772210894768,male,true,English,609a83645a6b336762951202,69a1ca7e05bc5cac065595b2,69a1897608a0cd68430f0f9e,14201,1,trial,1
3422,26,5,5,5,N/A,cookie,Graduated College,319912,1772211214680,1772210894768,male,true,English,609a83645a6b336762951202,69a1ca7e05bc5cac065595b2,69a1897608a0cd68430f0f9e,19392,5,attention,5
3422,26,6,,,N/A,concert,Graduated College,319912,1772211214680,1772210894768,male,true,English,609a83645a6b336762951202,69a1ca7e05bc5cac065595b2,69a1897608a0cd68430f0f9e,16354,3,trial,6
3422,26,3,,,N/A,party,Graduated College,319912,1772211214680,1772210894768,male,true,English,609a83645a6b336762951202,69a1ca7e05bc5cac065595b2,69a1897608a0cd68430f0f9e,52176,2,trial,3
3422,26,8,,,N/A,cookie,Graduated College,319912,1772211214680,1772210894768,male,true,English,609a83645a6b336762951202,69a1ca7e05bc5cac065595b2,69a1897608a0cd68430f0f9e,12481,4,trial,8
3422,26,3,3,3,N/A,restaurant meal,Graduated College,319912,1772211214680,1772210894768,male,true,English,609a83645a6b336762951202,69a1ca7e05bc5cac065595b2,69a1897608a0cd68430f0f9e,10623,4,attention,3
3422,26,2,,,N/A,party,Graduated College,319912,1772211214680,1772210894768,male,true,English,609a83645a6b336762951202,69a1ca7e05bc5cac065595b2,69a1897608a0cd68430f0f9e,12584,2,trial,3
3422,26,9,,,N/A,cookie,Graduated College,319912,1772211214680,1772210894768,male,true,English,609a83645a6b336762951202,69a1ca7e05bc5cac065595b2,69a1897608a0cd68430f0f9e,16177,5,trial,9
3422,26,1,,,N/A,concert,Graduated College,319912,1772211214680,1772210894768,male,true,English,609a83645a6b336762951202,69a1ca7e05bc5cac065595b2,69a1897608a0cd68430f0f9e,11264,1,trial,1
3422,26,4,,,N/A,movie,Graduated College,319912,1772211214680,1772210894768,male,true,English,609a83645a6b336762951202,69a1ca7e05bc5cac065595b2,69a1897608a0cd68430f0f9e,17746,3,trial,6
3424,37,4,,,"enjoyed it, thanks",movie,Higher degree,91466,1772215243485,1772215152019,male,true,English,5dbf5fe16849043f135aa2c0,69a1db30a3938248619b251b,69a1897608a0cd68430f0f9e,8667,3,trial,5
3424,37,8,,,"enjoyed it, thanks",party,Higher degree,91466,1772215243485,1772215152019,male,true,English,5dbf5fe16849043f135aa2c0,69a1db30a3938248619b251b,69a1897608a0cd68430f0f9e,6296,5,trial,1
3424,37,2,,,"enjoyed it, thanks",movie,Higher degree,91466,1772215243485,1772215152019,male,true,English,5dbf5fe16849043f135aa2c0,69a1db30a3938248619b251b,69a1897608a0cd68430f0f9e,4676,2,trial,6
3424,37,1,1,4,"enjoyed it, thanks",restaurant meal,Higher degree,91466,1772215243485,1772215152019,male,true,English,5dbf5fe16849043f135aa2c0,69a1db30a3938248619b251b,69a1897608a0cd68430f0f9e,6212,1,attention,4
3424,37,7,,,"enjoyed it, thanks",restaurant meal,Higher degree,91466,1772215243485,1772215152019,male,true,English,5dbf5fe16849043f135aa2c0,69a1db30a3938248619b251b,69a1897608a0cd68430f0f9e,5626,4,trial,2
3424,37,1,,,"enjoyed it, thanks",coffee,Higher degree,91466,1772215243485,1772215152019,male,true,English,5dbf5fe16849043f135aa2c0,69a1db30a3938248619b251b,69a1897608a0cd68430f0f9e,4461,1,trial,8
3424,37,6,,,"enjoyed it, thanks",movie,Higher degree,91466,1772215243485,1772215152019,male,true,English,5dbf5fe16849043f135aa2c0,69a1db30a3938248619b251b,69a1897608a0cd68430f0f9e,4290,3,trial,3
3424,37,2,2,3,"enjoyed it, thanks",party,Higher degree,91466,1772215243485,1772215152019,male,true,English,5dbf5fe16849043f135aa2c0,69a1db30a3938248619b251b,69a1897608a0cd68430f0f9e,3607,3,attention,3
3424,37,2,,,"enjoyed it, thanks",pizza,Higher degree,91466,1772215243485,1772215152019,male,true,English,5dbf5fe16849043f135aa2c0,69a1db30a3938248619b251b,69a1897608a0cd68430f0f9e,5377,2,trial,6
3424,37,7,,,"enjoyed it, thanks",restaurant meal,Higher degree,91466,1772215243485,1772215152019,male,true,English,5dbf5fe16849043f135aa2c0,69a1db30a3938248619b251b,69a1897608a0cd68430f0f9e,4893,4,trial,2
3424,37,9,,,"enjoyed it, thanks",restaurant meal,Higher degree,91466,1772215243485,1772215152019,male,true,English,5dbf5fe16849043f135aa2c0,69a1db30a3938248619b251b,69a1897608a0cd68430f0f9e,4826,5,trial,1
3424,37,5,,,"enjoyed it, thanks",pizza,Higher degree,91466,1772215243485,1772215152019,male,true,English,5dbf5fe16849043f135aa2c0,69a1db30a3938248619b251b,69a1897608a0cd68430f0f9e,4824,1,trial,3
3425,44,7,,,,concert,Graduated College,115472,1772215226810,1772215111338,male,true,English ,6119795491014fb3ace5ec54,69a1db3606974f62d9bb3f55,69a1897608a0cd68430f0f9e,7975,3,trial,6
3425,44,7,,,,movie,Graduated College,115472,1772215226810,1772215111338,male,true,English ,6119795491014fb3ace5ec54,69a1db3606974f62d9bb3f55,69a1897608a0cd68430f0f9e,5963,4,trial,8
3425,44,5,,,,cookie,Graduated College,115472,1772215226810,1772215111338,male,true,English ,6119795491014fb3ace5ec54,69a1db3606974f62d9bb3f55,69a1897608a0cd68430f0f9e,5945,2,trial,4
3425,44,5,4,2,,restaurant meal,Graduated College,115472,1772215226810,1772215111338,male,false,English ,6119795491014fb3ace5ec54,69a1db3606974f62d9bb3f55,69a1897608a0cd68430f0f9e,16274,3,attention,6
3425,44,9,,,,party,Graduated College,115472,1772215226810,1772215111338,male,true,English ,6119795491014fb3ace5ec54,69a1db3606974f62d9bb3f55,69a1897608a0cd68430f0f9e,3501,5,trial,9
3425,44,3,,,,cookie,Graduated College,115472,1772215226810,1772215111338,male,true,English ,6119795491014fb3ace5ec54,69a1db3606974f62d9bb3f55,69a1897608a0cd68430f0f9e,9969,1,trial,1
3425,44,9,,,,restaurant meal,Graduated College,115472,1772215226810,1772215111338,male,true,English ,6119795491014fb3ace5ec54,69a1db3606974f62d9bb3f55,69a1897608a0cd68430f0f9e,5390,5,trial,9
3425,44,6,3,4,,coffee,Graduated College,115472,1772215226810,1772215111338,male,false,English ,6119795491014fb3ace5ec54,69a1db3606974f62d9bb3f55,69a1897608a0cd68430f0f9e,7475,4,attention,8
3425,44,4,,,,movie,Graduated College,115472,1772215226810,1772215111338,male,true,English ,6119795491014fb3ace5ec54,69a1db3606974f62d9bb3f55,69a1897608a0cd68430f0f9e,5406,2,trial,3
3425,44,5,,,,pizza,Graduated College,115472,1772215226810,1772215111338,male,true,English ,6119795491014fb3ace5ec54,69a1db3606974f62d9bb3f55,69a1897608a0cd68430f0f9e,3551,3,trial,5
3425,44,6,,,,cookie,Graduated College,115472,1772215226810,1772215111338,male,true,English ,6119795491014fb3ace5ec54,69a1db3606974f62d9bb3f55,69a1897608a0cd68430f0f9e,4892,4,trial,8
3425,44,3,,,,concert,Graduated College,115472,1772215226810,1772215111338,male,true,English ,6119795491014fb3ace5ec54,69a1db3606974f62d9bb3f55,69a1897608a0cd68430f0f9e,5144,1,trial,2
