submission_id,adj,age,attentionCheckV,comments,context,education,emoji,experiment_duration,experiment_end_time,experiment_start_time,gender,inferredArousal,inferredValence,isPassedAttention,languages,prolific_pid,prolific_session_id,prolific_study_id,responseTime,trialType
3693,terrible,45,,,restaurant meal,Graduated College,null,127149,1774531893060,1774531765911,female,7,1,true,English,654be38e60b66f01da5a3a27,69c534af82ebc1cf18dfe84e,69c454f0a957309ec861affe,14140,trial
3693,amazing,45,,,restaurant meal,Graduated College,null,127149,1774531893060,1774531765911,female,9,9,true,English,654be38e60b66f01da5a3a27,69c534af82ebc1cf18dfe84e,69c454f0a957309ec861affe,7169,trial
3693,bad,45,,,pizza,Graduated College,null,127149,1774531893060,1774531765911,female,5,3,true,English,654be38e60b66f01da5a3a27,69c534af82ebc1cf18dfe84e,69c454f0a957309ec861affe,6788,trial
3693,terrible,45,3,,pizza,Graduated College,😔,127149,1774531893060,1774531765911,female,0,3,true,English,654be38e60b66f01da5a3a27,69c534af82ebc1cf18dfe84e,69c454f0a957309ec861affe,6652,attention
3693,good,45,,,restaurant meal,Graduated College,null,127149,1774531893060,1774531765911,female,3,7,true,English,654be38e60b66f01da5a3a27,69c534af82ebc1cf18dfe84e,69c454f0a957309ec861affe,11214,trial
3693,okay,45,,,party,Graduated College,null,127149,1774531893060,1774531765911,female,3,6,true,English,654be38e60b66f01da5a3a27,69c534af82ebc1cf18dfe84e,69c454f0a957309ec861affe,10836,trial
3693,good,45,,,coffee,Graduated College,☺️,127149,1774531893060,1774531765911,female,5,7,true,English,654be38e60b66f01da5a3a27,69c534af82ebc1cf18dfe84e,69c454f0a957309ec861affe,14819,trial
3693,good,45,1,,cookie,Graduated College,☺️,127149,1774531893060,1774531765911,female,0,1,true,English,654be38e60b66f01da5a3a27,69c534af82ebc1cf18dfe84e,69c454f0a957309ec861affe,3705,attention
3693,terrible,45,,,cookie,Graduated College,😠,127149,1774531893060,1774531765911,female,6,1,true,English,654be38e60b66f01da5a3a27,69c534af82ebc1cf18dfe84e,69c454f0a957309ec861affe,6450,trial
3693,bad,45,,,cookie,Graduated College,😩,127149,1774531893060,1774531765911,female,4,3,true,English,654be38e60b66f01da5a3a27,69c534af82ebc1cf18dfe84e,69c454f0a957309ec861affe,6303,trial
3693,okay,45,,,coffee,Graduated College,😐,127149,1774531893060,1774531765911,female,5,5,true,English,654be38e60b66f01da5a3a27,69c534af82ebc1cf18dfe84e,69c454f0a957309ec861affe,7237,trial
3693,amazing,45,,,restaurant meal,Graduated College,😀,127149,1774531893060,1774531765911,female,9,9,true,English,654be38e60b66f01da5a3a27,69c534af82ebc1cf18dfe84e,69c454f0a957309ec861affe,3815,trial
3694,amazing,41,,,party,Higher degree,😀,102485,1774531893878,1774531791393,male,9,9,true,English,5b4d64a9b8b20a00015a850e,69c534c8e4439d0b35986787,69c454f0a957309ec861affe,11176,trial
3694,good,41,,,party,Higher degree,null,102485,1774531893878,1774531791393,male,5,7,true,English,5b4d64a9b8b20a00015a850e,69c534c8e4439d0b35986787,69c454f0a957309ec861affe,9060,trial
3694,terrible,41,,,coffee,Higher degree,null,102485,1774531893878,1774531791393,male,7,1,true,English,5b4d64a9b8b20a00015a850e,69c534c8e4439d0b35986787,69c454f0a957309ec861affe,5626,trial
3694,okay,41,2,,cookie,Higher degree,😗,102485,1774531893878,1774531791393,male,0,2,true,English,5b4d64a9b8b20a00015a850e,69c534c8e4439d0b35986787,69c454f0a957309ec861affe,5008,attention
3694,bad,41,,,pizza,Higher degree,😔,102485,1774531893878,1774531791393,male,5,2,true,English,5b4d64a9b8b20a00015a850e,69c534c8e4439d0b35986787,69c454f0a957309ec861affe,5822,trial
3694,amazing,41,,,restaurant meal,Higher degree,null,102485,1774531893878,1774531791393,male,7,9,true,English,5b4d64a9b8b20a00015a850e,69c534c8e4439d0b35986787,69c454f0a957309ec861affe,6200,trial
3694,bad,41,,,party,Higher degree,null,102485,1774531893878,1774531791393,male,4,2,true,English,5b4d64a9b8b20a00015a850e,69c534c8e4439d0b35986787,69c454f0a957309ec861affe,4936,trial
3694,bad,41,4,,pizza,Higher degree,😔,102485,1774531893878,1774531791393,male,0,4,true,English,5b4d64a9b8b20a00015a850e,69c534c8e4439d0b35986787,69c454f0a957309ec861affe,4068,attention
3694,okay,41,,,cookie,Higher degree,null,102485,1774531893878,1774531791393,male,1,5,true,English,5b4d64a9b8b20a00015a850e,69c534c8e4439d0b35986787,69c454f0a957309ec861affe,7210,trial
3694,okay,41,,,cookie,Higher degree,😗,102485,1774531893878,1774531791393,male,8,5,true,English,5b4d64a9b8b20a00015a850e,69c534c8e4439d0b35986787,69c454f0a957309ec861affe,8188,trial
3694,good,41,,,movie,Higher degree,😊,102485,1774531893878,1774531791393,male,7,7,true,English,5b4d64a9b8b20a00015a850e,69c534c8e4439d0b35986787,69c454f0a957309ec861affe,6362,trial
3694,terrible,41,,,party,Higher degree,☹️,102485,1774531893878,1774531791393,male,8,1,true,English,5b4d64a9b8b20a00015a850e,69c534c8e4439d0b35986787,69c454f0a957309ec861affe,6024,trial
3705,bad,33,,,pizza,Higher degree,null,149592,1774531924193,1774531774601,male,8,3,true,English,69a82e484e9029ef1a4a99d4,69c534aac7def5ce05fcf414,69c454f0a957309ec861affe,21618,trial
3705,terrible,33,,,pizza,Higher degree,null,149592,1774531924193,1774531774601,male,3,1,true,English,69a82e484e9029ef1a4a99d4,69c534aac7def5ce05fcf414,69c454f0a957309ec861affe,10636,trial
3705,amazing,33,,,movie,Higher degree,😊,149592,1774531924193,1774531774601,male,8,8,true,English,69a82e484e9029ef1a4a99d4,69c534aac7def5ce05fcf414,69c454f0a957309ec861affe,12650,trial
3705,bad,33,3,,movie,Higher degree,☺️,149592,1774531924193,1774531774601,male,0,3,true,English,69a82e484e9029ef1a4a99d4,69c534aac7def5ce05fcf414,69c454f0a957309ec861affe,6770,attention
3705,okay,33,,,cookie,Higher degree,null,149592,1774531924193,1774531774601,male,8,9,true,English,69a82e484e9029ef1a4a99d4,69c534aac7def5ce05fcf414,69c454f0a957309ec861affe,8198,trial
3705,good,33,,,movie,Higher degree,😀,149592,1774531924193,1774531774601,male,5,3,true,English,69a82e484e9029ef1a4a99d4,69c534aac7def5ce05fcf414,69c454f0a957309ec861affe,7102,trial
3705,okay,33,,,party,Higher degree,😗,149592,1774531924193,1774531774601,male,8,7,true,English,69a82e484e9029ef1a4a99d4,69c534aac7def5ce05fcf414,69c454f0a957309ec861affe,6502,trial
3705,terrible,33,3,,pizza,Higher degree,😠,149592,1774531924193,1774531774601,male,0,3,true,English,69a82e484e9029ef1a4a99d4,69c534aac7def5ce05fcf414,69c454f0a957309ec861affe,7614,attention
3705,amazing,33,,,restaurant meal,Higher degree,null,149592,1774531924193,1774531774601,male,9,6,true,English,69a82e484e9029ef1a4a99d4,69c534aac7def5ce05fcf414,69c454f0a957309ec861affe,5014,trial
3705,bad,33,,,restaurant meal,Higher degree,😠,149592,1774531924193,1774531774601,male,4,3,true,English,69a82e484e9029ef1a4a99d4,69c534aac7def5ce05fcf414,69c454f0a957309ec861affe,6944,trial
3705,terrible,33,,,pizza,Higher degree,😩,149592,1774531924193,1774531774601,male,5,3,true,English,69a82e484e9029ef1a4a99d4,69c534aac7def5ce05fcf414,69c454f0a957309ec861affe,6290,trial
3705,good,33,,,cookie,Higher degree,null,149592,1774531924193,1774531774601,male,9,8,true,English,69a82e484e9029ef1a4a99d4,69c534aac7def5ce05fcf414,69c454f0a957309ec861affe,5926,trial
3695,bad,28,,,pizza,Graduated College,😔,112371,1774531897884,1774531785513,female,4,1,true,english,6978ce449b790cb61d7c52c2,69c534baf81423a7a70b7c06,69c454f0a957309ec861affe,9607,trial
3695,amazing,28,,,restaurant meal,Graduated College,null,112371,1774531897884,1774531785513,female,8,8,true,english,6978ce449b790cb61d7c52c2,69c534baf81423a7a70b7c06,69c454f0a957309ec861affe,5826,trial
3695,okay,28,,,movie,Graduated College,😐,112371,1774531897884,1774531785513,female,4,5,true,english,6978ce449b790cb61d7c52c2,69c534baf81423a7a70b7c06,69c454f0a957309ec861affe,5422,trial
3695,good,28,5,,restaurant meal,Graduated College,🙁,112371,1774531897884,1774531785513,female,0,5,true,english,6978ce449b790cb61d7c52c2,69c534baf81423a7a70b7c06,69c454f0a957309ec861affe,8217,attention
3695,terrible,28,,,coffee,Graduated College,🙁,112371,1774531897884,1774531785513,female,4,2,true,english,6978ce449b790cb61d7c52c2,69c534baf81423a7a70b7c06,69c454f0a957309ec861affe,5689,trial
3695,amazing,28,,,concert,Graduated College,😆,112371,1774531897884,1774531785513,female,9,9,true,english,6978ce449b790cb61d7c52c2,69c534baf81423a7a70b7c06,69c454f0a957309ec861affe,7243,trial
3695,bad,28,,,concert,Graduated College,null,112371,1774531897884,1774531785513,female,2,2,true,english,6978ce449b790cb61d7c52c2,69c534baf81423a7a70b7c06,69c454f0a957309ec861affe,6496,trial
3695,terrible,28,2,,concert,Graduated College,😠,112371,1774531897884,1774531785513,female,0,2,true,english,6978ce449b790cb61d7c52c2,69c534baf81423a7a70b7c06,69c454f0a957309ec861affe,5981,attention
3695,good,28,,,cookie,Graduated College,😆,112371,1774531897884,1774531785513,female,9,8,true,english,6978ce449b790cb61d7c52c2,69c534baf81423a7a70b7c06,69c454f0a957309ec861affe,7618,trial
3695,okay,28,,,party,Graduated College,null,112371,1774531897884,1774531785513,female,6,5,true,english,6978ce449b790cb61d7c52c2,69c534baf81423a7a70b7c06,69c454f0a957309ec861affe,10738,trial
3695,good,28,,,concert,Graduated College,null,112371,1774531897884,1774531785513,female,8,8,true,english,6978ce449b790cb61d7c52c2,69c534baf81423a7a70b7c06,69c454f0a957309ec861affe,5118,trial
3695,terrible,28,,,coffee,Graduated College,null,112371,1774531897884,1774531785513,female,3,3,true,english,6978ce449b790cb61d7c52c2,69c534baf81423a7a70b7c06,69c454f0a957309ec861affe,5670,trial
3696,amazing,23,,,movie,Graduated College,null,128345,1774531897720,1774531769375,male,8,9,true,,6994d82fcd3bb578605980f7,69c534b437aaf720f08995a9,69c454f0a957309ec861affe,5560,trial
3696,terrible,23,,,concert,Graduated College,☹️,128345,1774531897720,1774531769375,male,5,1,true,,6994d82fcd3bb578605980f7,69c534b437aaf720f08995a9,69c454f0a957309ec861affe,6287,trial
3696,bad,23,,,coffee,Graduated College,null,128345,1774531897720,1774531769375,male,3,4,true,,6994d82fcd3bb578605980f7,69c534b437aaf720f08995a9,69c454f0a957309ec861affe,5259,trial
3696,bad,23,1,,concert,Graduated College,😊,128345,1774531897720,1774531769375,male,0,1,true,,6994d82fcd3bb578605980f7,69c534b437aaf720f08995a9,69c454f0a957309ec861affe,4405,attention
3696,amazing,23,,,movie,Graduated College,☺️,128345,1774531897720,1774531769375,male,6,8,true,,6994d82fcd3bb578605980f7,69c534b437aaf720f08995a9,69c454f0a957309ec861affe,11738,trial
3696,terrible,23,,,restaurant meal,Graduated College,null,128345,1774531897720,1774531769375,male,4,2,true,,6994d82fcd3bb578605980f7,69c534b437aaf720f08995a9,69c454f0a957309ec861affe,19287,trial
3696,bad,23,,,concert,Graduated College,😔,128345,1774531897720,1774531769375,male,4,4,true,,6994d82fcd3bb578605980f7,69c534b437aaf720f08995a9,69c454f0a957309ec861affe,10770,trial
3696,bad,23,5,,movie,Graduated College,🙂,128345,1774531897720,1774531769375,male,0,5,true,,6994d82fcd3bb578605980f7,69c534b437aaf720f08995a9,69c454f0a957309ec861affe,3284,attention
3696,good,23,,,cookie,Graduated College,🙂,128345,1774531897720,1774531769375,male,2,6,true,,6994d82fcd3bb578605980f7,69c534b437aaf720f08995a9,69c454f0a957309ec861affe,15652,trial
3696,okay,23,,,movie,Graduated College,😐,128345,1774531897720,1774531769375,male,1,5,true,,6994d82fcd3bb578605980f7,69c534b437aaf720f08995a9,69c454f0a957309ec861affe,5670,trial
3696,good,23,,,movie,Graduated College,null,128345,1774531897720,1774531769375,male,2,7,true,,6994d82fcd3bb578605980f7,69c534b437aaf720f08995a9,69c454f0a957309ec861affe,4951,trial
3696,okay,23,,,cookie,Graduated College,null,128345,1774531897720,1774531769375,male,2,5,true,,6994d82fcd3bb578605980f7,69c534b437aaf720f08995a9,69c454f0a957309ec861affe,3219,trial
3697,terrible,39,,,restaurant meal,Graduated College,null,98770,1774531905469,1774531806699,male,9,1,true,English,699d4c21f1992ed38fd1c0f9,69c534cd583bee92e8764e02,69c454f0a957309ec861affe,10700,trial
3697,amazing,39,,,cookie,Graduated College,null,98770,1774531905469,1774531806699,male,9,9,true,English,699d4c21f1992ed38fd1c0f9,69c534cd583bee92e8764e02,69c454f0a957309ec861affe,6300,trial
3697,bad,39,,,movie,Graduated College,null,98770,1774531905469,1774531806699,male,7,3,true,English,699d4c21f1992ed38fd1c0f9,69c534cd583bee92e8764e02,69c454f0a957309ec861affe,5616,trial
3697,okay,39,1,,concert,Graduated College,😆,98770,1774531905469,1774531806699,male,0,1,true,English,699d4c21f1992ed38fd1c0f9,69c534cd583bee92e8764e02,69c454f0a957309ec861affe,5799,attention
3697,bad,39,,,cookie,Graduated College,😠,98770,1774531905469,1774531806699,male,8,2,true,English,699d4c21f1992ed38fd1c0f9,69c534cd583bee92e8764e02,69c454f0a957309ec861affe,8050,trial
3697,terrible,39,,,cookie,Graduated College,🙁,98770,1774531905469,1774531806699,male,9,1,true,English,699d4c21f1992ed38fd1c0f9,69c534cd583bee92e8764e02,69c454f0a957309ec861affe,4783,trial
3697,okay,39,,,concert,Graduated College,😗,98770,1774531905469,1774531806699,male,6,5,true,English,699d4c21f1992ed38fd1c0f9,69c534cd583bee92e8764e02,69c454f0a957309ec861affe,5468,trial
3697,bad,39,2,,pizza,Graduated College,☺️,98770,1774531905469,1774531806699,male,0,2,true,English,699d4c21f1992ed38fd1c0f9,69c534cd583bee92e8764e02,69c454f0a957309ec861affe,3465,attention
3697,amazing,39,,,concert,Graduated College,😆,98770,1774531905469,1774531806699,male,9,9,true,English,699d4c21f1992ed38fd1c0f9,69c534cd583bee92e8764e02,69c454f0a957309ec861affe,5599,trial
3697,okay,39,,,cookie,Graduated College,null,98770,1774531905469,1774531806699,male,5,5,true,English,699d4c21f1992ed38fd1c0f9,69c534cd583bee92e8764e02,69c454f0a957309ec861affe,3001,trial
3697,good,39,,,movie,Graduated College,🙂,98770,1774531905469,1774531806699,male,7,7,true,English,699d4c21f1992ed38fd1c0f9,69c534cd583bee92e8764e02,69c454f0a957309ec861affe,4617,trial
3697,good,39,,,coffee,Graduated College,null,98770,1774531905469,1774531806699,male,7,7,true,English,699d4c21f1992ed38fd1c0f9,69c534cd583bee92e8764e02,69c454f0a957309ec861affe,2766,trial
3698,good,34,,,party,Graduated College,null,138120,1774531911678,1774531773558,female,6,6,true,"english, welsh",6658b161506a8a9c5f1e4b58,69c534b65050b3931fc4f9b1,69c454f0a957309ec861affe,17176,trial
3698,amazing,34,,,concert,Graduated College,null,138120,1774531911678,1774531773558,female,8,8,true,"english, welsh",6658b161506a8a9c5f1e4b58,69c534b65050b3931fc4f9b1,69c454f0a957309ec861affe,6767,trial
3698,okay,34,,,concert,Graduated College,null,138120,1774531911678,1774531773558,female,4,4,true,"english, welsh",6658b161506a8a9c5f1e4b58,69c534b65050b3931fc4f9b1,69c454f0a957309ec861affe,5024,trial
3698,good,34,2,,concert,Graduated College,🙂,138120,1774531911678,1774531773558,female,0,2,true,"english, welsh",6658b161506a8a9c5f1e4b58,69c534b65050b3931fc4f9b1,69c454f0a957309ec861affe,4840,attention
3698,terrible,34,,,pizza,Graduated College,null,138120,1774531911678,1774531773558,female,1,1,true,"english, welsh",6658b161506a8a9c5f1e4b58,69c534b65050b3931fc4f9b1,69c454f0a957309ec861affe,15656,trial
3698,amazing,34,,,cookie,Graduated College,☺️,138120,1774531911678,1774531773558,female,9,9,true,"english, welsh",6658b161506a8a9c5f1e4b58,69c534b65050b3931fc4f9b1,69c454f0a957309ec861affe,33496,trial
3698,okay,34,,,movie,Graduated College,😗,138120,1774531911678,1774531773558,female,5,5,true,"english, welsh",6658b161506a8a9c5f1e4b58,69c534b65050b3931fc4f9b1,69c454f0a957309ec861affe,4504,trial
3698,good,34,4,,restaurant meal,Graduated College,😩,138120,1774531911678,1774531773558,female,0,4,true,"english, welsh",6658b161506a8a9c5f1e4b58,69c534b65050b3931fc4f9b1,69c454f0a957309ec861affe,2576,attention
3698,terrible,34,,,restaurant meal,Graduated College,😠,138120,1774531911678,1774531773558,female,1,1,true,"english, welsh",6658b161506a8a9c5f1e4b58,69c534b65050b3931fc4f9b1,69c454f0a957309ec861affe,6987,trial
3698,bad,34,,,coffee,Graduated College,null,138120,1774531911678,1774531773558,female,1,1,true,"english, welsh",6658b161506a8a9c5f1e4b58,69c534b65050b3931fc4f9b1,69c454f0a957309ec861affe,3605,trial
3698,good,34,,,party,Graduated College,😆,138120,1774531911678,1774531773558,female,7,7,true,"english, welsh",6658b161506a8a9c5f1e4b58,69c534b65050b3931fc4f9b1,69c454f0a957309ec861affe,4888,trial
3698,bad,34,,,cookie,Graduated College,😩,138120,1774531911678,1774531773558,female,3,3,true,"english, welsh",6658b161506a8a9c5f1e4b58,69c534b65050b3931fc4f9b1,69c454f0a957309ec861affe,6063,trial
3699,amazing,68,,enjoyed,restaurant meal,Higher degree,☺️,136970,1774531914585,1774531777615,male,8,8,true,enhlish,5f9ec66a5a97fa0748bc61a3,69c534b5c7cfabd19fb328aa,69c454f0a957309ec861affe,15488,trial
3699,terrible,68,,enjoyed,party,Higher degree,null,136970,1774531914585,1774531777615,male,6,2,true,enhlish,5f9ec66a5a97fa0748bc61a3,69c534b5c7cfabd19fb328aa,69c454f0a957309ec861affe,14688,trial
3699,amazing,68,,enjoyed,coffee,Higher degree,null,136970,1774531914585,1774531777615,male,7,8,true,enhlish,5f9ec66a5a97fa0748bc61a3,69c534b5c7cfabd19fb328aa,69c454f0a957309ec861affe,10392,trial
3699,terrible,68,5,enjoyed,cookie,Higher degree,😊,136970,1774531914585,1774531777615,male,0,5,true,enhlish,5f9ec66a5a97fa0748bc61a3,69c534b5c7cfabd19fb328aa,69c454f0a957309ec861affe,9064,attention
3699,good,68,,enjoyed,concert,Higher degree,null,136970,1774531914585,1774531777615,male,7,6,true,enhlish,5f9ec66a5a97fa0748bc61a3,69c534b5c7cfabd19fb328aa,69c454f0a957309ec861affe,9424,trial
3699,terrible,68,,enjoyed,party,Higher degree,☹️,136970,1774531914585,1774531777615,male,1,2,true,enhlish,5f9ec66a5a97fa0748bc61a3,69c534b5c7cfabd19fb328aa,69c454f0a957309ec861affe,8344,trial
3699,okay,68,,enjoyed,movie,Higher degree,null,136970,1774531914585,1774531777615,male,6,5,true,enhlish,5f9ec66a5a97fa0748bc61a3,69c534b5c7cfabd19fb328aa,69c454f0a957309ec861affe,6952,trial
3699,okay,68,2,enjoyed,movie,Higher degree,😐,136970,1774531914585,1774531777615,male,0,2,true,enhlish,5f9ec66a5a97fa0748bc61a3,69c534b5c7cfabd19fb328aa,69c454f0a957309ec861affe,4920,attention
3699,good,68,,enjoyed,cookie,Higher degree,☺️,136970,1774531914585,1774531777615,male,8,7,true,enhlish,5f9ec66a5a97fa0748bc61a3,69c534b5c7cfabd19fb328aa,69c454f0a957309ec861affe,5736,trial
3699,bad,68,,enjoyed,cookie,Higher degree,☹️,136970,1774531914585,1774531777615,male,2,2,true,enhlish,5f9ec66a5a97fa0748bc61a3,69c534b5c7cfabd19fb328aa,69c454f0a957309ec861affe,5704,trial
3699,okay,68,,enjoyed,coffee,Higher degree,😗,136970,1774531914585,1774531777615,male,7,6,true,enhlish,5f9ec66a5a97fa0748bc61a3,69c534b5c7cfabd19fb328aa,69c454f0a957309ec861affe,8425,trial
3699,bad,68,,enjoyed,pizza,Higher degree,null,136970,1774531914585,1774531777615,male,3,2,true,enhlish,5f9ec66a5a97fa0748bc61a3,69c534b5c7cfabd19fb328aa,69c454f0a957309ec861affe,7032,trial
3724,good,53,,,concert,Graduated College,😀,273162,1774532078096,1774531804934,female,7,7,true,,605af714e8c740c2141316f4,69c534ccf30b2f96ec28cfd2,69c454f0a957309ec861affe,26685,trial
3724,good,53,,,cookie,Graduated College,null,273162,1774532078096,1774531804934,female,6,6,true,,605af714e8c740c2141316f4,69c534ccf30b2f96ec28cfd2,69c454f0a957309ec861affe,18313,trial
3724,bad,53,,,movie,Graduated College,🙁,273162,1774532078096,1774531804934,female,3,3,true,,605af714e8c740c2141316f4,69c534ccf30b2f96ec28cfd2,69c454f0a957309ec861affe,29788,trial
3724,terrible,53,3,,party,Graduated College,😀,273162,1774532078096,1774531804934,female,0,3,true,,605af714e8c740c2141316f4,69c534ccf30b2f96ec28cfd2,69c454f0a957309ec861affe,14181,attention
3724,okay,53,,,movie,Graduated College,😗,273162,1774532078096,1774531804934,female,4,5,true,,605af714e8c740c2141316f4,69c534ccf30b2f96ec28cfd2,69c454f0a957309ec861affe,21763,trial
3724,amazing,53,,,movie,Graduated College,😊,273162,1774532078096,1774531804934,female,8,8,true,,605af714e8c740c2141316f4,69c534ccf30b2f96ec28cfd2,69c454f0a957309ec861affe,14481,trial
3724,okay,53,,,cookie,Graduated College,null,273162,1774532078096,1774531804934,female,5,5,true,,605af714e8c740c2141316f4,69c534ccf30b2f96ec28cfd2,69c454f0a957309ec861affe,28781,trial
3724,amazing,53,4,,cookie,Graduated College,😀,273162,1774532078096,1774531804934,female,0,4,true,,605af714e8c740c2141316f4,69c534ccf30b2f96ec28cfd2,69c454f0a957309ec861affe,6755,attention
3724,amazing,53,,,cookie,Graduated College,null,273162,1774532078096,1774531804934,female,9,9,true,,605af714e8c740c2141316f4,69c534ccf30b2f96ec28cfd2,69c454f0a957309ec861affe,8744,trial
3724,terrible,53,,,cookie,Graduated College,☹️,273162,1774532078096,1774531804934,female,1,1,true,,605af714e8c740c2141316f4,69c534ccf30b2f96ec28cfd2,69c454f0a957309ec861affe,13066,trial
3724,bad,53,,,restaurant meal,Graduated College,null,273162,1774532078096,1774531804934,female,1,1,true,,605af714e8c740c2141316f4,69c534ccf30b2f96ec28cfd2,69c454f0a957309ec861affe,12395,trial
3724,terrible,53,,,party,Graduated College,null,273162,1774532078096,1774531804934,female,1,1,true,,605af714e8c740c2141316f4,69c534ccf30b2f96ec28cfd2,69c454f0a957309ec861affe,11797,trial
3700,okay,52,,,restaurant meal,Graduated College,😐,139846,1774531921553,1774531781707,male,2,5,true,English,69651f0e74249480b7a2e0eb,69c534b5c725956553ed3e76,69c454f0a957309ec861affe,20278,trial
3700,bad,52,,,movie,Graduated College,null,139846,1774531921553,1774531781707,male,3,3,true,English,69651f0e74249480b7a2e0eb,69c534b5c725956553ed3e76,69c454f0a957309ec861affe,7755,trial
3700,terrible,52,,,coffee,Graduated College,null,139846,1774531921553,1774531781707,male,4,2,true,English,69651f0e74249480b7a2e0eb,69c534b5c725956553ed3e76,69c454f0a957309ec861affe,7413,trial
3700,good,52,4,,concert,Graduated College,😀,139846,1774531921553,1774531781707,male,0,4,true,English,69651f0e74249480b7a2e0eb,69c534b5c725956553ed3e76,69c454f0a957309ec861affe,8380,attention
3700,terrible,52,,,concert,Graduated College,😠,139846,1774531921553,1774531781707,male,5,1,true,English,69651f0e74249480b7a2e0eb,69c534b5c725956553ed3e76,69c454f0a957309ec861affe,11198,trial
3700,amazing,52,,,pizza,Graduated College,null,139846,1774531921553,1774531781707,male,4,6,true,English,69651f0e74249480b7a2e0eb,69c534b5c725956553ed3e76,69c454f0a957309ec861affe,7885,trial
3700,bad,52,,,concert,Graduated College,🙁,139846,1774531921553,1774531781707,male,3,3,true,English,69651f0e74249480b7a2e0eb,69c534b5c725956553ed3e76,69c454f0a957309ec861affe,7484,trial
3700,bad,52,1,,pizza,Graduated College,😗,139846,1774531921553,1774531781707,male,0,1,true,English,69651f0e74249480b7a2e0eb,69c534b5c725956553ed3e76,69c454f0a957309ec861affe,5487,attention
3700,amazing,52,,,concert,Graduated College,😆,139846,1774531921553,1774531781707,male,5,7,true,English,69651f0e74249480b7a2e0eb,69c534b5c725956553ed3e76,69c454f0a957309ec861affe,7401,trial
3700,good,52,,,party,Graduated College,😆,139846,1774531921553,1774531781707,male,4,6,true,English,69651f0e74249480b7a2e0eb,69c534b5c725956553ed3e76,69c454f0a957309ec861affe,6722,trial
3700,okay,52,,,cookie,Graduated College,null,139846,1774531921553,1774531781707,male,3,4,true,English,69651f0e74249480b7a2e0eb,69c534b5c725956553ed3e76,69c454f0a957309ec861affe,7689,trial
3700,good,52,,,pizza,Graduated College,null,139846,1774531921553,1774531781707,male,5,5,true,English,69651f0e74249480b7a2e0eb,69c534b5c725956553ed3e76,69c454f0a957309ec861affe,5997,trial
3701,amazing,45,,,party,Graduated High-school,null,137652,1774531921519,1774531783867,female,7,8,true,English,5c40134b1580e900012320ab,69c534b8c1cc32ac33762e47,69c454f0a957309ec861affe,11859,trial
3701,amazing,45,,,coffee,Graduated High-school,☺️,137652,1774531921519,1774531783867,female,8,8,true,English,5c40134b1580e900012320ab,69c534b8c1cc32ac33762e47,69c454f0a957309ec861affe,6908,trial
3701,bad,45,,,movie,Graduated High-school,null,137652,1774531921519,1774531783867,female,2,2,true,English,5c40134b1580e900012320ab,69c534b8c1cc32ac33762e47,69c454f0a957309ec861affe,9017,trial
3701,amazing,45,5,,restaurant meal,Graduated High-school,😊,137652,1774531921519,1774531783867,female,0,5,true,English,5c40134b1580e900012320ab,69c534b8c1cc32ac33762e47,69c454f0a957309ec861affe,6678,attention
3701,okay,45,,,cookie,Graduated High-school,😐,137652,1774531921519,1774531783867,female,2,5,true,English,5c40134b1580e900012320ab,69c534b8c1cc32ac33762e47,69c454f0a957309ec861affe,8798,trial
3701,terrible,45,,,coffee,Graduated High-school,null,137652,1774531921519,1774531783867,female,4,1,true,English,5c40134b1580e900012320ab,69c534b8c1cc32ac33762e47,69c454f0a957309ec861affe,9598,trial
3701,good,45,,,cookie,Graduated High-school,☺️,137652,1774531921519,1774531783867,female,3,7,true,English,5c40134b1580e900012320ab,69c534b8c1cc32ac33762e47,69c454f0a957309ec861affe,6778,trial
3701,bad,45,1,,cookie,Graduated High-school,😊,137652,1774531921519,1774531783867,female,0,1,true,English,5c40134b1580e900012320ab,69c534b8c1cc32ac33762e47,69c454f0a957309ec861affe,4389,attention
3701,bad,45,,,restaurant meal,Graduated High-school,☹️,137652,1774531921519,1774531783867,female,2,2,true,English,5c40134b1580e900012320ab,69c534b8c1cc32ac33762e47,69c454f0a957309ec861affe,8777,trial
3701,good,45,,,coffee,Graduated High-school,null,137652,1774531921519,1774531783867,female,1,6,true,English,5c40134b1580e900012320ab,69c534b8c1cc32ac33762e47,69c454f0a957309ec861affe,6279,trial
3701,terrible,45,,,coffee,Graduated High-school,😠,137652,1774531921519,1774531783867,female,7,1,true,English,5c40134b1580e900012320ab,69c534b8c1cc32ac33762e47,69c454f0a957309ec861affe,7048,trial
3701,okay,45,,,party,Graduated High-school,null,137652,1774531921519,1774531783867,female,1,5,true,English,5c40134b1580e900012320ab,69c534b8c1cc32ac33762e47,69c454f0a957309ec861affe,8229,trial
3702,terrible,59,,,restaurant meal,Higher degree,null,162408,1774531925045,1774531762637,female,6,2,true,english,5c6e60b04e08ad00018cc995,69c534ac54647f73c20277eb,69c454f0a957309ec861affe,19557,trial
3702,bad,59,,,movie,Higher degree,😩,162408,1774531925045,1774531762637,female,6,2,true,english,5c6e60b04e08ad00018cc995,69c534ac54647f73c20277eb,69c454f0a957309ec861affe,8468,trial
3702,amazing,59,,,cookie,Higher degree,null,162408,1774531925045,1774531762637,female,8,7,true,english,5c6e60b04e08ad00018cc995,69c534ac54647f73c20277eb,69c454f0a957309ec861affe,8814,trial
3702,okay,59,2,,party,Higher degree,😠,162408,1774531925045,1774531762637,female,0,2,true,english,5c6e60b04e08ad00018cc995,69c534ac54647f73c20277eb,69c454f0a957309ec861affe,4733,attention
3702,okay,59,,,movie,Higher degree,null,162408,1774531925045,1774531762637,female,3,5,true,english,5c6e60b04e08ad00018cc995,69c534ac54647f73c20277eb,69c454f0a957309ec861affe,8361,trial
3702,terrible,59,,,pizza,Higher degree,☹️,162408,1774531925045,1774531762637,female,6,1,true,english,5c6e60b04e08ad00018cc995,69c534ac54647f73c20277eb,69c454f0a957309ec861affe,7141,trial
3702,good,59,,,cookie,Higher degree,🙂,162408,1774531925045,1774531762637,female,4,7,true,english,5c6e60b04e08ad00018cc995,69c534ac54647f73c20277eb,69c454f0a957309ec861affe,6716,trial
3702,good,59,5,,pizza,Higher degree,😠,162408,1774531925045,1774531762637,female,0,5,true,english,5c6e60b04e08ad00018cc995,69c534ac54647f73c20277eb,69c454f0a957309ec861affe,6957,attention
3702,okay,59,,,party,Higher degree,😐,162408,1774531925045,1774531762637,female,5,5,true,english,5c6e60b04e08ad00018cc995,69c534ac54647f73c20277eb,69c454f0a957309ec861affe,7343,trial
3702,bad,59,,,cookie,Higher degree,null,162408,1774531925045,1774531762637,female,5,3,true,english,5c6e60b04e08ad00018cc995,69c534ac54647f73c20277eb,69c454f0a957309ec861affe,5886,trial
3702,good,59,,,restaurant meal,Higher degree,null,162408,1774531925045,1774531762637,female,4,6,true,english,5c6e60b04e08ad00018cc995,69c534ac54647f73c20277eb,69c454f0a957309ec861affe,5573,trial
3702,amazing,59,,,movie,Higher degree,☺️,162408,1774531925045,1774531762637,female,7,7,true,english,5c6e60b04e08ad00018cc995,69c534ac54647f73c20277eb,69c454f0a957309ec861affe,4805,trial
3691,amazing,23,,,restaurant meal,Higher degree,😆,83421,1774531857926,1774531774505,female,7,9,true,english,609510855d0c8e5bd0bdaf98,69c534b9481acd1da1daa79c,69c454f0a957309ec861affe,6734,trial
3691,good,23,,,coffee,Higher degree,null,83421,1774531857926,1774531774505,female,2,5,true,english,609510855d0c8e5bd0bdaf98,69c534b9481acd1da1daa79c,69c454f0a957309ec861affe,6600,trial
3691,terrible,23,,,movie,Higher degree,null,83421,1774531857926,1774531774505,female,3,3,true,english,609510855d0c8e5bd0bdaf98,69c534b9481acd1da1daa79c,69c454f0a957309ec861affe,4133,trial
3691,amazing,23,3,,concert,Higher degree,😔,83421,1774531857926,1774531774505,female,0,3,true,english,609510855d0c8e5bd0bdaf98,69c534b9481acd1da1daa79c,69c454f0a957309ec861affe,5516,attention
3691,good,23,,,concert,Higher degree,😆,83421,1774531857926,1774531774505,female,8,9,true,english,609510855d0c8e5bd0bdaf98,69c534b9481acd1da1daa79c,69c454f0a957309ec861affe,3599,trial
3691,terrible,23,,,coffee,Higher degree,😠,83421,1774531857926,1774531774505,female,7,1,true,english,609510855d0c8e5bd0bdaf98,69c534b9481acd1da1daa79c,69c454f0a957309ec861affe,3800,trial
3691,okay,23,,,party,Higher degree,null,83421,1774531857926,1774531774505,female,2,4,true,english,609510855d0c8e5bd0bdaf98,69c534b9481acd1da1daa79c,69c454f0a957309ec861affe,4233,trial
3691,amazing,23,5,,restaurant meal,Higher degree,😆,83421,1774531857926,1774531774505,female,0,5,true,english,609510855d0c8e5bd0bdaf98,69c534b9481acd1da1daa79c,69c454f0a957309ec861affe,3116,attention
3691,bad,23,,,coffee,Higher degree,null,83421,1774531857926,1774531774505,female,2,5,true,english,609510855d0c8e5bd0bdaf98,69c534b9481acd1da1daa79c,69c454f0a957309ec861affe,4817,trial
3691,amazing,23,,,concert,Higher degree,null,83421,1774531857926,1774531774505,female,3,6,true,english,609510855d0c8e5bd0bdaf98,69c534b9481acd1da1daa79c,69c454f0a957309ec861affe,6199,trial
3691,bad,23,,,party,Higher degree,☹️,83421,1774531857926,1774531774505,female,4,3,true,english,609510855d0c8e5bd0bdaf98,69c534b9481acd1da1daa79c,69c454f0a957309ec861affe,5500,trial
3691,okay,23,,,party,Higher degree,😗,83421,1774531857926,1774531774505,female,7,5,true,english,609510855d0c8e5bd0bdaf98,69c534b9481acd1da1daa79c,69c454f0a957309ec861affe,3416,trial
3692,terrible,54,,,movie,Graduated College,null,112582,1774531880773,1774531768191,male,7,2,true,,5fcca7bf6a7182b003b32a36,69c534b1d5cf0460baf9737a,69c454f0a957309ec861affe,15136,trial
3692,bad,54,,,movie,Graduated College,😩,112582,1774531880773,1774531768191,male,6,3,true,,5fcca7bf6a7182b003b32a36,69c534b1d5cf0460baf9737a,69c454f0a957309ec861affe,7605,trial
3692,amazing,54,,,cookie,Graduated College,😆,112582,1774531880773,1774531768191,male,9,8,true,,5fcca7bf6a7182b003b32a36,69c534b1d5cf0460baf9737a,69c454f0a957309ec861affe,5400,trial
3692,terrible,54,4,,movie,Graduated College,☺️,112582,1774531880773,1774531768191,male,0,4,true,,5fcca7bf6a7182b003b32a36,69c534b1d5cf0460baf9737a,69c454f0a957309ec861affe,9627,attention
3692,bad,54,,,pizza,Graduated College,null,112582,1774531880773,1774531768191,male,7,3,true,,5fcca7bf6a7182b003b32a36,69c534b1d5cf0460baf9737a,69c454f0a957309ec861affe,8703,trial
3692,good,54,,,coffee,Graduated College,😆,112582,1774531880773,1774531768191,male,7,7,true,,5fcca7bf6a7182b003b32a36,69c534b1d5cf0460baf9737a,69c454f0a957309ec861affe,7064,trial
3692,okay,54,,,coffee,Graduated College,null,112582,1774531880773,1774531768191,male,4,5,true,,5fcca7bf6a7182b003b32a36,69c534b1d5cf0460baf9737a,69c454f0a957309ec861affe,7578,trial
3692,terrible,54,3,,party,Graduated College,😆,112582,1774531880773,1774531768191,male,0,3,true,,5fcca7bf6a7182b003b32a36,69c534b1d5cf0460baf9737a,69c454f0a957309ec861affe,3687,attention
3692,good,54,,,pizza,Graduated College,null,112582,1774531880773,1774531768191,male,7,7,true,,5fcca7bf6a7182b003b32a36,69c534b1d5cf0460baf9737a,69c454f0a957309ec861affe,6143,trial
3692,amazing,54,,,concert,Graduated College,null,112582,1774531880773,1774531768191,male,8,9,true,,5fcca7bf6a7182b003b32a36,69c534b1d5cf0460baf9737a,69c454f0a957309ec861affe,6171,trial
3692,terrible,54,,,concert,Graduated College,😩,112582,1774531880773,1774531768191,male,8,2,true,,5fcca7bf6a7182b003b32a36,69c534b1d5cf0460baf9737a,69c454f0a957309ec861affe,8370,trial
3692,okay,54,,,restaurant meal,Graduated College,😗,112582,1774531880773,1774531768191,male,4,5,true,,5fcca7bf6a7182b003b32a36,69c534b1d5cf0460baf9737a,69c454f0a957309ec861affe,3995,trial
3703,amazing,35,,None,pizza,Graduated College,null,78599,1774531927750,1774531849151,male,7,9,true,English,63d7c110ae88487271c4bfd1,69c53501d9270af8c49744cd,69c454f0a957309ec861affe,7455,trial
3703,good,35,,None,cookie,Graduated College,null,78599,1774531927750,1774531849151,male,6,6,true,English,63d7c110ae88487271c4bfd1,69c53501d9270af8c49744cd,69c454f0a957309ec861affe,3830,trial
3703,bad,35,,None,cookie,Graduated College,null,78599,1774531927750,1774531849151,male,3,3,true,English,63d7c110ae88487271c4bfd1,69c53501d9270af8c49744cd,69c454f0a957309ec861affe,5935,trial
3703,terrible,35,5,None,pizza,Graduated College,😀,78599,1774531927750,1774531849151,male,0,5,true,English,63d7c110ae88487271c4bfd1,69c53501d9270af8c49744cd,69c454f0a957309ec861affe,4543,attention
3703,terrible,35,,None,restaurant meal,Graduated College,☹️,78599,1774531927750,1774531849151,male,4,2,true,English,63d7c110ae88487271c4bfd1,69c53501d9270af8c49744cd,69c454f0a957309ec861affe,6528,trial
3703,bad,35,,None,restaurant meal,Graduated College,😔,78599,1774531927750,1774531849151,male,2,2,true,English,63d7c110ae88487271c4bfd1,69c53501d9270af8c49744cd,69c454f0a957309ec861affe,3307,trial
3703,good,35,,None,restaurant meal,Graduated College,☺️,78599,1774531927750,1774531849151,male,6,6,true,English,63d7c110ae88487271c4bfd1,69c53501d9270af8c49744cd,69c454f0a957309ec861affe,3080,trial
3703,good,35,3,None,cookie,Graduated College,😀,78599,1774531927750,1774531849151,male,0,3,true,English,63d7c110ae88487271c4bfd1,69c53501d9270af8c49744cd,69c454f0a957309ec861affe,2598,attention
3703,terrible,35,,None,concert,Graduated College,null,78599,1774531927750,1774531849151,male,1,2,true,English,63d7c110ae88487271c4bfd1,69c53501d9270af8c49744cd,69c454f0a957309ec861affe,3938,trial
3703,okay,35,,None,pizza,Graduated College,😐,78599,1774531927750,1774531849151,male,3,4,true,English,63d7c110ae88487271c4bfd1,69c53501d9270af8c49744cd,69c454f0a957309ec861affe,7183,trial
3703,amazing,35,,None,concert,Graduated College,😀,78599,1774531927750,1774531849151,male,8,7,true,English,63d7c110ae88487271c4bfd1,69c53501d9270af8c49744cd,69c454f0a957309ec861affe,3559,trial
3703,okay,35,,None,pizza,Graduated College,null,78599,1774531927750,1774531849151,male,3,5,true,English,63d7c110ae88487271c4bfd1,69c53501d9270af8c49744cd,69c454f0a957309ec861affe,3775,trial
3720,bad,61,,,concert,Graduated High-school,😠,283730,1774532053602,1774531769872,male,9,1,true,English,69ad7ccf4fb45fd749b7e5d3,69c534acbf260982dc439af9,69c454f0a957309ec861affe,25366,trial
3720,amazing,61,,,movie,Graduated High-school,😀,283730,1774532053602,1774531769872,male,9,9,true,English,69ad7ccf4fb45fd749b7e5d3,69c534acbf260982dc439af9,69c454f0a957309ec861affe,6709,trial
3720,okay,61,,,restaurant meal,Graduated High-school,😐,283730,1774532053602,1774531769872,male,4,4,true,English,69ad7ccf4fb45fd749b7e5d3,69c534acbf260982dc439af9,69c454f0a957309ec861affe,18051,trial
3720,amazing,61,4,,cookie,Graduated High-school,😐,283730,1774532053602,1774531769872,male,0,4,true,English,69ad7ccf4fb45fd749b7e5d3,69c534acbf260982dc439af9,69c454f0a957309ec861affe,12696,attention
3720,amazing,61,,,coffee,Graduated High-school,null,283730,1774532053602,1774531769872,male,9,9,true,English,69ad7ccf4fb45fd749b7e5d3,69c534acbf260982dc439af9,69c454f0a957309ec861affe,19376,trial
3720,okay,61,,,party,Graduated High-school,null,283730,1774532053602,1774531769872,male,2,3,true,English,69ad7ccf4fb45fd749b7e5d3,69c534acbf260982dc439af9,69c454f0a957309ec861affe,19325,trial
3720,good,61,,,concert,Graduated High-school,☺️,283730,1774532053602,1774531769872,male,7,7,true,English,69ad7ccf4fb45fd749b7e5d3,69c534acbf260982dc439af9,69c454f0a957309ec861affe,21779,trial
3720,okay,61,4,,movie,Graduated High-school,☹️,283730,1774532053602,1774531769872,male,0,4,true,English,69ad7ccf4fb45fd749b7e5d3,69c534acbf260982dc439af9,69c454f0a957309ec861affe,8425,attention
3720,terrible,61,,,party,Graduated High-school,😩,283730,1774532053602,1774531769872,male,4,1,true,English,69ad7ccf4fb45fd749b7e5d3,69c534acbf260982dc439af9,69c454f0a957309ec861affe,49298,trial
3720,terrible,61,,,movie,Graduated High-school,null,283730,1774532053602,1774531769872,male,7,1,true,English,69ad7ccf4fb45fd749b7e5d3,69c534acbf260982dc439af9,69c454f0a957309ec861affe,12459,trial
3720,bad,61,,,cookie,Graduated High-school,null,283730,1774532053602,1774531769872,male,6,2,true,English,69ad7ccf4fb45fd749b7e5d3,69c534acbf260982dc439af9,69c454f0a957309ec861affe,10612,trial
3720,good,61,,,party,Graduated High-school,null,283730,1774532053602,1774531769872,male,7,8,true,English,69ad7ccf4fb45fd749b7e5d3,69c534acbf260982dc439af9,69c454f0a957309ec861affe,9908,trial
3728,amazing,43,,,movie,Graduated High-school,☺️,69398,1774532103566,1774532034168,female,7,9,true,English,5e5e9ac3f6e6231c65079fba,69c535bc26a662e68875615c,69c454f0a957309ec861affe,6767,trial
3728,bad,43,,,pizza,Graduated High-school,null,69398,1774532103566,1774532034168,female,5,2,true,English,5e5e9ac3f6e6231c65079fba,69c535bc26a662e68875615c,69c454f0a957309ec861affe,5149,trial
3728,terrible,43,,,cookie,Graduated High-school,null,69398,1774532103566,1774532034168,female,5,1,true,English,5e5e9ac3f6e6231c65079fba,69c535bc26a662e68875615c,69c454f0a957309ec861affe,3999,trial
3728,okay,43,1,,pizza,Graduated High-school,😐,69398,1774532103566,1774532034168,female,0,1,true,English,5e5e9ac3f6e6231c65079fba,69c535bc26a662e68875615c,69c454f0a957309ec861affe,3333,attention
3728,okay,43,,,concert,Graduated High-school,😗,69398,1774532103566,1774532034168,female,5,5,true,English,5e5e9ac3f6e6231c65079fba,69c535bc26a662e68875615c,69c454f0a957309ec861affe,2417,trial
3728,good,43,,,cookie,Graduated High-school,😆,69398,1774532103566,1774532034168,female,6,6,true,English,5e5e9ac3f6e6231c65079fba,69c535bc26a662e68875615c,69c454f0a957309ec861affe,4850,trial
3728,okay,43,,,concert,Graduated High-school,null,69398,1774532103566,1774532034168,female,5,5,true,English,5e5e9ac3f6e6231c65079fba,69c535bc26a662e68875615c,69c454f0a957309ec861affe,3683,trial
3728,bad,43,4,,coffee,Graduated High-school,😠,69398,1774532103566,1774532034168,female,0,4,true,English,5e5e9ac3f6e6231c65079fba,69c535bc26a662e68875615c,69c454f0a957309ec861affe,3183,attention
3728,amazing,43,,,pizza,Graduated High-school,null,69398,1774532103566,1774532034168,female,7,9,true,English,5e5e9ac3f6e6231c65079fba,69c535bc26a662e68875615c,69c454f0a957309ec861affe,4383,trial
3728,good,43,,,cookie,Graduated High-school,null,69398,1774532103566,1774532034168,female,6,6,true,English,5e5e9ac3f6e6231c65079fba,69c535bc26a662e68875615c,69c454f0a957309ec861affe,3584,trial
3728,bad,43,,,concert,Graduated High-school,☹️,69398,1774532103566,1774532034168,female,2,2,true,English,5e5e9ac3f6e6231c65079fba,69c535bc26a662e68875615c,69c454f0a957309ec861affe,8183,trial
3728,terrible,43,,,pizza,Graduated High-school,😔,69398,1774532103566,1774532034168,female,2,2,true,English,5e5e9ac3f6e6231c65079fba,69c535bc26a662e68875615c,69c454f0a957309ec861affe,2617,trial
3730,terrible,30,,,party,Graduated College,😠,339984,1774532106455,1774531766471,female,6,1,true,English,69b82db646bc5827579dc5ca,69c534ab42d74a65909cbd7a,69c454f0a957309ec861affe,64392,trial
3730,bad,30,,,party,Graduated College,🙁,339984,1774532106455,1774531766471,female,1,3,true,English,69b82db646bc5827579dc5ca,69c534ab42d74a65909cbd7a,69c454f0a957309ec861affe,83111,trial
3730,amazing,30,,,restaurant meal,Graduated College,😊,339984,1774532106455,1774531766471,female,8,9,true,English,69b82db646bc5827579dc5ca,69c534ab42d74a65909cbd7a,69c454f0a957309ec861affe,6575,trial
3730,amazing,30,2,,cookie,Graduated College,😠,339984,1774532106455,1774531766471,female,0,2,true,English,69b82db646bc5827579dc5ca,69c534ab42d74a65909cbd7a,69c454f0a957309ec861affe,8960,attention
3730,good,30,,,cookie,Graduated College,🙂,339984,1774532106455,1774531766471,female,7,7,true,English,69b82db646bc5827579dc5ca,69c534ab42d74a65909cbd7a,69c454f0a957309ec861affe,7504,trial
3730,terrible,30,,,cookie,Graduated College,null,339984,1774532106455,1774531766471,female,2,2,true,English,69b82db646bc5827579dc5ca,69c534ab42d74a65909cbd7a,69c454f0a957309ec861affe,6600,trial
3730,okay,30,,,coffee,Graduated College,null,339984,1774532106455,1774531766471,female,5,5,true,English,69b82db646bc5827579dc5ca,69c534ab42d74a65909cbd7a,69c454f0a957309ec861affe,10552,trial
3730,good,30,4,,coffee,Graduated College,☺️,339984,1774532106455,1774531766471,female,0,4,true,English,69b82db646bc5827579dc5ca,69c534ab42d74a65909cbd7a,69c454f0a957309ec861affe,12784,attention
3730,bad,30,,,pizza,Graduated College,null,339984,1774532106455,1774531766471,female,2,3,true,English,69b82db646bc5827579dc5ca,69c534ab42d74a65909cbd7a,69c454f0a957309ec861affe,4527,trial
3730,amazing,30,,,cookie,Graduated College,null,339984,1774532106455,1774531766471,female,7,7,true,English,69b82db646bc5827579dc5ca,69c534ab42d74a65909cbd7a,69c454f0a957309ec861affe,3257,trial
3730,good,30,,,concert,Graduated College,null,339984,1774532106455,1774531766471,female,4,5,true,English,69b82db646bc5827579dc5ca,69c534ab42d74a65909cbd7a,69c454f0a957309ec861affe,5352,trial
3730,okay,30,,,party,Graduated College,😐,339984,1774532106455,1774531766471,female,5,6,true,English,69b82db646bc5827579dc5ca,69c534ab42d74a65909cbd7a,69c454f0a957309ec861affe,3600,trial
3732,good,55,,,pizza,Graduated College,🙂,115844,1774532121504,1774532005660,female,6,8,true,english,5de39f38a1a3fb39ee68f7ab,69c53502906b28e7c430a7c9,69c454f0a957309ec861affe,9558,trial
3732,amazing,55,,,pizza,Graduated College,null,115844,1774532121504,1774532005660,female,8,8,true,english,5de39f38a1a3fb39ee68f7ab,69c53502906b28e7c430a7c9,69c454f0a957309ec861affe,6507,trial
3732,okay,55,,,pizza,Graduated College,null,115844,1774532121504,1774532005660,female,4,5,true,english,5de39f38a1a3fb39ee68f7ab,69c53502906b28e7c430a7c9,69c454f0a957309ec861affe,7870,trial
3732,okay,55,2,,concert,Graduated College,😆,115844,1774532121504,1774532005660,female,0,2,true,english,5de39f38a1a3fb39ee68f7ab,69c53502906b28e7c430a7c9,69c454f0a957309ec861affe,4350,attention
3732,good,55,,,pizza,Graduated College,null,115844,1774532121504,1774532005660,female,3,6,true,english,5de39f38a1a3fb39ee68f7ab,69c53502906b28e7c430a7c9,69c454f0a957309ec861affe,6875,trial
3732,terrible,55,,,concert,Graduated College,null,115844,1774532121504,1774532005660,female,6,2,true,english,5de39f38a1a3fb39ee68f7ab,69c53502906b28e7c430a7c9,69c454f0a957309ec861affe,9230,trial
3732,okay,55,,,restaurant meal,Graduated College,😗,115844,1774532121504,1774532005660,female,5,4,true,english,5de39f38a1a3fb39ee68f7ab,69c53502906b28e7c430a7c9,69c454f0a957309ec861affe,7621,trial
3732,amazing,55,3,,coffee,Graduated College,🙂,115844,1774532121504,1774532005660,female,0,3,true,english,5de39f38a1a3fb39ee68f7ab,69c53502906b28e7c430a7c9,69c454f0a957309ec861affe,4255,attention
3732,bad,55,,,movie,Graduated College,😠,115844,1774532121504,1774532005660,female,6,3,true,english,5de39f38a1a3fb39ee68f7ab,69c53502906b28e7c430a7c9,69c454f0a957309ec861affe,6554,trial
3732,terrible,55,,,movie,Graduated College,🙁,115844,1774532121504,1774532005660,female,5,2,true,english,5de39f38a1a3fb39ee68f7ab,69c53502906b28e7c430a7c9,69c454f0a957309ec861affe,5192,trial
3732,amazing,55,,,concert,Graduated College,🙂,115844,1774532121504,1774532005660,female,6,8,true,english,5de39f38a1a3fb39ee68f7ab,69c53502906b28e7c430a7c9,69c454f0a957309ec861affe,6626,trial
3732,bad,55,,,restaurant meal,Graduated College,null,115844,1774532121504,1774532005660,female,3,3,true,english,5de39f38a1a3fb39ee68f7ab,69c53502906b28e7c430a7c9,69c454f0a957309ec861affe,7250,trial
3742,terrible,51,,n/a,cookie,Graduated College,null,262049,1774532171127,1774531909078,female,6,1,true,English,680e1b9a36b987121bbc9c9a,69c535373558d877877b68e6,69c454f0a957309ec861affe,20965,trial
3742,bad,51,,n/a,cookie,Graduated College,☹️,262049,1774532171127,1774531909078,female,4,1,true,English,680e1b9a36b987121bbc9c9a,69c535373558d877877b68e6,69c454f0a957309ec861affe,19484,trial
3742,amazing,51,,n/a,party,Graduated College,☺️,262049,1774532171127,1774531909078,female,7,9,true,English,680e1b9a36b987121bbc9c9a,69c535373558d877877b68e6,69c454f0a957309ec861affe,10185,trial
3742,terrible,51,4,n/a,restaurant meal,Graduated College,☺️,262049,1774532171127,1774531909078,female,0,4,true,English,680e1b9a36b987121bbc9c9a,69c535373558d877877b68e6,69c454f0a957309ec861affe,17818,attention
3742,okay,51,,n/a,cookie,Graduated College,😐,262049,1774532171127,1774531909078,female,3,4,true,English,680e1b9a36b987121bbc9c9a,69c535373558d877877b68e6,69c454f0a957309ec861affe,16485,trial
3742,bad,51,,n/a,coffee,Graduated College,null,262049,1774532171127,1774531909078,female,4,3,true,English,680e1b9a36b987121bbc9c9a,69c535373558d877877b68e6,69c454f0a957309ec861affe,16017,trial
3742,good,51,,n/a,party,Graduated College,😀,262049,1774532171127,1774531909078,female,8,7,true,English,680e1b9a36b987121bbc9c9a,69c535373558d877877b68e6,69c454f0a957309ec861affe,15867,trial
3742,okay,51,1,n/a,pizza,Graduated College,😔,262049,1774532171127,1774531909078,female,0,1,true,English,680e1b9a36b987121bbc9c9a,69c535373558d877877b68e6,69c454f0a957309ec861affe,6317,attention
3742,okay,51,,n/a,concert,Graduated College,null,262049,1774532171127,1774531909078,female,2,6,true,English,680e1b9a36b987121bbc9c9a,69c535373558d877877b68e6,69c454f0a957309ec861affe,17671,trial
3742,amazing,51,,n/a,coffee,Graduated College,null,262049,1774532171127,1774531909078,female,6,8,true,English,680e1b9a36b987121bbc9c9a,69c535373558d877877b68e6,69c454f0a957309ec861affe,14149,trial
3742,good,51,,n/a,restaurant meal,Graduated College,null,262049,1774532171127,1774531909078,female,3,6,true,English,680e1b9a36b987121bbc9c9a,69c535373558d877877b68e6,69c454f0a957309ec861affe,12983,trial
3742,terrible,51,,n/a,pizza,Graduated College,😠,262049,1774532171127,1774531909078,female,8,1,true,English,680e1b9a36b987121bbc9c9a,69c535373558d877877b68e6,69c454f0a957309ec861affe,15416,trial
3749,amazing,34,,great survey,pizza,Graduated College,null,205784,1774532304532,1774532098748,female,6,9,true,english,5c505b5bacb46e0001bd5672,69c535c0ec49a4435f1d7787,69c454f0a957309ec861affe,21295,trial
3749,terrible,34,,great survey,concert,Graduated College,🙁,205784,1774532304532,1774532098748,female,3,3,true,english,5c505b5bacb46e0001bd5672,69c535c0ec49a4435f1d7787,69c454f0a957309ec861affe,13925,trial
3749,bad,34,,great survey,party,Graduated College,null,205784,1774532304532,1774532098748,female,4,2,true,english,5c505b5bacb46e0001bd5672,69c535c0ec49a4435f1d7787,69c454f0a957309ec861affe,8623,trial
3749,okay,34,2,great survey,pizza,Graduated College,😆,205784,1774532304532,1774532098748,female,0,2,true,english,5c505b5bacb46e0001bd5672,69c535c0ec49a4435f1d7787,69c454f0a957309ec861affe,6764,attention
3749,terrible,34,,great survey,party,Graduated College,null,205784,1774532304532,1774532098748,female,4,2,true,english,5c505b5bacb46e0001bd5672,69c535c0ec49a4435f1d7787,69c454f0a957309ec861affe,7360,trial
3749,okay,34,,great survey,coffee,Graduated College,😐,205784,1774532304532,1774532098748,female,5,3,true,english,5c505b5bacb46e0001bd5672,69c535c0ec49a4435f1d7787,69c454f0a957309ec861affe,17989,trial
3749,amazing,34,,great survey,concert,Graduated College,☺️,205784,1774532304532,1774532098748,female,7,8,true,english,5c505b5bacb46e0001bd5672,69c535c0ec49a4435f1d7787,69c454f0a957309ec861affe,10502,trial
3749,bad,34,4,great survey,coffee,Graduated College,😗,205784,1774532304532,1774532098748,female,0,4,true,english,5c505b5bacb46e0001bd5672,69c535c0ec49a4435f1d7787,69c454f0a957309ec861affe,4950,attention
3749,good,34,,great survey,concert,Graduated College,🙂,205784,1774532304532,1774532098748,female,5,6,true,english,5c505b5bacb46e0001bd5672,69c535c0ec49a4435f1d7787,69c454f0a957309ec861affe,10556,trial
3749,good,34,,great survey,cookie,Graduated College,null,205784,1774532304532,1774532098748,female,5,6,true,english,5c505b5bacb46e0001bd5672,69c535c0ec49a4435f1d7787,69c454f0a957309ec861affe,7981,trial
3749,okay,34,,great survey,concert,Graduated College,null,205784,1774532304532,1774532098748,female,4,4,true,english,5c505b5bacb46e0001bd5672,69c535c0ec49a4435f1d7787,69c454f0a957309ec861affe,18774,trial
3749,bad,34,,great survey,pizza,Graduated College,🙁,205784,1774532304532,1774532098748,female,4,3,true,english,5c505b5bacb46e0001bd5672,69c535c0ec49a4435f1d7787,69c454f0a957309ec861affe,11940,trial
3704,bad,51,,,pizza,Graduated College,null,152398,1774531930780,1774531778382,female,2,1,true,English,63c5514d060f9b8e66cab38f,69c534bae4439d0b35986783,69c454f0a957309ec861affe,17378,trial
3704,terrible,51,,,pizza,Graduated College,🙁,152398,1774531930780,1774531778382,female,6,1,true,English,63c5514d060f9b8e66cab38f,69c534bae4439d0b35986783,69c454f0a957309ec861affe,13540,trial
3704,good,51,,,movie,Graduated College,😊,152398,1774531930780,1774531778382,female,6,8,true,English,63c5514d060f9b8e66cab38f,69c534bae4439d0b35986783,69c454f0a957309ec861affe,13364,trial
3704,bad,51,2,,restaurant meal,Graduated College,😐,152398,1774531930780,1774531778382,female,0,2,true,English,63c5514d060f9b8e66cab38f,69c534bae4439d0b35986783,69c454f0a957309ec861affe,10729,attention
3704,amazing,51,,,cookie,Graduated College,🙂,152398,1774531930780,1774531778382,female,7,9,true,English,63c5514d060f9b8e66cab38f,69c534bae4439d0b35986783,69c454f0a957309ec861affe,11969,trial
3704,good,51,,,party,Graduated College,null,152398,1774531930780,1774531778382,female,5,7,true,English,63c5514d060f9b8e66cab38f,69c534bae4439d0b35986783,69c454f0a957309ec861affe,10924,trial
3704,terrible,51,,,pizza,Graduated College,null,152398,1774531930780,1774531778382,female,3,2,true,English,63c5514d060f9b8e66cab38f,69c534bae4439d0b35986783,69c454f0a957309ec861affe,6782,trial
3704,terrible,51,3,,party,Graduated College,☺️,152398,1774531930780,1774531778382,female,0,3,true,English,63c5514d060f9b8e66cab38f,69c534bae4439d0b35986783,69c454f0a957309ec861affe,5007,attention
3704,bad,51,,,coffee,Graduated College,😩,152398,1774531930780,1774531778382,female,7,1,true,English,63c5514d060f9b8e66cab38f,69c534bae4439d0b35986783,69c454f0a957309ec861affe,7300,trial
3704,amazing,51,,,movie,Graduated College,null,152398,1774531930780,1774531778382,female,8,8,true,English,63c5514d060f9b8e66cab38f,69c534bae4439d0b35986783,69c454f0a957309ec861affe,6084,trial
3704,okay,51,,,coffee,Graduated College,null,152398,1774531930780,1774531778382,female,2,5,true,English,63c5514d060f9b8e66cab38f,69c534bae4439d0b35986783,69c454f0a957309ec861affe,6818,trial
3704,okay,51,,,restaurant meal,Graduated College,😗,152398,1774531930780,1774531778382,female,6,7,true,English,63c5514d060f9b8e66cab38f,69c534bae4439d0b35986783,69c454f0a957309ec861affe,9639,trial
3715,terrible,50,,,pizza,Higher degree,null,141311,1774531991880,1774531850569,female,7,1,true,English,69b03531db81dab44c5b09a4,69c53502981c98c1ca0b7c0f,69c454f0a957309ec861affe,15516,trial
3715,amazing,50,,,coffee,Higher degree,null,141311,1774531991880,1774531850569,female,7,8,true,English,69b03531db81dab44c5b09a4,69c53502981c98c1ca0b7c0f,69c454f0a957309ec861affe,9124,trial
3715,okay,50,,,pizza,Higher degree,😐,141311,1774531991880,1774531850569,female,5,5,true,English,69b03531db81dab44c5b09a4,69c53502981c98c1ca0b7c0f,69c454f0a957309ec861affe,6153,trial
3715,okay,50,4,,party,Higher degree,😠,141311,1774531991880,1774531850569,female,0,4,true,English,69b03531db81dab44c5b09a4,69c53502981c98c1ca0b7c0f,69c454f0a957309ec861affe,6304,attention
3715,good,50,,,movie,Higher degree,😀,141311,1774531991880,1774531850569,female,5,6,true,English,69b03531db81dab44c5b09a4,69c53502981c98c1ca0b7c0f,69c454f0a957309ec861affe,11975,trial
3715,bad,50,,,movie,Higher degree,😔,141311,1774531991880,1774531850569,female,4,3,true,English,69b03531db81dab44c5b09a4,69c53502981c98c1ca0b7c0f,69c454f0a957309ec861affe,15151,trial
3715,bad,50,,,party,Higher degree,null,141311,1774531991880,1774531850569,female,5,5,true,English,69b03531db81dab44c5b09a4,69c53502981c98c1ca0b7c0f,69c454f0a957309ec861affe,7148,trial
3715,terrible,50,5,,party,Higher degree,😩,141311,1774531991880,1774531850569,female,0,5,true,English,69b03531db81dab44c5b09a4,69c53502981c98c1ca0b7c0f,69c454f0a957309ec861affe,9833,attention
3715,good,50,,,pizza,Higher degree,null,141311,1774531991880,1774531850569,female,5,5,true,English,69b03531db81dab44c5b09a4,69c53502981c98c1ca0b7c0f,69c454f0a957309ec861affe,5282,trial
3715,amazing,50,,,movie,Higher degree,☺️,141311,1774531991880,1774531850569,female,6,7,true,English,69b03531db81dab44c5b09a4,69c53502981c98c1ca0b7c0f,69c454f0a957309ec861affe,7278,trial
3715,okay,50,,,coffee,Higher degree,null,141311,1774531991880,1774531850569,female,5,5,true,English,69b03531db81dab44c5b09a4,69c53502981c98c1ca0b7c0f,69c454f0a957309ec861affe,5215,trial
3715,terrible,50,,,pizza,Higher degree,😔,141311,1774531991880,1774531850569,female,5,3,true,English,69b03531db81dab44c5b09a4,69c53502981c98c1ca0b7c0f,69c454f0a957309ec861affe,8367,trial
3727,amazing,42,,,party,Higher degree,null,335646,1774532101869,1774531766223,female,9,9,true,english ,6105ba07b4fa0867eaed2f5b,69c534afe377947d63a2404a,69c454f0a957309ec861affe,73817,trial
3727,good,42,,,restaurant meal,Higher degree,😀,335646,1774532101869,1774531766223,female,4,9,true,english ,6105ba07b4fa0867eaed2f5b,69c534afe377947d63a2404a,69c454f0a957309ec861affe,38552,trial
3727,good,42,,,restaurant meal,Higher degree,null,335646,1774532101869,1774531766223,female,3,8,true,english ,6105ba07b4fa0867eaed2f5b,69c534afe377947d63a2404a,69c454f0a957309ec861affe,70048,trial
3727,bad,42,3,,party,Higher degree,🙂,335646,1774532101869,1774531766223,female,0,3,true,english ,6105ba07b4fa0867eaed2f5b,69c534afe377947d63a2404a,69c454f0a957309ec861affe,6145,attention
3727,amazing,42,,,party,Higher degree,😆,335646,1774532101869,1774531766223,female,8,9,true,english ,6105ba07b4fa0867eaed2f5b,69c534afe377947d63a2404a,69c454f0a957309ec861affe,11679,trial
3727,bad,42,,,cookie,Higher degree,😠,335646,1774532101869,1774531766223,female,7,1,true,english ,6105ba07b4fa0867eaed2f5b,69c534afe377947d63a2404a,69c454f0a957309ec861affe,6753,trial
3727,terrible,42,,,pizza,Higher degree,🙁,335646,1774532101869,1774531766223,female,1,1,true,english ,6105ba07b4fa0867eaed2f5b,69c534afe377947d63a2404a,69c454f0a957309ec861affe,4128,trial
3727,amazing,42,5,,coffee,Higher degree,🙂,335646,1774532101869,1774531766223,female,0,5,true,english ,6105ba07b4fa0867eaed2f5b,69c534afe377947d63a2404a,69c454f0a957309ec861affe,4856,attention
3727,bad,42,,,coffee,Higher degree,null,335646,1774532101869,1774531766223,female,1,1,true,english ,6105ba07b4fa0867eaed2f5b,69c534afe377947d63a2404a,69c454f0a957309ec861affe,3680,trial
3727,okay,42,,,coffee,Higher degree,😗,335646,1774532101869,1774531766223,female,3,4,true,english ,6105ba07b4fa0867eaed2f5b,69c534afe377947d63a2404a,69c454f0a957309ec861affe,19736,trial
3727,okay,42,,,party,Higher degree,null,335646,1774532101869,1774531766223,female,5,5,true,english ,6105ba07b4fa0867eaed2f5b,69c534afe377947d63a2404a,69c454f0a957309ec861affe,4344,trial
3727,terrible,42,,,movie,Higher degree,null,335646,1774532101869,1774531766223,female,6,1,true,english ,6105ba07b4fa0867eaed2f5b,69c534afe377947d63a2404a,69c454f0a957309ec861affe,8000,trial
3743,good,19,,,concert,Graduated High-school,🙂,126128,1774532169742,1774532043614,male,7,5,true,English,6995eddcac8ee74bf27d832f,69c535c27ef0e8c3c401aa6f,69c454f0a957309ec861affe,19169,trial
3743,terrible,19,,,cookie,Graduated High-school,null,126128,1774532169742,1774532043614,male,7,1,true,English,6995eddcac8ee74bf27d832f,69c535c27ef0e8c3c401aa6f,69c454f0a957309ec861affe,10078,trial
3743,bad,19,,,movie,Graduated High-school,🙁,126128,1774532169742,1774532043614,male,6,2,true,English,6995eddcac8ee74bf27d832f,69c535c27ef0e8c3c401aa6f,69c454f0a957309ec861affe,6615,trial
3743,good,19,4,,coffee,Graduated High-school,☹️,126128,1774532169742,1774532043614,male,0,4,true,English,6995eddcac8ee74bf27d832f,69c535c27ef0e8c3c401aa6f,69c454f0a957309ec861affe,14179,attention
3743,okay,19,,,movie,Graduated High-school,null,126128,1774532169742,1774532043614,male,4,4,true,English,6995eddcac8ee74bf27d832f,69c535c27ef0e8c3c401aa6f,69c454f0a957309ec861affe,5767,trial
3743,terrible,19,,,coffee,Graduated High-school,😔,126128,1774532169742,1774532043614,male,6,1,true,English,6995eddcac8ee74bf27d832f,69c535c27ef0e8c3c401aa6f,69c454f0a957309ec861affe,6253,trial
3743,amazing,19,,,pizza,Graduated High-school,😀,126128,1774532169742,1774532043614,male,7,8,true,English,6995eddcac8ee74bf27d832f,69c535c27ef0e8c3c401aa6f,69c454f0a957309ec861affe,7966,trial
3743,good,19,3,,restaurant meal,Graduated High-school,😊,126128,1774532169742,1774532043614,male,0,3,true,English,6995eddcac8ee74bf27d832f,69c535c27ef0e8c3c401aa6f,69c454f0a957309ec861affe,4767,attention
3743,good,19,,,party,Graduated High-school,null,126128,1774532169742,1774532043614,male,4,5,true,English,6995eddcac8ee74bf27d832f,69c535c27ef0e8c3c401aa6f,69c454f0a957309ec861affe,5857,trial
3743,bad,19,,,coffee,Graduated High-school,null,126128,1774532169742,1774532043614,male,5,1,true,English,6995eddcac8ee74bf27d832f,69c535c27ef0e8c3c401aa6f,69c454f0a957309ec861affe,4723,trial
3743,amazing,19,,,cookie,Graduated High-school,null,126128,1774532169742,1774532043614,male,7,9,true,English,6995eddcac8ee74bf27d832f,69c535c27ef0e8c3c401aa6f,69c454f0a957309ec861affe,5406,trial
3743,okay,19,,,restaurant meal,Graduated High-school,😗,126128,1774532169742,1774532043614,male,8,4,true,English,6995eddcac8ee74bf27d832f,69c535c27ef0e8c3c401aa6f,69c454f0a957309ec861affe,8507,trial
3752,good,27,,Nothing much. Short and cool study about emotions using emoji and no emojies to express the intensity of how feelings are expressed.,movie,Higher degree,null,423242,1774532347553,1774531924311,female,3,2,true,English,696e46a86969ef2d97ba2031,69c5353a130790dd8dc84655,69c454f0a957309ec861affe,19792,trial
3752,bad,27,,Nothing much. Short and cool study about emotions using emoji and no emojies to express the intensity of how feelings are expressed.,cookie,Higher degree,☹️,423242,1774532347553,1774531924311,female,9,8,true,English,696e46a86969ef2d97ba2031,69c5353a130790dd8dc84655,69c454f0a957309ec861affe,77001,trial
3752,amazing,27,,Nothing much. Short and cool study about emotions using emoji and no emojies to express the intensity of how feelings are expressed.,concert,Higher degree,😆,423242,1774532347553,1774531924311,female,9,9,true,English,696e46a86969ef2d97ba2031,69c5353a130790dd8dc84655,69c454f0a957309ec861affe,8749,trial
3752,amazing,27,3,Nothing much. Short and cool study about emotions using emoji and no emojies to express the intensity of how feelings are expressed.,restaurant meal,Higher degree,😠,423242,1774532347553,1774531924311,female,0,3,true,English,696e46a86969ef2d97ba2031,69c5353a130790dd8dc84655,69c454f0a957309ec861affe,9531,attention
3752,okay,27,,Nothing much. Short and cool study about emotions using emoji and no emojies to express the intensity of how feelings are expressed.,coffee,Higher degree,😐,423242,1774532347553,1774531924311,female,2,5,true,English,696e46a86969ef2d97ba2031,69c5353a130790dd8dc84655,69c454f0a957309ec861affe,22023,trial
3752,terrible,27,,Nothing much. Short and cool study about emotions using emoji and no emojies to express the intensity of how feelings are expressed.,party,Higher degree,null,423242,1774532347553,1774531924311,female,9,7,true,English,696e46a86969ef2d97ba2031,69c5353a130790dd8dc84655,69c454f0a957309ec861affe,12343,trial
3752,good,27,,Nothing much. Short and cool study about emotions using emoji and no emojies to express the intensity of how feelings are expressed.,pizza,Higher degree,🙂,423242,1774532347553,1774531924311,female,1,4,true,English,696e46a86969ef2d97ba2031,69c5353a130790dd8dc84655,69c454f0a957309ec861affe,12319,trial
3752,okay,27,5,Nothing much. Short and cool study about emotions using emoji and no emojies to express the intensity of how feelings are expressed.,concert,Higher degree,😊,423242,1774532347553,1774531924311,female,0,5,true,English,696e46a86969ef2d97ba2031,69c5353a130790dd8dc84655,69c454f0a957309ec861affe,4642,attention
3752,okay,27,,Nothing much. Short and cool study about emotions using emoji and no emojies to express the intensity of how feelings are expressed.,concert,Higher degree,null,423242,1774532347553,1774531924311,female,2,4,true,English,696e46a86969ef2d97ba2031,69c5353a130790dd8dc84655,69c454f0a957309ec861affe,10174,trial
3752,bad,27,,Nothing much. Short and cool study about emotions using emoji and no emojies to express the intensity of how feelings are expressed.,movie,Higher degree,null,423242,1774532347553,1774531924311,female,8,9,true,English,696e46a86969ef2d97ba2031,69c5353a130790dd8dc84655,69c454f0a957309ec861affe,7927,trial
3752,terrible,27,,Nothing much. Short and cool study about emotions using emoji and no emojies to express the intensity of how feelings are expressed.,restaurant meal,Higher degree,😠,423242,1774532347553,1774531924311,female,9,1,true,English,696e46a86969ef2d97ba2031,69c5353a130790dd8dc84655,69c454f0a957309ec861affe,17930,trial
3752,amazing,27,,Nothing much. Short and cool study about emotions using emoji and no emojies to express the intensity of how feelings are expressed.,party,Higher degree,null,423242,1774532347553,1774531924311,female,1,3,true,English,696e46a86969ef2d97ba2031,69c5353a130790dd8dc84655,69c454f0a957309ec861affe,9775,trial
3706,amazing,26,,,pizza,Graduated College,😀,143116,1774531934359,1774531791243,female,6,7,true,English,69c04b95de332da78d1c755f,69c534c77bf4344e7d9de252,69c454f0a957309ec861affe,12535,trial
3706,bad,26,,,cookie,Graduated College,😔,143116,1774531934359,1774531791243,female,6,4,true,English,69c04b95de332da78d1c755f,69c534c77bf4344e7d9de252,69c454f0a957309ec861affe,11949,trial
3706,good,26,,,movie,Graduated College,☺️,143116,1774531934359,1774531791243,female,5,6,true,English,69c04b95de332da78d1c755f,69c534c77bf4344e7d9de252,69c454f0a957309ec861affe,11241,trial
3706,good,26,4,,restaurant meal,Graduated College,😗,143116,1774531934359,1774531791243,female,0,4,true,English,69c04b95de332da78d1c755f,69c534c77bf4344e7d9de252,69c454f0a957309ec861affe,4917,attention
3706,terrible,26,,,movie,Graduated College,null,143116,1774531934359,1774531791243,female,5,3,true,English,69c04b95de332da78d1c755f,69c534c77bf4344e7d9de252,69c454f0a957309ec861affe,18716,trial
3706,bad,26,,,restaurant meal,Graduated College,null,143116,1774531934359,1774531791243,female,6,3,true,English,69c04b95de332da78d1c755f,69c534c77bf4344e7d9de252,69c454f0a957309ec861affe,8192,trial
3706,okay,26,,,party,Graduated College,😗,143116,1774531934359,1774531791243,female,5,5,true,English,69c04b95de332da78d1c755f,69c534c77bf4344e7d9de252,69c454f0a957309ec861affe,6391,trial
3706,good,26,1,,cookie,Graduated College,😩,143116,1774531934359,1774531791243,female,0,1,true,English,69c04b95de332da78d1c755f,69c534c77bf4344e7d9de252,69c454f0a957309ec861affe,3999,attention
3706,terrible,26,,,party,Graduated College,🙁,143116,1774531934359,1774531791243,female,6,3,true,English,69c04b95de332da78d1c755f,69c534c77bf4344e7d9de252,69c454f0a957309ec861affe,10725,trial
3706,amazing,26,,,movie,Graduated College,null,143116,1774531934359,1774531791243,female,6,7,true,English,69c04b95de332da78d1c755f,69c534c77bf4344e7d9de252,69c454f0a957309ec861affe,6166,trial
3706,okay,26,,,coffee,Graduated College,null,143116,1774531934359,1774531791243,female,5,5,true,English,69c04b95de332da78d1c755f,69c534c77bf4344e7d9de252,69c454f0a957309ec861affe,3692,trial
3706,good,26,,,pizza,Graduated College,null,143116,1774531934359,1774531791243,female,5,6,true,English,69c04b95de332da78d1c755f,69c534c77bf4344e7d9de252,69c454f0a957309ec861affe,5125,trial
3707,terrible,37,,,movie,Higher degree,null,156593,1774531936776,1774531780183,male,1,2,true,English,66c5e900e98b4d0d00fed9aa,69c534b19858a15cf2773c42,69c454f0a957309ec861affe,54992,trial
3707,bad,37,,,movie,Higher degree,null,156593,1774531936776,1774531780183,male,3,1,true,English,66c5e900e98b4d0d00fed9aa,69c534b19858a15cf2773c42,69c454f0a957309ec861affe,6182,trial
3707,good,37,,,coffee,Higher degree,😆,156593,1774531936776,1774531780183,male,7,8,true,English,66c5e900e98b4d0d00fed9aa,69c534b19858a15cf2773c42,69c454f0a957309ec861affe,6368,trial
3707,terrible,37,5,,restaurant meal,Higher degree,😊,156593,1774531936776,1774531780183,male,0,5,true,English,66c5e900e98b4d0d00fed9aa,69c534b19858a15cf2773c42,69c454f0a957309ec861affe,4021,attention
3707,okay,37,,,concert,Higher degree,😗,156593,1774531936776,1774531780183,male,4,4,true,English,66c5e900e98b4d0d00fed9aa,69c534b19858a15cf2773c42,69c454f0a957309ec861affe,4264,trial
3707,okay,37,,,party,Higher degree,null,156593,1774531936776,1774531780183,male,3,3,true,English,66c5e900e98b4d0d00fed9aa,69c534b19858a15cf2773c42,69c454f0a957309ec861affe,3907,trial
3707,amazing,37,,,restaurant meal,Higher degree,null,156593,1774531936776,1774531780183,male,8,8,true,English,66c5e900e98b4d0d00fed9aa,69c534b19858a15cf2773c42,69c454f0a957309ec861affe,4406,trial
3707,bad,37,3,,concert,Higher degree,😔,156593,1774531936776,1774531780183,male,0,3,true,English,66c5e900e98b4d0d00fed9aa,69c534b19858a15cf2773c42,69c454f0a957309ec861affe,3783,attention
3707,terrible,37,,,cookie,Higher degree,😠,156593,1774531936776,1774531780183,male,5,1,true,English,66c5e900e98b4d0d00fed9aa,69c534b19858a15cf2773c42,69c454f0a957309ec861affe,5876,trial
3707,bad,37,,,movie,Higher degree,😔,156593,1774531936776,1774531780183,male,4,1,true,English,66c5e900e98b4d0d00fed9aa,69c534b19858a15cf2773c42,69c454f0a957309ec861affe,5434,trial
3707,good,37,,,party,Higher degree,null,156593,1774531936776,1774531780183,male,6,6,true,English,66c5e900e98b4d0d00fed9aa,69c534b19858a15cf2773c42,69c454f0a957309ec861affe,4664,trial
3707,amazing,37,,,concert,Higher degree,🙂,156593,1774531936776,1774531780183,male,8,8,true,English,66c5e900e98b4d0d00fed9aa,69c534b19858a15cf2773c42,69c454f0a957309ec861affe,3117,trial
3716,good,25,,This was interesting ,concert,Higher degree,😀,229942,1774531999066,1774531769124,male,3,8,true,,672a89bc5e3d67a9fdbdf803,69c534aee29b821243ed3e6d,69c454f0a957309ec861affe,30016,trial
3716,bad,25,,This was interesting ,pizza,Higher degree,null,229942,1774531999066,1774531769124,male,5,1,true,,672a89bc5e3d67a9fdbdf803,69c534aee29b821243ed3e6d,69c454f0a957309ec861affe,15338,trial
3716,good,25,,This was interesting ,restaurant meal,Higher degree,null,229942,1774531999066,1774531769124,male,7,8,true,,672a89bc5e3d67a9fdbdf803,69c534aee29b821243ed3e6d,69c454f0a957309ec861affe,11809,trial
3716,okay,25,5,This was interesting ,movie,Higher degree,☹️,229942,1774531999066,1774531769124,male,0,5,true,,672a89bc5e3d67a9fdbdf803,69c534aee29b821243ed3e6d,69c454f0a957309ec861affe,6865,attention
3716,okay,25,,This was interesting ,restaurant meal,Higher degree,null,229942,1774531999066,1774531769124,male,2,7,true,,672a89bc5e3d67a9fdbdf803,69c534aee29b821243ed3e6d,69c454f0a957309ec861affe,13758,trial
3716,amazing,25,,This was interesting ,pizza,Higher degree,null,229942,1774531999066,1774531769124,male,8,9,true,,672a89bc5e3d67a9fdbdf803,69c534aee29b821243ed3e6d,69c454f0a957309ec861affe,6997,trial
3716,bad,25,,This was interesting ,movie,Higher degree,😔,229942,1774531999066,1774531769124,male,2,1,true,,672a89bc5e3d67a9fdbdf803,69c534aee29b821243ed3e6d,69c454f0a957309ec861affe,12120,trial
3716,terrible,25,4,This was interesting ,cookie,Higher degree,☺️,229942,1774531999066,1774531769124,male,0,4,true,,672a89bc5e3d67a9fdbdf803,69c534aee29b821243ed3e6d,69c454f0a957309ec861affe,12764,attention
3716,terrible,25,,This was interesting ,pizza,Higher degree,☹️,229942,1774531999066,1774531769124,male,3,2,true,,672a89bc5e3d67a9fdbdf803,69c534aee29b821243ed3e6d,69c454f0a957309ec861affe,14394,trial
3716,okay,25,,This was interesting ,restaurant meal,Higher degree,😗,229942,1774531999066,1774531769124,male,8,8,true,,672a89bc5e3d67a9fdbdf803,69c534aee29b821243ed3e6d,69c454f0a957309ec861affe,5943,trial
3716,terrible,25,,This was interesting ,restaurant meal,Higher degree,null,229942,1774531999066,1774531769124,male,3,2,true,,672a89bc5e3d67a9fdbdf803,69c534aee29b821243ed3e6d,69c454f0a957309ec861affe,13153,trial
3716,amazing,25,,This was interesting ,cookie,Higher degree,☺️,229942,1774531999066,1774531769124,male,7,8,true,,672a89bc5e3d67a9fdbdf803,69c534aee29b821243ed3e6d,69c454f0a957309ec861affe,7791,trial
3722,terrible,53,,,cookie,Graduated High-school,😠,154069,1774532068983,1774531914914,female,8,2,true,,69418da4661dc6936bf50baf,69c53539489ad260dc2563ad,69c454f0a957309ec861affe,16023,trial
3722,good,53,,,movie,Graduated High-school,null,154069,1774532068983,1774531914914,female,3,6,true,,69418da4661dc6936bf50baf,69c53539489ad260dc2563ad,69c454f0a957309ec861affe,9029,trial
3722,terrible,53,,,pizza,Graduated High-school,null,154069,1774532068983,1774531914914,female,7,2,true,,69418da4661dc6936bf50baf,69c53539489ad260dc2563ad,69c454f0a957309ec861affe,12250,trial
3722,terrible,53,5,,cookie,Graduated High-school,😊,154069,1774532068983,1774531914914,female,0,5,true,,69418da4661dc6936bf50baf,69c53539489ad260dc2563ad,69c454f0a957309ec861affe,6152,attention
3722,amazing,53,,,coffee,Graduated High-school,null,154069,1774532068983,1774531914914,female,8,8,true,,69418da4661dc6936bf50baf,69c53539489ad260dc2563ad,69c454f0a957309ec861affe,7750,trial
3722,good,53,,,restaurant meal,Graduated High-school,😊,154069,1774532068983,1774531914914,female,2,8,true,,69418da4661dc6936bf50baf,69c53539489ad260dc2563ad,69c454f0a957309ec861affe,11338,trial
3722,bad,53,,,coffee,Graduated High-school,null,154069,1774532068983,1774531914914,female,4,3,true,,69418da4661dc6936bf50baf,69c53539489ad260dc2563ad,69c454f0a957309ec861affe,9232,trial
3722,amazing,53,3,,concert,Graduated High-school,😐,154069,1774532068983,1774531914914,female,0,3,true,,69418da4661dc6936bf50baf,69c53539489ad260dc2563ad,69c454f0a957309ec861affe,4807,attention
3722,bad,53,,,movie,Graduated High-school,😔,154069,1774532068983,1774531914914,female,3,3,true,,69418da4661dc6936bf50baf,69c53539489ad260dc2563ad,69c454f0a957309ec861affe,16121,trial
3722,okay,53,,,pizza,Graduated High-school,😗,154069,1774532068983,1774531914914,female,4,4,true,,69418da4661dc6936bf50baf,69c53539489ad260dc2563ad,69c454f0a957309ec861affe,7974,trial
3722,okay,53,,,pizza,Graduated High-school,null,154069,1774532068983,1774531914914,female,3,4,true,,69418da4661dc6936bf50baf,69c53539489ad260dc2563ad,69c454f0a957309ec861affe,6068,trial
3722,amazing,53,,,cookie,Graduated High-school,😆,154069,1774532068983,1774531914914,female,8,9,true,,69418da4661dc6936bf50baf,69c53539489ad260dc2563ad,69c454f0a957309ec861affe,7140,trial
3723,good,46,,,movie,Graduated High-school,null,103953,1774532078466,1774531974513,female,3,8,true,English,65313bdcb9fd825a8c1d4981,69c53584e72469fb2dc564a7,69c454f0a957309ec861affe,11133,trial
3723,terrible,46,,,party,Graduated High-school,null,103953,1774532078466,1774531974513,female,7,1,true,English,65313bdcb9fd825a8c1d4981,69c53584e72469fb2dc564a7,69c454f0a957309ec861affe,9550,trial
3723,amazing,46,,,movie,Graduated High-school,null,103953,1774532078466,1774531974513,female,4,9,true,English,65313bdcb9fd825a8c1d4981,69c53584e72469fb2dc564a7,69c454f0a957309ec861affe,4067,trial
3723,terrible,46,1,,movie,Graduated High-school,☹️,103953,1774532078466,1774531974513,female,0,1,true,English,65313bdcb9fd825a8c1d4981,69c53584e72469fb2dc564a7,69c454f0a957309ec861affe,4366,attention
3723,terrible,46,,,movie,Graduated High-school,😔,103953,1774532078466,1774531974513,female,7,1,true,English,65313bdcb9fd825a8c1d4981,69c53584e72469fb2dc564a7,69c454f0a957309ec861affe,11616,trial
3723,okay,46,,,concert,Graduated High-school,null,103953,1774532078466,1774531974513,female,6,6,true,English,65313bdcb9fd825a8c1d4981,69c53584e72469fb2dc564a7,69c454f0a957309ec861affe,7616,trial
3723,amazing,46,,,concert,Graduated High-school,😊,103953,1774532078466,1774531974513,female,8,9,true,English,65313bdcb9fd825a8c1d4981,69c53584e72469fb2dc564a7,69c454f0a957309ec861affe,4716,trial
3723,good,46,3,,movie,Graduated High-school,😗,103953,1774532078466,1774531974513,female,0,3,true,English,65313bdcb9fd825a8c1d4981,69c53584e72469fb2dc564a7,69c454f0a957309ec861affe,3134,attention
3723,good,46,,,concert,Graduated High-school,😆,103953,1774532078466,1774531974513,female,5,7,true,English,65313bdcb9fd825a8c1d4981,69c53584e72469fb2dc564a7,69c454f0a957309ec861affe,4549,trial
3723,bad,46,,,cookie,Graduated High-school,null,103953,1774532078466,1774531974513,female,4,2,true,English,65313bdcb9fd825a8c1d4981,69c53584e72469fb2dc564a7,69c454f0a957309ec861affe,9233,trial
3723,bad,46,,,movie,Graduated High-school,🙁,103953,1774532078466,1774531974513,female,7,2,true,English,65313bdcb9fd825a8c1d4981,69c53584e72469fb2dc564a7,69c454f0a957309ec861affe,7133,trial
3723,okay,46,,,pizza,Graduated High-school,😐,103953,1774532078466,1774531974513,female,4,6,true,English,65313bdcb9fd825a8c1d4981,69c53584e72469fb2dc564a7,69c454f0a957309ec861affe,4533,trial
3734,good,72,,,restaurant meal,Higher degree,null,182013,1774532130581,1774531948568,female,3,7,true,English,6759bb1db4ca495276aefe4d,69c5356572dd6a844445e090,69c454f0a957309ec861affe,13025,trial
3734,amazing,72,,,pizza,Higher degree,null,182013,1774532130581,1774531948568,female,8,9,true,English,6759bb1db4ca495276aefe4d,69c5356572dd6a844445e090,69c454f0a957309ec861affe,13015,trial
3734,terrible,72,,,restaurant meal,Higher degree,null,182013,1774532130581,1774531948568,female,6,1,true,English,6759bb1db4ca495276aefe4d,69c5356572dd6a844445e090,69c454f0a957309ec861affe,11559,trial
3734,okay,72,2,,pizza,Higher degree,☺️,182013,1774532130581,1774531948568,female,0,2,true,English,6759bb1db4ca495276aefe4d,69c5356572dd6a844445e090,69c454f0a957309ec861affe,10314,attention
3734,bad,72,,,cookie,Higher degree,null,182013,1774532130581,1774531948568,female,4,1,true,English,6759bb1db4ca495276aefe4d,69c5356572dd6a844445e090,69c454f0a957309ec861affe,10559,trial
3734,terrible,72,,,concert,Higher degree,🙁,182013,1774532130581,1774531948568,female,8,1,true,English,6759bb1db4ca495276aefe4d,69c5356572dd6a844445e090,69c454f0a957309ec861affe,8520,trial
3734,okay,72,,,restaurant meal,Higher degree,null,182013,1774532130581,1774531948568,female,2,5,true,English,6759bb1db4ca495276aefe4d,69c5356572dd6a844445e090,69c454f0a957309ec861affe,8264,trial
3734,amazing,72,3,,cookie,Higher degree,😊,182013,1774532130581,1774531948568,female,0,3,true,English,6759bb1db4ca495276aefe4d,69c5356572dd6a844445e090,69c454f0a957309ec861affe,6744,attention
3734,amazing,72,,,concert,Higher degree,😆,182013,1774532130581,1774531948568,female,7,9,true,English,6759bb1db4ca495276aefe4d,69c5356572dd6a844445e090,69c454f0a957309ec861affe,10920,trial
3734,okay,72,,,restaurant meal,Higher degree,😗,182013,1774532130581,1774531948568,female,3,5,true,English,6759bb1db4ca495276aefe4d,69c5356572dd6a844445e090,69c454f0a957309ec861affe,9112,trial
3734,bad,72,,,coffee,Higher degree,😔,182013,1774532130581,1774531948568,female,5,2,true,English,6759bb1db4ca495276aefe4d,69c5356572dd6a844445e090,69c454f0a957309ec861affe,11008,trial
3734,good,72,,,party,Higher degree,😀,182013,1774532130581,1774531948568,female,3,7,true,English,6759bb1db4ca495276aefe4d,69c5356572dd6a844445e090,69c454f0a957309ec861affe,14224,trial
3736,bad,29,,,cookie,Graduated College,😩,159428,1774532140952,1774531981524,male,8,1,true,english,697938c09291ba65dedf7b64,69c535337dfd4b0ea4892125,69c454f0a957309ec861affe,28810,trial
3736,good,29,,,party,Graduated College,😊,159428,1774532140952,1774531981524,male,7,8,true,english,697938c09291ba65dedf7b64,69c535337dfd4b0ea4892125,69c454f0a957309ec861affe,9256,trial
3736,bad,29,,,restaurant meal,Graduated College,null,159428,1774532140952,1774531981524,male,1,1,true,english,697938c09291ba65dedf7b64,69c535337dfd4b0ea4892125,69c454f0a957309ec861affe,7656,trial
3736,good,29,5,,concert,Graduated College,😐,159428,1774532140952,1774531981524,male,0,5,true,english,697938c09291ba65dedf7b64,69c535337dfd4b0ea4892125,69c454f0a957309ec861affe,11742,attention
3736,amazing,29,,,cookie,Graduated College,null,159428,1774532140952,1774531981524,male,7,7,true,english,697938c09291ba65dedf7b64,69c535337dfd4b0ea4892125,69c454f0a957309ec861affe,7015,trial
3736,terrible,29,,,restaurant meal,Graduated College,😩,159428,1774532140952,1774531981524,male,4,3,true,english,697938c09291ba65dedf7b64,69c535337dfd4b0ea4892125,69c454f0a957309ec861affe,10605,trial
3736,amazing,29,,,movie,Graduated College,😊,159428,1774532140952,1774531981524,male,8,7,true,english,697938c09291ba65dedf7b64,69c535337dfd4b0ea4892125,69c454f0a957309ec861affe,6272,trial
3736,amazing,29,1,,pizza,Graduated College,🙁,159428,1774532140952,1774531981524,male,0,1,true,english,697938c09291ba65dedf7b64,69c535337dfd4b0ea4892125,69c454f0a957309ec861affe,5324,attention
3736,okay,29,,,cookie,Graduated College,null,159428,1774532140952,1774531981524,male,5,7,true,english,697938c09291ba65dedf7b64,69c535337dfd4b0ea4892125,69c454f0a957309ec861affe,10156,trial
3736,okay,29,,,party,Graduated College,😗,159428,1774532140952,1774531981524,male,7,7,true,english,697938c09291ba65dedf7b64,69c535337dfd4b0ea4892125,69c454f0a957309ec861affe,6970,trial
3736,terrible,29,,,concert,Graduated College,null,159428,1774532140952,1774531981524,male,3,3,true,english,697938c09291ba65dedf7b64,69c535337dfd4b0ea4892125,69c454f0a957309ec861affe,6070,trial
3736,good,29,,,restaurant meal,Graduated College,null,159428,1774532140952,1774531981524,male,7,7,true,english,697938c09291ba65dedf7b64,69c535337dfd4b0ea4892125,69c454f0a957309ec861affe,7787,trial
3708,terrible,37,,good,concert,Did not graduate High-school,null,140636,1774531938621,1774531797985,female,2,1,true,english,5e6a923f59a3bd04d5edc606,69c534bf2c7f62c042426a76,69c454f0a957309ec861affe,15027,trial
3708,bad,37,,good,cookie,Did not graduate High-school,😠,140636,1774531938621,1774531797985,female,8,1,true,english,5e6a923f59a3bd04d5edc606,69c534bf2c7f62c042426a76,69c454f0a957309ec861affe,6582,trial
3708,okay,37,,good,restaurant meal,Did not graduate High-school,😐,140636,1774531938621,1774531797985,female,1,4,true,english,5e6a923f59a3bd04d5edc606,69c534bf2c7f62c042426a76,69c454f0a957309ec861affe,6566,trial
3708,terrible,37,2,good,restaurant meal,Did not graduate High-school,😐,140636,1774531938621,1774531797985,female,0,2,true,english,5e6a923f59a3bd04d5edc606,69c534bf2c7f62c042426a76,69c454f0a957309ec861affe,4522,attention
3708,good,37,,good,movie,Did not graduate High-school,😊,140636,1774531938621,1774531797985,female,7,9,true,english,5e6a923f59a3bd04d5edc606,69c534bf2c7f62c042426a76,69c454f0a957309ec861affe,16458,trial
3708,amazing,37,,good,movie,Did not graduate High-school,🙂,140636,1774531938621,1774531797985,female,5,8,true,english,5e6a923f59a3bd04d5edc606,69c534bf2c7f62c042426a76,69c454f0a957309ec861affe,7859,trial
3708,bad,37,,good,pizza,Did not graduate High-school,null,140636,1774531938621,1774531797985,female,1,3,true,english,5e6a923f59a3bd04d5edc606,69c534bf2c7f62c042426a76,69c454f0a957309ec861affe,8536,trial
3708,terrible,37,1,good,cookie,Did not graduate High-school,😀,140636,1774531938621,1774531797985,female,0,1,true,english,5e6a923f59a3bd04d5edc606,69c534bf2c7f62c042426a76,69c454f0a957309ec861affe,4331,attention
3708,good,37,,good,party,Did not graduate High-school,null,140636,1774531938621,1774531797985,female,1,5,true,english,5e6a923f59a3bd04d5edc606,69c534bf2c7f62c042426a76,69c454f0a957309ec861affe,13044,trial
3708,amazing,37,,good,cookie,Did not graduate High-school,null,140636,1774531938621,1774531797985,female,1,7,true,english,5e6a923f59a3bd04d5edc606,69c534bf2c7f62c042426a76,69c454f0a957309ec861affe,12923,trial
3708,okay,37,,good,coffee,Did not graduate High-school,null,140636,1774531938621,1774531797985,female,1,3,true,english,5e6a923f59a3bd04d5edc606,69c534bf2c7f62c042426a76,69c454f0a957309ec861affe,10526,trial
3708,terrible,37,,good,pizza,Did not graduate High-school,😩,140636,1774531938621,1774531797985,female,8,1,true,english,5e6a923f59a3bd04d5edc606,69c534bf2c7f62c042426a76,69c454f0a957309ec861affe,10654,trial
3710,bad,50,,,restaurant meal,Higher degree,null,134566,1774531967520,1774531832954,other,5,2,true,english,5e234e6d06121f5eceaba7f1,69c534b2ab784d52d45a57f8,69c454f0a957309ec861affe,16339,trial
3710,good,50,,,movie,Higher degree,🙂,134566,1774531967520,1774531832954,other,6,7,true,english,5e234e6d06121f5eceaba7f1,69c534b2ab784d52d45a57f8,69c454f0a957309ec861affe,8574,trial
3710,amazing,50,,,coffee,Higher degree,😀,134566,1774531967520,1774531832954,other,8,8,true,english,5e234e6d06121f5eceaba7f1,69c534b2ab784d52d45a57f8,69c454f0a957309ec861affe,7806,trial
3710,okay,50,1,,cookie,Higher degree,😩,134566,1774531967520,1774531832954,other,0,1,true,english,5e234e6d06121f5eceaba7f1,69c534b2ab784d52d45a57f8,69c454f0a957309ec861affe,5600,attention
3710,amazing,50,,,party,Higher degree,null,134566,1774531967520,1774531832954,other,7,7,true,english,5e234e6d06121f5eceaba7f1,69c534b2ab784d52d45a57f8,69c454f0a957309ec861affe,12204,trial
3710,bad,50,,,coffee,Higher degree,😠,134566,1774531967520,1774531832954,other,8,2,true,english,5e234e6d06121f5eceaba7f1,69c534b2ab784d52d45a57f8,69c454f0a957309ec861affe,8767,trial
3710,okay,50,,,party,Higher degree,null,134566,1774531967520,1774531832954,other,5,5,true,english,5e234e6d06121f5eceaba7f1,69c534b2ab784d52d45a57f8,69c454f0a957309ec861affe,4965,trial
3710,good,50,5,,party,Higher degree,☹️,134566,1774531967520,1774531832954,other,0,5,true,english,5e234e6d06121f5eceaba7f1,69c534b2ab784d52d45a57f8,69c454f0a957309ec861affe,4959,attention
3710,okay,50,,,party,Higher degree,😐,134566,1774531967520,1774531832954,other,5,4,true,english,5e234e6d06121f5eceaba7f1,69c534b2ab784d52d45a57f8,69c454f0a957309ec861affe,10195,trial
3710,terrible,50,,,concert,Higher degree,null,134566,1774531967520,1774531832954,other,8,1,true,english,5e234e6d06121f5eceaba7f1,69c534b2ab784d52d45a57f8,69c454f0a957309ec861affe,10765,trial
3710,good,50,,,pizza,Higher degree,null,134566,1774531967520,1774531832954,other,5,6,true,english,5e234e6d06121f5eceaba7f1,69c534b2ab784d52d45a57f8,69c454f0a957309ec861affe,8121,trial
3710,terrible,50,,,cookie,Higher degree,😠,134566,1774531967520,1774531832954,other,8,2,true,english,5e234e6d06121f5eceaba7f1,69c534b2ab784d52d45a57f8,69c454f0a957309ec861affe,6587,trial
3712,amazing,31,,,concert,Graduated High-school,☺️,167512,1774531968205,1774531800693,female,7,9,true,"english, spanish",5e4044797946592823cbec2a,69c534ced91abb77e932e685,69c454f0a957309ec861affe,13088,trial
3712,good,31,,,coffee,Graduated High-school,😊,167512,1774531968205,1774531800693,female,7,8,true,"english, spanish",5e4044797946592823cbec2a,69c534ced91abb77e932e685,69c454f0a957309ec861affe,6802,trial
3712,amazing,31,,,cookie,Graduated High-school,null,167512,1774531968205,1774531800693,female,8,9,true,"english, spanish",5e4044797946592823cbec2a,69c534ced91abb77e932e685,69c454f0a957309ec861affe,7208,trial
3712,bad,31,2,,pizza,Graduated High-school,😐,167512,1774531968205,1774531800693,female,0,2,true,"english, spanish",5e4044797946592823cbec2a,69c534ced91abb77e932e685,69c454f0a957309ec861affe,4535,attention
3712,good,31,,,restaurant meal,Graduated High-school,null,167512,1774531968205,1774531800693,female,7,7,true,"english, spanish",5e4044797946592823cbec2a,69c534ced91abb77e932e685,69c454f0a957309ec861affe,6410,trial
3712,terrible,31,,,pizza,Graduated High-school,🙁,167512,1774531968205,1774531800693,female,5,1,true,"english, spanish",5e4044797946592823cbec2a,69c534ced91abb77e932e685,69c454f0a957309ec861affe,11877,trial
3712,okay,31,,,coffee,Graduated High-school,😗,167512,1774531968205,1774531800693,female,4,5,true,"english, spanish",5e4044797946592823cbec2a,69c534ced91abb77e932e685,69c454f0a957309ec861affe,7234,trial
3712,okay,31,1,,concert,Graduated High-school,😗,167512,1774531968205,1774531800693,female,0,1,true,"english, spanish",5e4044797946592823cbec2a,69c534ced91abb77e932e685,69c454f0a957309ec861affe,7900,attention
3712,okay,31,,,cookie,Graduated High-school,null,167512,1774531968205,1774531800693,female,3,5,true,"english, spanish",5e4044797946592823cbec2a,69c534ced91abb77e932e685,69c454f0a957309ec861affe,11279,trial
3712,bad,31,,,coffee,Graduated High-school,😔,167512,1774531968205,1774531800693,female,5,2,true,"english, spanish",5e4044797946592823cbec2a,69c534ced91abb77e932e685,69c454f0a957309ec861affe,13408,trial
3712,terrible,31,,,cookie,Graduated High-school,null,167512,1774531968205,1774531800693,female,6,2,true,"english, spanish",5e4044797946592823cbec2a,69c534ced91abb77e932e685,69c454f0a957309ec861affe,8771,trial
3712,bad,31,,,pizza,Graduated High-school,null,167512,1774531968205,1774531800693,female,3,2,true,"english, spanish",5e4044797946592823cbec2a,69c534ced91abb77e932e685,69c454f0a957309ec861affe,11855,trial
3733,terrible,37,,,restaurant meal,Graduated High-school,😠,226164,1774532124801,1774531898637,female,9,1,true,English,66f47421b650b6c39e80fa0d,69c5353586b808dd7f8e6da0,69c454f0a957309ec861affe,7054,trial
3733,good,37,,,restaurant meal,Graduated High-school,null,226164,1774532124801,1774531898637,female,3,7,true,English,66f47421b650b6c39e80fa0d,69c5353586b808dd7f8e6da0,69c454f0a957309ec861affe,6196,trial
3733,amazing,37,,,movie,Graduated High-school,😆,226164,1774532124801,1774531898637,female,9,9,true,English,66f47421b650b6c39e80fa0d,69c5353586b808dd7f8e6da0,69c454f0a957309ec861affe,3258,trial
3733,amazing,37,4,,pizza,Graduated High-school,🙁,226164,1774532124801,1774531898637,female,0,4,true,English,66f47421b650b6c39e80fa0d,69c5353586b808dd7f8e6da0,69c454f0a957309ec861affe,2985,attention
3733,okay,37,,,cookie,Graduated High-school,😐,226164,1774532124801,1774531898637,female,7,4,true,English,66f47421b650b6c39e80fa0d,69c5353586b808dd7f8e6da0,69c454f0a957309ec861affe,8694,trial
3733,amazing,37,,,movie,Graduated High-school,null,226164,1774532124801,1774531898637,female,6,9,true,English,66f47421b650b6c39e80fa0d,69c5353586b808dd7f8e6da0,69c454f0a957309ec861affe,7473,trial
3733,bad,37,,,party,Graduated High-school,null,226164,1774532124801,1774531898637,female,3,3,true,English,66f47421b650b6c39e80fa0d,69c5353586b808dd7f8e6da0,69c454f0a957309ec861affe,4067,trial
3733,bad,37,5,,cookie,Graduated High-school,😗,226164,1774532124801,1774531898637,female,0,5,true,English,66f47421b650b6c39e80fa0d,69c5353586b808dd7f8e6da0,69c454f0a957309ec861affe,2558,attention
3733,okay,37,,,party,Graduated High-school,null,226164,1774532124801,1774531898637,female,1,5,true,English,66f47421b650b6c39e80fa0d,69c5353586b808dd7f8e6da0,69c454f0a957309ec861affe,34680,trial
3733,good,37,,,coffee,Graduated High-school,😀,226164,1774532124801,1774531898637,female,9,9,true,English,66f47421b650b6c39e80fa0d,69c5353586b808dd7f8e6da0,69c454f0a957309ec861affe,4029,trial
3733,bad,37,,,restaurant meal,Graduated High-school,🙁,226164,1774532124801,1774531898637,female,9,1,true,English,66f47421b650b6c39e80fa0d,69c5353586b808dd7f8e6da0,69c454f0a957309ec861affe,3957,trial
3733,terrible,37,,,cookie,Graduated High-school,null,226164,1774532124801,1774531898637,female,4,2,true,English,66f47421b650b6c39e80fa0d,69c5353586b808dd7f8e6da0,69c454f0a957309ec861affe,4486,trial
3741,okay,40,,,party,Graduated High-school,null,133311,1774532165503,1774532032192,female,1,5,true,English,603586b312863f6333cb8492,69c535b96cdbbedbc90f3b5a,69c454f0a957309ec861affe,13613,trial
3741,amazing,40,,,cookie,Graduated High-school,null,133311,1774532165503,1774532032192,female,7,9,true,English,603586b312863f6333cb8492,69c535b96cdbbedbc90f3b5a,69c454f0a957309ec861affe,10967,trial
3741,amazing,40,,,pizza,Graduated High-school,🙂,133311,1774532165503,1774532032192,female,8,9,true,English,603586b312863f6333cb8492,69c535b96cdbbedbc90f3b5a,69c454f0a957309ec861affe,7238,trial
3741,good,40,4,,coffee,Graduated High-school,😀,133311,1774532165503,1774532032192,female,0,4,true,English,603586b312863f6333cb8492,69c535b96cdbbedbc90f3b5a,69c454f0a957309ec861affe,4973,attention
3741,bad,40,,,movie,Graduated High-school,null,133311,1774532165503,1774532032192,female,2,1,true,English,603586b312863f6333cb8492,69c535b96cdbbedbc90f3b5a,69c454f0a957309ec861affe,10766,trial
3741,terrible,40,,,restaurant meal,Graduated High-school,😠,133311,1774532165503,1774532032192,female,8,1,true,English,603586b312863f6333cb8492,69c535b96cdbbedbc90f3b5a,69c454f0a957309ec861affe,11172,trial
3741,okay,40,,,pizza,Graduated High-school,😗,133311,1774532165503,1774532032192,female,7,6,true,English,603586b312863f6333cb8492,69c535b96cdbbedbc90f3b5a,69c454f0a957309ec861affe,9534,trial
3741,terrible,40,4,,restaurant meal,Graduated High-school,☺️,133311,1774532165503,1774532032192,female,0,4,true,English,603586b312863f6333cb8492,69c535b96cdbbedbc90f3b5a,69c454f0a957309ec861affe,4710,attention
3741,good,40,,,pizza,Graduated High-school,null,133311,1774532165503,1774532032192,female,2,8,true,English,603586b312863f6333cb8492,69c535b96cdbbedbc90f3b5a,69c454f0a957309ec861affe,14678,trial
3741,bad,40,,,party,Graduated High-school,😠,133311,1774532165503,1774532032192,female,9,1,true,English,603586b312863f6333cb8492,69c535b96cdbbedbc90f3b5a,69c454f0a957309ec861affe,8100,trial
3741,terrible,40,,,restaurant meal,Graduated High-school,null,133311,1774532165503,1774532032192,female,3,1,true,English,603586b312863f6333cb8492,69c535b96cdbbedbc90f3b5a,69c454f0a957309ec861affe,8384,trial
3741,good,40,,,cookie,Graduated High-school,😀,133311,1774532165503,1774532032192,female,9,9,true,English,603586b312863f6333cb8492,69c535b96cdbbedbc90f3b5a,69c454f0a957309ec861affe,6225,trial
3750,good,32,,,cookie,Higher degree,null,407783,1774532314706,1774531906923,male,7,2,true,English,5d1b3627b6a81c0001f87c85,69c53538bffdf0a75cd9bfd0,69c454f0a957309ec861affe,261041,trial
3750,bad,32,,,movie,Higher degree,☹️,407783,1774532314706,1774531906923,male,3,4,true,English,5d1b3627b6a81c0001f87c85,69c53538bffdf0a75cd9bfd0,69c454f0a957309ec861affe,6970,trial
3750,terrible,32,,,pizza,Higher degree,null,407783,1774532314706,1774531906923,male,5,2,true,English,5d1b3627b6a81c0001f87c85,69c53538bffdf0a75cd9bfd0,69c454f0a957309ec861affe,7973,trial
3750,okay,32,2,,concert,Higher degree,☹️,407783,1774532314706,1774531906923,male,0,2,true,English,5d1b3627b6a81c0001f87c85,69c53538bffdf0a75cd9bfd0,69c454f0a957309ec861affe,8723,attention
3750,amazing,32,,,coffee,Higher degree,😀,407783,1774532314706,1774531906923,male,7,7,true,English,5d1b3627b6a81c0001f87c85,69c53538bffdf0a75cd9bfd0,69c454f0a957309ec861affe,5403,trial
3750,terrible,32,,,coffee,Higher degree,😔,407783,1774532314706,1774531906923,male,6,2,true,English,5d1b3627b6a81c0001f87c85,69c53538bffdf0a75cd9bfd0,69c454f0a957309ec861affe,5940,trial
3750,okay,32,,,coffee,Higher degree,null,407783,1774532314706,1774531906923,male,4,6,true,English,5d1b3627b6a81c0001f87c85,69c53538bffdf0a75cd9bfd0,69c454f0a957309ec861affe,5774,trial
3750,good,32,4,,movie,Higher degree,😊,407783,1774532314706,1774531906923,male,0,4,true,English,5d1b3627b6a81c0001f87c85,69c53538bffdf0a75cd9bfd0,69c454f0a957309ec861affe,13577,attention
3750,good,32,,,coffee,Higher degree,☺️,407783,1774532314706,1774531906923,male,6,5,true,English,5d1b3627b6a81c0001f87c85,69c53538bffdf0a75cd9bfd0,69c454f0a957309ec861affe,5269,trial
3750,okay,32,,,concert,Higher degree,😐,407783,1774532314706,1774531906923,male,5,6,true,English,5d1b3627b6a81c0001f87c85,69c53538bffdf0a75cd9bfd0,69c454f0a957309ec861affe,8528,trial
3750,amazing,32,,,restaurant meal,Higher degree,null,407783,1774532314706,1774531906923,male,7,6,true,English,5d1b3627b6a81c0001f87c85,69c53538bffdf0a75cd9bfd0,69c454f0a957309ec861affe,46749,trial
3750,bad,32,,,concert,Higher degree,null,407783,1774532314706,1774531906923,male,4,3,true,English,5d1b3627b6a81c0001f87c85,69c53538bffdf0a75cd9bfd0,69c454f0a957309ec861affe,4985,trial
3709,good,43,,,party,Higher degree,😊,144091,1774531961972,1774531817881,male,2,9,true,"English, French",69830af3546dee3f96a3b80d,69c534df8b3c21c7e84917e3,69c454f0a957309ec861affe,13964,trial
3709,bad,43,,,party,Higher degree,null,144091,1774531961972,1774531817881,male,3,2,true,"English, French",69830af3546dee3f96a3b80d,69c534df8b3c21c7e84917e3,69c454f0a957309ec861affe,9117,trial
3709,terrible,43,,,restaurant meal,Higher degree,😔,144091,1774531961972,1774531817881,male,5,1,true,"English, French",69830af3546dee3f96a3b80d,69c534df8b3c21c7e84917e3,69c454f0a957309ec861affe,12283,trial
3709,okay,43,2,,cookie,Higher degree,😔,144091,1774531961972,1774531817881,male,0,2,true,"English, French",69830af3546dee3f96a3b80d,69c534df8b3c21c7e84917e3,69c454f0a957309ec861affe,5183,attention
3709,okay,43,,,cookie,Higher degree,null,144091,1774531961972,1774531817881,male,1,5,true,"English, French",69830af3546dee3f96a3b80d,69c534df8b3c21c7e84917e3,69c454f0a957309ec861affe,12063,trial
3709,bad,43,,,coffee,Higher degree,😩,144091,1774531961972,1774531817881,male,6,2,true,"English, French",69830af3546dee3f96a3b80d,69c534df8b3c21c7e84917e3,69c454f0a957309ec861affe,7986,trial
3709,amazing,43,,,coffee,Higher degree,😊,144091,1774531961972,1774531817881,male,7,9,true,"English, French",69830af3546dee3f96a3b80d,69c534df8b3c21c7e84917e3,69c454f0a957309ec861affe,6750,trial
3709,amazing,43,2,,restaurant meal,Higher degree,🙂,144091,1774531961972,1774531817881,male,0,2,true,"English, French",69830af3546dee3f96a3b80d,69c534df8b3c21c7e84917e3,69c454f0a957309ec861affe,4117,attention
3709,terrible,43,,,pizza,Higher degree,null,144091,1774531961972,1774531817881,male,6,1,true,"English, French",69830af3546dee3f96a3b80d,69c534df8b3c21c7e84917e3,69c454f0a957309ec861affe,12114,trial
3709,okay,43,,,restaurant meal,Higher degree,😗,144091,1774531961972,1774531817881,male,5,5,true,"English, French",69830af3546dee3f96a3b80d,69c534df8b3c21c7e84917e3,69c454f0a957309ec861affe,9967,trial
3709,good,43,,,coffee,Higher degree,null,144091,1774531961972,1774531817881,male,2,8,true,"English, French",69830af3546dee3f96a3b80d,69c534df8b3c21c7e84917e3,69c454f0a957309ec861affe,7083,trial
3709,amazing,43,,,concert,Higher degree,null,144091,1774531961972,1774531817881,male,8,9,true,"English, French",69830af3546dee3f96a3b80d,69c534df8b3c21c7e84917e3,69c454f0a957309ec861affe,6616,trial
3711,good,38,,,restaurant meal,Graduated College,😀,194798,1774531968077,1774531773279,female,2,6,true,English,66c5e966b2fe5aaf2cb5c393,69c534b3647ac5efbc5aeb65,69c454f0a957309ec861affe,18030,trial
3711,okay,38,,,party,Graduated College,null,194798,1774531968077,1774531773279,female,1,3,true,English,66c5e966b2fe5aaf2cb5c393,69c534b3647ac5efbc5aeb65,69c454f0a957309ec861affe,14254,trial
3711,terrible,38,,,cookie,Graduated College,null,194798,1774531968077,1774531773279,female,6,1,true,English,66c5e966b2fe5aaf2cb5c393,69c534b3647ac5efbc5aeb65,69c454f0a957309ec861affe,13345,trial
3711,good,38,1,,movie,Graduated College,😀,194798,1774531968077,1774531773279,female,0,1,true,English,66c5e966b2fe5aaf2cb5c393,69c534b3647ac5efbc5aeb65,69c454f0a957309ec861affe,5979,attention
3711,bad,38,,,party,Graduated College,☹️,194798,1774531968077,1774531773279,female,6,2,true,English,66c5e966b2fe5aaf2cb5c393,69c534b3647ac5efbc5aeb65,69c454f0a957309ec861affe,14366,trial
3711,okay,38,,,party,Graduated College,😗,194798,1774531968077,1774531773279,female,5,5,true,English,66c5e966b2fe5aaf2cb5c393,69c534b3647ac5efbc5aeb65,69c454f0a957309ec861affe,11910,trial
3711,amazing,38,,,concert,Graduated College,🙂,194798,1774531968077,1774531773279,female,9,9,true,English,66c5e966b2fe5aaf2cb5c393,69c534b3647ac5efbc5aeb65,69c454f0a957309ec861affe,6914,trial
3711,good,38,3,,concert,Graduated College,😊,194798,1774531968077,1774531773279,female,0,3,true,English,66c5e966b2fe5aaf2cb5c393,69c534b3647ac5efbc5aeb65,69c454f0a957309ec861affe,7359,attention
3711,bad,38,,,concert,Graduated College,null,194798,1774531968077,1774531773279,female,4,2,true,English,66c5e966b2fe5aaf2cb5c393,69c534b3647ac5efbc5aeb65,69c454f0a957309ec861affe,11661,trial
3711,terrible,38,,,restaurant meal,Graduated College,🙁,194798,1774531968077,1774531773279,female,8,1,true,English,66c5e966b2fe5aaf2cb5c393,69c534b3647ac5efbc5aeb65,69c454f0a957309ec861affe,13028,trial
3711,amazing,38,,,coffee,Graduated College,null,194798,1774531968077,1774531773279,female,8,8,true,English,66c5e966b2fe5aaf2cb5c393,69c534b3647ac5efbc5aeb65,69c454f0a957309ec861affe,11936,trial
3711,good,38,,,concert,Graduated College,null,194798,1774531968077,1774531773279,female,5,5,true,English,66c5e966b2fe5aaf2cb5c393,69c534b3647ac5efbc5aeb65,69c454f0a957309ec861affe,6838,trial
3713,bad,47,,This was an interesting survey,pizza,Graduated College,☹️,184809,1774531974550,1774531789741,female,4,1,true,English,69ba6205888efb3a51f833cb,69c534bc024c82aa2d0eebdd,69c454f0a957309ec861affe,17875,trial
3713,terrible,47,,This was an interesting survey,restaurant meal,Graduated College,null,184809,1774531974550,1774531789741,female,9,1,true,English,69ba6205888efb3a51f833cb,69c534bc024c82aa2d0eebdd,69c454f0a957309ec861affe,11188,trial
3713,amazing,47,,This was an interesting survey,movie,Graduated College,null,184809,1774531974550,1774531789741,female,1,9,true,English,69ba6205888efb3a51f833cb,69c534bc024c82aa2d0eebdd,69c454f0a957309ec861affe,8566,trial
3713,good,47,5,This was an interesting survey,cookie,Graduated College,😐,184809,1774531974550,1774531789741,female,0,5,true,English,69ba6205888efb3a51f833cb,69c534bc024c82aa2d0eebdd,69c454f0a957309ec861affe,7444,attention
3713,okay,47,,This was an interesting survey,party,Graduated College,null,184809,1774531974550,1774531789741,female,1,6,true,English,69ba6205888efb3a51f833cb,69c534bc024c82aa2d0eebdd,69c454f0a957309ec861affe,8447,trial
3713,okay,47,,This was an interesting survey,restaurant meal,Graduated College,😗,184809,1774531974550,1774531789741,female,1,9,true,English,69ba6205888efb3a51f833cb,69c534bc024c82aa2d0eebdd,69c454f0a957309ec861affe,19705,trial
3713,bad,47,,This was an interesting survey,restaurant meal,Graduated College,null,184809,1774531974550,1774531789741,female,1,1,true,English,69ba6205888efb3a51f833cb,69c534bc024c82aa2d0eebdd,69c454f0a957309ec861affe,12682,trial
3713,bad,47,1,This was an interesting survey,restaurant meal,Graduated College,🙁,184809,1774531974550,1774531789741,female,0,1,true,English,69ba6205888efb3a51f833cb,69c534bc024c82aa2d0eebdd,69c454f0a957309ec861affe,4873,attention
3713,good,47,,This was an interesting survey,pizza,Graduated College,🙂,184809,1774531974550,1774531789741,female,1,9,true,English,69ba6205888efb3a51f833cb,69c534bc024c82aa2d0eebdd,69c454f0a957309ec861affe,6000,trial
3713,good,47,,This was an interesting survey,concert,Graduated College,null,184809,1774531974550,1774531789741,female,1,9,true,English,69ba6205888efb3a51f833cb,69c534bc024c82aa2d0eebdd,69c454f0a957309ec861affe,5190,trial
3713,amazing,47,,This was an interesting survey,movie,Graduated College,😆,184809,1774531974550,1774531789741,female,8,9,true,English,69ba6205888efb3a51f833cb,69c534bc024c82aa2d0eebdd,69c454f0a957309ec861affe,5483,trial
3713,terrible,47,,This was an interesting survey,pizza,Graduated College,😔,184809,1774531974550,1774531789741,female,4,1,true,English,69ba6205888efb3a51f833cb,69c534bc024c82aa2d0eebdd,69c454f0a957309ec861affe,5865,trial
3717,amazing,55,,I think it was quite confusing. ,concert,Graduated College,null,242992,1774532007367,1774531764375,male,8,8,true,English,697f41db868c593d64d3dcef,69c534a941b1087d86063fbb,69c454f0a957309ec861affe,12713,trial
3717,amazing,55,,I think it was quite confusing. ,concert,Graduated College,😀,242992,1774532007367,1774531764375,male,7,7,true,English,697f41db868c593d64d3dcef,69c534a941b1087d86063fbb,69c454f0a957309ec861affe,18403,trial
3717,bad,55,,I think it was quite confusing. ,pizza,Graduated College,😔,242992,1774532007367,1774531764375,male,1,5,true,English,697f41db868c593d64d3dcef,69c534a941b1087d86063fbb,69c454f0a957309ec861affe,15371,trial
3717,terrible,55,5,I think it was quite confusing. ,movie,Graduated College,🙂,242992,1774532007367,1774531764375,male,0,5,true,English,697f41db868c593d64d3dcef,69c534a941b1087d86063fbb,69c454f0a957309ec861affe,8159,attention
3717,okay,55,,I think it was quite confusing. ,restaurant meal,Graduated College,null,242992,1774532007367,1774531764375,male,3,4,true,English,697f41db868c593d64d3dcef,69c534a941b1087d86063fbb,69c454f0a957309ec861affe,16384,trial
3717,terrible,55,,I think it was quite confusing. ,movie,Graduated College,😩,242992,1774532007367,1774531764375,male,6,3,true,English,697f41db868c593d64d3dcef,69c534a941b1087d86063fbb,69c454f0a957309ec861affe,24406,trial
3717,terrible,55,,I think it was quite confusing. ,pizza,Graduated College,null,242992,1774532007367,1774531764375,male,3,2,true,English,697f41db868c593d64d3dcef,69c534a941b1087d86063fbb,69c454f0a957309ec861affe,11653,trial
3717,terrible,55,4,I think it was quite confusing. ,restaurant meal,Graduated College,😊,242992,1774532007367,1774531764375,male,0,4,true,English,697f41db868c593d64d3dcef,69c534a941b1087d86063fbb,69c454f0a957309ec861affe,4844,attention
3717,okay,55,,I think it was quite confusing. ,cookie,Graduated College,😗,242992,1774532007367,1774531764375,male,2,6,true,English,697f41db868c593d64d3dcef,69c534a941b1087d86063fbb,69c454f0a957309ec861affe,13133,trial
3717,bad,55,,I think it was quite confusing. ,party,Graduated College,null,242992,1774532007367,1774531764375,male,9,9,true,English,697f41db868c593d64d3dcef,69c534a941b1087d86063fbb,69c454f0a957309ec861affe,13744,trial
3717,good,55,,I think it was quite confusing. ,movie,Graduated College,🙂,242992,1774532007367,1774531764375,male,2,7,true,English,697f41db868c593d64d3dcef,69c534a941b1087d86063fbb,69c454f0a957309ec861affe,11364,trial
3717,good,55,,I think it was quite confusing. ,restaurant meal,Graduated College,null,242992,1774532007367,1774531764375,male,2,8,true,English,697f41db868c593d64d3dcef,69c534a941b1087d86063fbb,69c454f0a957309ec861affe,9085,trial
3719,good,26,,None.,cookie,Higher degree,😀,220397,1774532018412,1774531798015,female,2,8,true,"English, Urdu",69a8547051870baf54ac44bf,69c534a81251d828229ec105,69c454f0a957309ec861affe,13110,trial
3719,terrible,26,,None.,coffee,Higher degree,null,220397,1774532018412,1774531798015,female,6,1,true,"English, Urdu",69a8547051870baf54ac44bf,69c534a81251d828229ec105,69c454f0a957309ec861affe,7056,trial
3719,good,26,,None.,coffee,Higher degree,null,220397,1774532018412,1774531798015,female,1,7,true,"English, Urdu",69a8547051870baf54ac44bf,69c534a81251d828229ec105,69c454f0a957309ec861affe,6512,trial
3719,bad,26,5,None.,movie,Higher degree,😐,220397,1774532018412,1774531798015,female,0,5,true,"English, Urdu",69a8547051870baf54ac44bf,69c534a81251d828229ec105,69c454f0a957309ec861affe,6495,attention
3719,bad,26,,None.,coffee,Higher degree,null,220397,1774532018412,1774531798015,female,2,3,true,"English, Urdu",69a8547051870baf54ac44bf,69c534a81251d828229ec105,69c454f0a957309ec861affe,10740,trial
3719,okay,26,,None.,movie,Higher degree,null,220397,1774532018412,1774531798015,female,1,5,true,"English, Urdu",69a8547051870baf54ac44bf,69c534a81251d828229ec105,69c454f0a957309ec861affe,5789,trial
3719,amazing,26,,None.,party,Higher degree,null,220397,1774532018412,1774531798015,female,7,8,true,"English, Urdu",69a8547051870baf54ac44bf,69c534a81251d828229ec105,69c454f0a957309ec861affe,6581,trial
3719,good,26,4,None.,pizza,Higher degree,☹️,220397,1774532018412,1774531798015,female,0,4,true,"English, Urdu",69a8547051870baf54ac44bf,69c534a81251d828229ec105,69c454f0a957309ec861affe,8749,attention
3719,okay,26,,None.,cookie,Higher degree,😐,220397,1774532018412,1774531798015,female,5,4,true,"English, Urdu",69a8547051870baf54ac44bf,69c534a81251d828229ec105,69c454f0a957309ec861affe,8295,trial
3719,amazing,26,,None.,cookie,Higher degree,🙂,220397,1774532018412,1774531798015,female,7,7,true,"English, Urdu",69a8547051870baf54ac44bf,69c534a81251d828229ec105,69c454f0a957309ec861affe,7644,trial
3719,bad,26,,None.,pizza,Higher degree,☹️,220397,1774532018412,1774531798015,female,7,1,true,"English, Urdu",69a8547051870baf54ac44bf,69c534a81251d828229ec105,69c454f0a957309ec861affe,7751,trial
3719,terrible,26,,None.,restaurant meal,Higher degree,☹️,220397,1774532018412,1774531798015,female,8,1,true,"English, Urdu",69a8547051870baf54ac44bf,69c534a81251d828229ec105,69c454f0a957309ec861affe,5848,trial
3721,good,49,,,restaurant meal,Higher degree,null,251102,1774532029463,1774531778361,female,3,6,true,English,69730949c9e446c31c70a521,69c534b9a1aa5382bed900e6,69c454f0a957309ec861affe,25968,trial
3721,amazing,49,,,coffee,Higher degree,null,251102,1774532029463,1774531778361,female,8,8,true,English,69730949c9e446c31c70a521,69c534b9a1aa5382bed900e6,69c454f0a957309ec861affe,19288,trial
3721,good,49,,,cookie,Higher degree,😀,251102,1774532029463,1774531778361,female,7,7,true,English,69730949c9e446c31c70a521,69c534b9a1aa5382bed900e6,69c454f0a957309ec861affe,13048,trial
3721,okay,49,5,,cookie,Higher degree,🙁,251102,1774532029463,1774531778361,female,0,5,true,English,69730949c9e446c31c70a521,69c534b9a1aa5382bed900e6,69c454f0a957309ec861affe,9280,attention
3721,bad,49,,,cookie,Higher degree,😩,251102,1774532029463,1774531778361,female,8,2,true,English,69730949c9e446c31c70a521,69c534b9a1aa5382bed900e6,69c454f0a957309ec861affe,15256,trial
3721,okay,49,,,movie,Higher degree,😗,251102,1774532029463,1774531778361,female,5,5,true,English,69730949c9e446c31c70a521,69c534b9a1aa5382bed900e6,69c454f0a957309ec861affe,23200,trial
3721,terrible,49,,,restaurant meal,Higher degree,😩,251102,1774532029463,1774531778361,female,7,2,true,English,69730949c9e446c31c70a521,69c534b9a1aa5382bed900e6,69c454f0a957309ec861affe,19632,trial
3721,bad,49,5,,pizza,Higher degree,😐,251102,1774532029463,1774531778361,female,0,5,true,English,69730949c9e446c31c70a521,69c534b9a1aa5382bed900e6,69c454f0a957309ec861affe,8968,attention
3721,bad,49,,,restaurant meal,Higher degree,null,251102,1774532029463,1774531778361,female,7,3,true,English,69730949c9e446c31c70a521,69c534b9a1aa5382bed900e6,69c454f0a957309ec861affe,17207,trial
3721,okay,49,,,cookie,Higher degree,null,251102,1774532029463,1774531778361,female,3,5,true,English,69730949c9e446c31c70a521,69c534b9a1aa5382bed900e6,69c454f0a957309ec861affe,21999,trial
3721,amazing,49,,,restaurant meal,Higher degree,😊,251102,1774532029463,1774531778361,female,7,8,true,English,69730949c9e446c31c70a521,69c534b9a1aa5382bed900e6,69c454f0a957309ec861affe,15240,trial
3721,terrible,49,,,concert,Higher degree,null,251102,1774532029463,1774531778361,female,7,2,true,English,69730949c9e446c31c70a521,69c534b9a1aa5382bed900e6,69c454f0a957309ec861affe,14144,trial
3740,bad,66,,none,party,Graduated High-school,null,272964,1774532157539,1774531884575,male,3,4,true,english,59c67a2b21454d000194c0e3,69c53524539cc65285480e5c,69c454f0a957309ec861affe,13112,trial
3740,bad,66,,none,movie,Graduated High-school,😠,272964,1774532157539,1774531884575,male,4,2,true,english,59c67a2b21454d000194c0e3,69c53524539cc65285480e5c,69c454f0a957309ec861affe,7128,trial
3740,good,66,,none,restaurant meal,Graduated High-school,😀,272964,1774532157539,1774531884575,male,7,8,true,english,59c67a2b21454d000194c0e3,69c53524539cc65285480e5c,69c454f0a957309ec861affe,7880,trial
3740,bad,66,3,none,pizza,Graduated High-school,☹️,272964,1774532157539,1774531884575,male,0,3,true,english,59c67a2b21454d000194c0e3,69c53524539cc65285480e5c,69c454f0a957309ec861affe,10688,attention
3740,terrible,66,,none,pizza,Graduated High-school,null,272964,1774532157539,1774531884575,male,3,3,true,english,59c67a2b21454d000194c0e3,69c53524539cc65285480e5c,69c454f0a957309ec861affe,21208,trial
3740,okay,66,,none,concert,Graduated High-school,null,272964,1774532157539,1774531884575,male,5,5,true,english,59c67a2b21454d000194c0e3,69c53524539cc65285480e5c,69c454f0a957309ec861affe,31687,trial
3740,good,66,,none,restaurant meal,Graduated High-school,null,272964,1774532157539,1774531884575,male,7,7,true,english,59c67a2b21454d000194c0e3,69c53524539cc65285480e5c,69c454f0a957309ec861affe,7729,trial
3740,okay,66,1,none,party,Graduated High-school,😠,272964,1774532157539,1774531884575,male,0,1,true,english,59c67a2b21454d000194c0e3,69c53524539cc65285480e5c,69c454f0a957309ec861affe,14519,attention
3740,amazing,66,,none,coffee,Graduated High-school,😆,272964,1774532157539,1774531884575,male,8,8,true,english,59c67a2b21454d000194c0e3,69c53524539cc65285480e5c,69c454f0a957309ec861affe,15448,trial
3740,okay,66,,none,movie,Graduated High-school,😐,272964,1774532157539,1774531884575,male,5,5,true,english,59c67a2b21454d000194c0e3,69c53524539cc65285480e5c,69c454f0a957309ec861affe,4880,trial
3740,amazing,66,,none,pizza,Graduated High-school,null,272964,1774532157539,1774531884575,male,7,7,true,english,59c67a2b21454d000194c0e3,69c53524539cc65285480e5c,69c454f0a957309ec861affe,10041,trial
3740,terrible,66,,none,cookie,Graduated High-school,☹️,272964,1774532157539,1774531884575,male,4,2,true,english,59c67a2b21454d000194c0e3,69c53524539cc65285480e5c,69c454f0a957309ec861affe,6839,trial
3714,okay,25,,,concert,Graduated College,null,217780,1774531976773,1774531758993,male,3,6,true,English,67bde62a1eda0ad407b026ca,69c534a94effab2b3c862f53,69c454f0a957309ec861affe,11035,trial
3714,amazing,25,,,restaurant meal,Graduated College,☺️,217780,1774531976773,1774531758993,male,6,8,true,English,67bde62a1eda0ad407b026ca,69c534a94effab2b3c862f53,69c454f0a957309ec861affe,6380,trial
3714,okay,25,,,party,Graduated College,😗,217780,1774531976773,1774531758993,male,3,6,true,English,67bde62a1eda0ad407b026ca,69c534a94effab2b3c862f53,69c454f0a957309ec861affe,57147,trial
3714,amazing,25,5,,restaurant meal,Graduated College,🙁,217780,1774531976773,1774531758993,male,0,5,true,English,67bde62a1eda0ad407b026ca,69c534a94effab2b3c862f53,69c454f0a957309ec861affe,18110,attention
3714,terrible,25,,,cookie,Graduated College,null,217780,1774531976773,1774531758993,male,6,3,true,English,67bde62a1eda0ad407b026ca,69c534a94effab2b3c862f53,69c454f0a957309ec861affe,5994,trial
3714,good,25,,,party,Graduated College,null,217780,1774531976773,1774531758993,male,3,6,true,English,67bde62a1eda0ad407b026ca,69c534a94effab2b3c862f53,69c454f0a957309ec861affe,5671,trial
3714,bad,25,,,pizza,Graduated College,null,217780,1774531976773,1774531758993,male,5,3,true,English,67bde62a1eda0ad407b026ca,69c534a94effab2b3c862f53,69c454f0a957309ec861affe,8505,trial
3714,bad,25,2,,cookie,Graduated College,☺️,217780,1774531976773,1774531758993,male,0,2,true,English,67bde62a1eda0ad407b026ca,69c534a94effab2b3c862f53,69c454f0a957309ec861affe,3430,attention
3714,good,25,,,pizza,Graduated College,😆,217780,1774531976773,1774531758993,male,4,7,true,English,67bde62a1eda0ad407b026ca,69c534a94effab2b3c862f53,69c454f0a957309ec861affe,8207,trial
3714,amazing,25,,,party,Graduated College,null,217780,1774531976773,1774531758993,male,6,7,true,English,67bde62a1eda0ad407b026ca,69c534a94effab2b3c862f53,69c454f0a957309ec861affe,3412,trial
3714,terrible,25,,,cookie,Graduated College,😠,217780,1774531976773,1774531758993,male,7,2,true,English,67bde62a1eda0ad407b026ca,69c534a94effab2b3c862f53,69c454f0a957309ec861affe,5250,trial
3714,bad,25,,,restaurant meal,Graduated College,😔,217780,1774531976773,1774531758993,male,6,3,true,English,67bde62a1eda0ad407b026ca,69c534a94effab2b3c862f53,69c454f0a957309ec861affe,12245,trial
3718,okay,31,,na,party,Graduated College,null,103408,1774532009254,1774531905846,male,2,4,true,english,69a3460f280a85619c6f4cc2,69c53538153d19d1e045c6dc,69c454f0a957309ec861affe,11809,trial
3718,terrible,31,,na,concert,Graduated College,🙁,103408,1774532009254,1774531905846,male,3,1,true,english,69a3460f280a85619c6f4cc2,69c53538153d19d1e045c6dc,69c454f0a957309ec861affe,6143,trial
3718,bad,31,,na,pizza,Graduated College,😠,103408,1774532009254,1774531905846,male,3,1,true,english,69a3460f280a85619c6f4cc2,69c53538153d19d1e045c6dc,69c454f0a957309ec861affe,7218,trial
3718,bad,31,3,na,coffee,Graduated College,🙂,103408,1774532009254,1774531905846,male,0,3,true,english,69a3460f280a85619c6f4cc2,69c53538153d19d1e045c6dc,69c454f0a957309ec861affe,5584,attention
3718,good,31,,na,cookie,Graduated College,null,103408,1774532009254,1774531905846,male,4,7,true,english,69a3460f280a85619c6f4cc2,69c53538153d19d1e045c6dc,69c454f0a957309ec861affe,7887,trial
3718,good,31,,na,party,Graduated College,🙂,103408,1774532009254,1774531905846,male,4,7,true,english,69a3460f280a85619c6f4cc2,69c53538153d19d1e045c6dc,69c454f0a957309ec861affe,5190,trial
3718,okay,31,,na,restaurant meal,Graduated College,😐,103408,1774532009254,1774531905846,male,2,4,true,english,69a3460f280a85619c6f4cc2,69c53538153d19d1e045c6dc,69c454f0a957309ec861affe,7560,trial
3718,good,31,2,na,cookie,Graduated College,☹️,103408,1774532009254,1774531905846,male,0,2,true,english,69a3460f280a85619c6f4cc2,69c53538153d19d1e045c6dc,69c454f0a957309ec861affe,3945,attention
3718,bad,31,,na,party,Graduated College,null,103408,1774532009254,1774531905846,male,2,3,true,english,69a3460f280a85619c6f4cc2,69c53538153d19d1e045c6dc,69c454f0a957309ec861affe,9309,trial
3718,terrible,31,,na,movie,Graduated College,null,103408,1774532009254,1774531905846,male,2,3,true,english,69a3460f280a85619c6f4cc2,69c53538153d19d1e045c6dc,69c454f0a957309ec861affe,4252,trial
3718,amazing,31,,na,concert,Graduated College,null,103408,1774532009254,1774531905846,male,5,7,true,english,69a3460f280a85619c6f4cc2,69c53538153d19d1e045c6dc,69c454f0a957309ec861affe,4060,trial
3718,amazing,31,,na,pizza,Graduated College,😀,103408,1774532009254,1774531905846,male,6,7,true,english,69a3460f280a85619c6f4cc2,69c53538153d19d1e045c6dc,69c454f0a957309ec861affe,4509,trial
3725,terrible,23,,,movie,Graduated College,😔,129027,1774532094458,1774531965431,female,5,2,true,English,69c2bec87871da3beb2daba0,69c534ba1b51f91697d96bb9,69c454f0a957309ec861affe,17346,trial
3725,good,23,,,pizza,Graduated College,null,129027,1774532094458,1774531965431,female,6,7,true,English,69c2bec87871da3beb2daba0,69c534ba1b51f91697d96bb9,69c454f0a957309ec861affe,17706,trial
3725,bad,23,,,restaurant meal,Graduated College,null,129027,1774532094458,1774531965431,female,5,2,true,English,69c2bec87871da3beb2daba0,69c534ba1b51f91697d96bb9,69c454f0a957309ec861affe,12477,trial
3725,okay,23,4,,cookie,Graduated College,☹️,129027,1774532094458,1774531965431,female,0,4,true,English,69c2bec87871da3beb2daba0,69c534ba1b51f91697d96bb9,69c454f0a957309ec861affe,4750,attention
3725,amazing,23,,,pizza,Graduated College,☺️,129027,1774532094458,1774531965431,female,8,9,true,English,69c2bec87871da3beb2daba0,69c534ba1b51f91697d96bb9,69c454f0a957309ec861affe,4607,trial
3725,bad,23,,,movie,Graduated College,😠,129027,1774532094458,1774531965431,female,6,1,true,English,69c2bec87871da3beb2daba0,69c534ba1b51f91697d96bb9,69c454f0a957309ec861affe,10262,trial
3725,amazing,23,,,pizza,Graduated College,null,129027,1774532094458,1774531965431,female,8,9,true,English,69c2bec87871da3beb2daba0,69c534ba1b51f91697d96bb9,69c454f0a957309ec861affe,6013,trial
3725,okay,23,2,,cookie,Graduated College,😆,129027,1774532094458,1774531965431,female,0,2,true,English,69c2bec87871da3beb2daba0,69c534ba1b51f91697d96bb9,69c454f0a957309ec861affe,3436,attention
3725,good,23,,,party,Graduated College,😀,129027,1774532094458,1774531965431,female,4,6,true,English,69c2bec87871da3beb2daba0,69c534ba1b51f91697d96bb9,69c454f0a957309ec861affe,9924,trial
3725,okay,23,,,party,Graduated College,null,129027,1774532094458,1774531965431,female,4,3,true,English,69c2bec87871da3beb2daba0,69c534ba1b51f91697d96bb9,69c454f0a957309ec861affe,7856,trial
3725,terrible,23,,,coffee,Graduated College,null,129027,1774532094458,1774531965431,female,4,1,true,English,69c2bec87871da3beb2daba0,69c534ba1b51f91697d96bb9,69c454f0a957309ec861affe,5155,trial
3725,okay,23,,,concert,Graduated College,😐,129027,1774532094458,1774531965431,female,5,3,true,English,69c2bec87871da3beb2daba0,69c534ba1b51f91697d96bb9,69c454f0a957309ec861affe,8331,trial
3726,terrible,34,,,coffee,Graduated College,😔,68780,1774532101633,1774532032853,male,4,3,true,English,62c5fbbb796500bb5406d772,69c535bbe3146a4e5e0f3b72,69c454f0a957309ec861affe,7827,trial
3726,bad,34,,,coffee,Graduated College,null,68780,1774532101633,1774532032853,male,4,3,true,English,62c5fbbb796500bb5406d772,69c535bbe3146a4e5e0f3b72,69c454f0a957309ec861affe,3760,trial
3726,good,34,,,concert,Graduated College,☺️,68780,1774532101633,1774532032853,male,5,7,true,English,62c5fbbb796500bb5406d772,69c535bbe3146a4e5e0f3b72,69c454f0a957309ec861affe,4599,trial
3726,terrible,34,1,,movie,Graduated College,😊,68780,1774532101633,1774532032853,male,0,1,true,English,62c5fbbb796500bb5406d772,69c535bbe3146a4e5e0f3b72,69c454f0a957309ec861affe,3292,attention
3726,okay,34,,,coffee,Graduated College,😐,68780,1774532101633,1774532032853,male,5,5,true,English,62c5fbbb796500bb5406d772,69c535bbe3146a4e5e0f3b72,69c454f0a957309ec861affe,3286,trial
3726,amazing,34,,,concert,Graduated College,null,68780,1774532101633,1774532032853,male,6,7,true,English,62c5fbbb796500bb5406d772,69c535bbe3146a4e5e0f3b72,69c454f0a957309ec861affe,3568,trial
3726,good,34,,,party,Graduated College,null,68780,1774532101633,1774532032853,male,4,5,true,English,62c5fbbb796500bb5406d772,69c535bbe3146a4e5e0f3b72,69c454f0a957309ec861affe,5225,trial
3726,terrible,34,3,,party,Graduated College,🙁,68780,1774532101633,1774532032853,male,0,3,true,English,62c5fbbb796500bb5406d772,69c535bbe3146a4e5e0f3b72,69c454f0a957309ec861affe,3527,attention
3726,bad,34,,,pizza,Graduated College,🙁,68780,1774532101633,1774532032853,male,4,3,true,English,62c5fbbb796500bb5406d772,69c535bbe3146a4e5e0f3b72,69c454f0a957309ec861affe,6173,trial
3726,okay,34,,,coffee,Graduated College,null,68780,1774532101633,1774532032853,male,4,5,true,English,62c5fbbb796500bb5406d772,69c535bbe3146a4e5e0f3b72,69c454f0a957309ec861affe,3165,trial
3726,amazing,34,,,restaurant meal,Graduated College,😊,68780,1774532101633,1774532032853,male,6,6,true,English,62c5fbbb796500bb5406d772,69c535bbe3146a4e5e0f3b72,69c454f0a957309ec861affe,4165,trial
3726,terrible,34,,,cookie,Graduated College,null,68780,1774532101633,1774532032853,male,3,3,true,English,62c5fbbb796500bb5406d772,69c535bbe3146a4e5e0f3b72,69c454f0a957309ec861affe,3376,trial
3729,bad,25,,,concert,Graduated College,null,193611,1774532104247,1774531910636,female,2,2,true,English,6669f64ecd7e3ec30632f607,69c534f318932e7e878f9b34,69c454f0a957309ec861affe,23390,trial
3729,good,25,,,restaurant meal,Graduated College,😊,193611,1774532104247,1774531910636,female,3,8,true,English,6669f64ecd7e3ec30632f607,69c534f318932e7e878f9b34,69c454f0a957309ec861affe,18342,trial
3729,okay,25,,,pizza,Graduated College,😗,193611,1774532104247,1774531910636,female,5,7,true,English,6669f64ecd7e3ec30632f607,69c534f318932e7e878f9b34,69c454f0a957309ec861affe,10163,trial
3729,okay,25,5,,cookie,Graduated College,😔,193611,1774532104247,1774531910636,female,0,5,true,English,6669f64ecd7e3ec30632f607,69c534f318932e7e878f9b34,69c454f0a957309ec861affe,8799,attention
3729,terrible,25,,,movie,Graduated College,😩,193611,1774532104247,1774531910636,female,4,3,true,English,6669f64ecd7e3ec30632f607,69c534f318932e7e878f9b34,69c454f0a957309ec861affe,12112,trial
3729,amazing,25,,,cookie,Graduated College,😆,193611,1774532104247,1774531910636,female,7,8,true,English,6669f64ecd7e3ec30632f607,69c534f318932e7e878f9b34,69c454f0a957309ec861affe,11283,trial
3729,good,25,,,restaurant meal,Graduated College,null,193611,1774532104247,1774531910636,female,3,6,true,English,6669f64ecd7e3ec30632f607,69c534f318932e7e878f9b34,69c454f0a957309ec861affe,10538,trial
3729,bad,25,3,,coffee,Graduated College,😗,193611,1774532104247,1774531910636,female,0,3,true,English,6669f64ecd7e3ec30632f607,69c534f318932e7e878f9b34,69c454f0a957309ec861affe,5650,attention
3729,amazing,25,,,cookie,Graduated College,null,193611,1774532104247,1774531910636,female,6,7,true,English,6669f64ecd7e3ec30632f607,69c534f318932e7e878f9b34,69c454f0a957309ec861affe,20409,trial
3729,okay,25,,,coffee,Graduated College,null,193611,1774532104247,1774531910636,female,5,5,true,English,6669f64ecd7e3ec30632f607,69c534f318932e7e878f9b34,69c454f0a957309ec861affe,8766,trial
3729,bad,25,,,coffee,Graduated College,😠,193611,1774532104247,1774531910636,female,3,1,true,English,6669f64ecd7e3ec30632f607,69c534f318932e7e878f9b34,69c454f0a957309ec861affe,9130,trial
3729,terrible,25,,,coffee,Graduated College,null,193611,1774532104247,1774531910636,female,4,3,true,English,6669f64ecd7e3ec30632f607,69c534f318932e7e878f9b34,69c454f0a957309ec861affe,12847,trial
3731,bad,38,,,concert,Graduated College,null,88781,1774532110141,1774532021360,female,3,1,true,English,6659fb37cee75e81ac1c8e5c,69c535af51ed91669af4764a,69c454f0a957309ec861affe,10713,trial
3731,good,38,,,coffee,Graduated College,null,88781,1774532110141,1774532021360,female,2,9,true,English,6659fb37cee75e81ac1c8e5c,69c535af51ed91669af4764a,69c454f0a957309ec861affe,5527,trial
3731,okay,38,,,coffee,Graduated College,😗,88781,1774532110141,1774532021360,female,4,6,true,English,6659fb37cee75e81ac1c8e5c,69c535af51ed91669af4764a,69c454f0a957309ec861affe,6249,trial
3731,okay,38,1,,concert,Graduated College,😩,88781,1774532110141,1774532021360,female,0,1,true,English,6659fb37cee75e81ac1c8e5c,69c535af51ed91669af4764a,69c454f0a957309ec861affe,5016,attention
3731,bad,38,,,cookie,Graduated College,☹️,88781,1774532110141,1774532021360,female,6,1,true,English,6659fb37cee75e81ac1c8e5c,69c535af51ed91669af4764a,69c454f0a957309ec861affe,4999,trial
3731,terrible,38,,,coffee,Graduated College,null,88781,1774532110141,1774532021360,female,3,1,true,English,6659fb37cee75e81ac1c8e5c,69c535af51ed91669af4764a,69c454f0a957309ec861affe,4752,trial
3731,okay,38,,,party,Graduated College,null,88781,1774532110141,1774532021360,female,2,5,true,English,6659fb37cee75e81ac1c8e5c,69c535af51ed91669af4764a,69c454f0a957309ec861affe,4784,trial
3731,okay,38,2,,cookie,Graduated College,😊,88781,1774532110141,1774532021360,female,0,2,true,English,6659fb37cee75e81ac1c8e5c,69c535af51ed91669af4764a,69c454f0a957309ec861affe,2984,attention
3731,amazing,38,,,pizza,Graduated College,☺️,88781,1774532110141,1774532021360,female,7,9,true,English,6659fb37cee75e81ac1c8e5c,69c535af51ed91669af4764a,69c454f0a957309ec861affe,4360,trial
3731,amazing,38,,,pizza,Graduated College,null,88781,1774532110141,1774532021360,female,4,9,true,English,6659fb37cee75e81ac1c8e5c,69c535af51ed91669af4764a,69c454f0a957309ec861affe,3944,trial
3731,terrible,38,,,concert,Graduated College,😠,88781,1774532110141,1774532021360,female,7,1,true,English,6659fb37cee75e81ac1c8e5c,69c535af51ed91669af4764a,69c454f0a957309ec861affe,5664,trial
3731,good,38,,,party,Graduated College,😊,88781,1774532110141,1774532021360,female,6,9,true,English,6659fb37cee75e81ac1c8e5c,69c535af51ed91669af4764a,69c454f0a957309ec861affe,4448,trial
3735,amazing,34,,none,party,Graduated College,null,69011,1774532135195,1774532066184,male,7,8,true,English,5c4f5967aac8be0001716a65,69c534a62e2165e4a0dfe842,69c454f0a957309ec861affe,10403,trial
3735,bad,34,,none,pizza,Graduated College,null,69011,1774532135195,1774532066184,male,4,3,true,English,5c4f5967aac8be0001716a65,69c534a62e2165e4a0dfe842,69c454f0a957309ec861affe,4342,trial
3735,terrible,34,,none,restaurant meal,Graduated College,null,69011,1774532135195,1774532066184,male,6,2,true,English,5c4f5967aac8be0001716a65,69c534a62e2165e4a0dfe842,69c454f0a957309ec861affe,5836,trial
3735,bad,34,5,none,party,Graduated College,😗,69011,1774532135195,1774532066184,male,0,5,true,English,5c4f5967aac8be0001716a65,69c534a62e2165e4a0dfe842,69c454f0a957309ec861affe,2335,attention
3735,good,34,,none,pizza,Graduated College,😊,69011,1774532135195,1774532066184,male,8,7,true,English,5c4f5967aac8be0001716a65,69c534a62e2165e4a0dfe842,69c454f0a957309ec861affe,2839,trial
3735,amazing,34,,none,concert,Graduated College,😊,69011,1774532135195,1774532066184,male,7,6,true,English,5c4f5967aac8be0001716a65,69c534a62e2165e4a0dfe842,69c454f0a957309ec861affe,2064,trial
3735,okay,34,,none,restaurant meal,Graduated College,null,69011,1774532135195,1774532066184,male,5,5,true,English,5c4f5967aac8be0001716a65,69c534a62e2165e4a0dfe842,69c454f0a957309ec861affe,3211,trial
3735,okay,34,1,none,concert,Graduated College,😠,69011,1774532135195,1774532066184,male,0,1,true,English,5c4f5967aac8be0001716a65,69c534a62e2165e4a0dfe842,69c454f0a957309ec861affe,2691,attention
3735,terrible,34,,none,pizza,Graduated College,☹️,69011,1774532135195,1774532066184,male,7,2,true,English,5c4f5967aac8be0001716a65,69c534a62e2165e4a0dfe842,69c454f0a957309ec861affe,4875,trial
3735,bad,34,,none,cookie,Graduated College,😔,69011,1774532135195,1774532066184,male,6,3,true,English,5c4f5967aac8be0001716a65,69c534a62e2165e4a0dfe842,69c454f0a957309ec861affe,3150,trial
3735,good,34,,none,concert,Graduated College,null,69011,1774532135195,1774532066184,male,6,5,true,English,5c4f5967aac8be0001716a65,69c534a62e2165e4a0dfe842,69c454f0a957309ec861affe,2864,trial
3735,okay,34,,none,movie,Graduated College,😐,69011,1774532135195,1774532066184,male,4,4,true,English,5c4f5967aac8be0001716a65,69c534a62e2165e4a0dfe842,69c454f0a957309ec861affe,3524,trial
3744,bad,21,,,concert,Higher degree,null,120337,1774532174754,1774532054417,male,8,2,true,,69a70bea789e2c70040085c9,69c535d0dc111b71edffe51c,69c454f0a957309ec861affe,8940,trial
3744,good,21,,,coffee,Higher degree,😆,120337,1774532174754,1774532054417,male,7,8,true,,69a70bea789e2c70040085c9,69c535d0dc111b71edffe51c,69c454f0a957309ec861affe,9109,trial
3744,amazing,21,,,movie,Higher degree,null,120337,1774532174754,1774532054417,male,9,9,true,,69a70bea789e2c70040085c9,69c535d0dc111b71edffe51c,69c454f0a957309ec861affe,6648,trial
3744,good,21,3,,movie,Higher degree,😐,120337,1774532174754,1774532054417,male,0,3,true,,69a70bea789e2c70040085c9,69c535d0dc111b71edffe51c,69c454f0a957309ec861affe,7623,attention
3744,terrible,21,,,concert,Higher degree,😔,120337,1774532174754,1774532054417,male,4,1,true,,69a70bea789e2c70040085c9,69c535d0dc111b71edffe51c,69c454f0a957309ec861affe,8839,trial
3744,okay,21,,,concert,Higher degree,null,120337,1774532174754,1774532054417,male,5,5,true,,69a70bea789e2c70040085c9,69c535d0dc111b71edffe51c,69c454f0a957309ec861affe,6203,trial
3744,good,21,,,pizza,Higher degree,null,120337,1774532174754,1774532054417,male,2,7,true,,69a70bea789e2c70040085c9,69c535d0dc111b71edffe51c,69c454f0a957309ec861affe,8234,trial
3744,bad,21,1,,cookie,Higher degree,☹️,120337,1774532174754,1774532054417,male,0,1,true,,69a70bea789e2c70040085c9,69c535d0dc111b71edffe51c,69c454f0a957309ec861affe,5381,attention
3744,bad,21,,,concert,Higher degree,🙁,120337,1774532174754,1774532054417,male,6,2,true,,69a70bea789e2c70040085c9,69c535d0dc111b71edffe51c,69c454f0a957309ec861affe,6243,trial
3744,okay,21,,,movie,Higher degree,😐,120337,1774532174754,1774532054417,male,2,5,true,,69a70bea789e2c70040085c9,69c535d0dc111b71edffe51c,69c454f0a957309ec861affe,8567,trial
3744,amazing,21,,,party,Higher degree,🙂,120337,1774532174754,1774532054417,male,7,8,true,,69a70bea789e2c70040085c9,69c535d0dc111b71edffe51c,69c454f0a957309ec861affe,5118,trial
3744,terrible,21,,,movie,Higher degree,null,120337,1774532174754,1774532054417,male,4,1,true,,69a70bea789e2c70040085c9,69c535d0dc111b71edffe51c,69c454f0a957309ec861affe,7019,trial
3758,amazing,49,,,coffee,Graduated College,☺️,472693,1774532599128,1774532126435,female,8,9,true,ENGLISH,677afb901c6dd9780bdcca85,69c5358df08cac3e0b98703d,69c454f0a957309ec861affe,22236,trial
3758,amazing,49,,,coffee,Graduated College,null,472693,1774532599128,1774532126435,female,9,9,true,ENGLISH,677afb901c6dd9780bdcca85,69c5358df08cac3e0b98703d,69c454f0a957309ec861affe,19822,trial
3758,good,49,,,movie,Graduated College,null,472693,1774532599128,1774532126435,female,8,9,true,ENGLISH,677afb901c6dd9780bdcca85,69c5358df08cac3e0b98703d,69c454f0a957309ec861affe,46870,trial
3758,okay,49,3,,coffee,Graduated College,☹️,472693,1774532599128,1774532126435,female,0,3,true,ENGLISH,677afb901c6dd9780bdcca85,69c5358df08cac3e0b98703d,69c454f0a957309ec861affe,12515,attention
3758,good,49,,,party,Graduated College,🙂,472693,1774532599128,1774532126435,female,9,9,true,ENGLISH,677afb901c6dd9780bdcca85,69c5358df08cac3e0b98703d,69c454f0a957309ec861affe,12144,trial
3758,okay,49,,,cookie,Graduated College,null,472693,1774532599128,1774532126435,female,7,8,true,ENGLISH,677afb901c6dd9780bdcca85,69c5358df08cac3e0b98703d,69c454f0a957309ec861affe,25334,trial
3758,okay,49,,,pizza,Graduated College,😗,472693,1774532599128,1774532126435,female,8,9,true,ENGLISH,677afb901c6dd9780bdcca85,69c5358df08cac3e0b98703d,69c454f0a957309ec861affe,24182,trial
3758,okay,49,5,,cookie,Graduated College,😐,472693,1774532599128,1774532126435,female,0,5,true,ENGLISH,677afb901c6dd9780bdcca85,69c5358df08cac3e0b98703d,69c454f0a957309ec861affe,14667,attention
3758,bad,49,,,coffee,Graduated College,😩,472693,1774532599128,1774532126435,female,3,1,true,ENGLISH,677afb901c6dd9780bdcca85,69c5358df08cac3e0b98703d,69c454f0a957309ec861affe,12573,trial
3758,bad,49,,,pizza,Graduated College,null,472693,1774532599128,1774532126435,female,2,1,true,ENGLISH,677afb901c6dd9780bdcca85,69c5358df08cac3e0b98703d,69c454f0a957309ec861affe,13049,trial
3758,terrible,49,,,pizza,Graduated College,null,472693,1774532599128,1774532126435,female,1,1,true,ENGLISH,677afb901c6dd9780bdcca85,69c5358df08cac3e0b98703d,69c454f0a957309ec861affe,15426,trial
3758,terrible,49,,,coffee,Graduated College,😩,472693,1774532599128,1774532126435,female,1,1,true,ENGLISH,677afb901c6dd9780bdcca85,69c5358df08cac3e0b98703d,69c454f0a957309ec861affe,35982,trial
3737,okay,32,,None,movie,Graduated High-school,😐,118953,1774532143898,1774532024945,female,4,4,true,English,5c2d0d21e263990001799ef3,69c535ad2f217234eaee197e,69c454f0a957309ec861affe,12446,trial
3737,bad,32,,None,coffee,Graduated High-school,😔,118953,1774532143898,1774532024945,female,2,1,true,English,5c2d0d21e263990001799ef3,69c535ad2f217234eaee197e,69c454f0a957309ec861affe,9520,trial
3737,bad,32,,None,coffee,Graduated High-school,null,118953,1774532143898,1774532024945,female,3,1,true,English,5c2d0d21e263990001799ef3,69c535ad2f217234eaee197e,69c454f0a957309ec861affe,9011,trial
3737,amazing,32,3,None,cookie,Graduated High-school,☹️,118953,1774532143898,1774532024945,female,0,3,true,English,5c2d0d21e263990001799ef3,69c535ad2f217234eaee197e,69c454f0a957309ec861affe,4881,attention
3737,terrible,32,,None,party,Graduated High-school,😔,118953,1774532143898,1774532024945,female,2,1,true,English,5c2d0d21e263990001799ef3,69c535ad2f217234eaee197e,69c454f0a957309ec861affe,5256,trial
3737,amazing,32,,None,party,Graduated High-school,null,118953,1774532143898,1774532024945,female,6,9,true,English,5c2d0d21e263990001799ef3,69c535ad2f217234eaee197e,69c454f0a957309ec861affe,11554,trial
3737,terrible,32,,None,coffee,Graduated High-school,null,118953,1774532143898,1774532024945,female,2,2,true,English,5c2d0d21e263990001799ef3,69c535ad2f217234eaee197e,69c454f0a957309ec861affe,5260,trial
3737,amazing,32,3,None,cookie,Graduated High-school,☺️,118953,1774532143898,1774532024945,female,0,3,true,English,5c2d0d21e263990001799ef3,69c535ad2f217234eaee197e,69c454f0a957309ec861affe,3645,attention
3737,good,32,,None,movie,Graduated High-school,null,118953,1774532143898,1774532024945,female,4,5,true,English,5c2d0d21e263990001799ef3,69c535ad2f217234eaee197e,69c454f0a957309ec861affe,6489,trial
3737,amazing,32,,None,concert,Graduated High-school,☺️,118953,1774532143898,1774532024945,female,8,9,true,English,5c2d0d21e263990001799ef3,69c535ad2f217234eaee197e,69c454f0a957309ec861affe,5913,trial
3737,okay,32,,None,movie,Graduated High-school,null,118953,1774532143898,1774532024945,female,5,5,true,English,5c2d0d21e263990001799ef3,69c535ad2f217234eaee197e,69c454f0a957309ec861affe,5594,trial
3737,good,32,,None,restaurant meal,Graduated High-school,😊,118953,1774532143898,1774532024945,female,7,7,true,English,5c2d0d21e263990001799ef3,69c535ad2f217234eaee197e,69c454f0a957309ec861affe,10578,trial
3748,amazing,25,,"The survey was good, thank you",coffee,Graduated College,🙂,413356,1774532248223,1774531834867,female,9,9,true,English,69a2184961d848728def38d5,69c534edd2ea1375f1b8af56,69c454f0a957309ec861affe,73819,trial
3748,good,25,,"The survey was good, thank you",party,Graduated College,null,413356,1774532248223,1774531834867,female,9,9,true,English,69a2184961d848728def38d5,69c534edd2ea1375f1b8af56,69c454f0a957309ec861affe,52806,trial
3748,okay,25,,"The survey was good, thank you",coffee,Graduated College,null,413356,1774532248223,1774531834867,female,9,9,true,English,69a2184961d848728def38d5,69c534edd2ea1375f1b8af56,69c454f0a957309ec861affe,16935,trial
3748,okay,25,1,"The survey was good, thank you",cookie,Graduated College,😀,413356,1774532248223,1774531834867,female,0,1,true,English,69a2184961d848728def38d5,69c534edd2ea1375f1b8af56,69c454f0a957309ec861affe,16335,attention
3748,bad,25,,"The survey was good, thank you",party,Graduated College,null,413356,1774532248223,1774531834867,female,1,1,true,English,69a2184961d848728def38d5,69c534edd2ea1375f1b8af56,69c454f0a957309ec861affe,13001,trial
3748,bad,25,,"The survey was good, thank you",party,Graduated College,☹️,413356,1774532248223,1774531834867,female,1,1,true,English,69a2184961d848728def38d5,69c534edd2ea1375f1b8af56,69c454f0a957309ec861affe,13589,trial
3748,good,25,,"The survey was good, thank you",pizza,Graduated College,😆,413356,1774532248223,1774531834867,female,9,9,true,English,69a2184961d848728def38d5,69c534edd2ea1375f1b8af56,69c454f0a957309ec861affe,8766,trial
3748,amazing,25,3,"The survey was good, thank you",restaurant meal,Graduated College,😩,413356,1774532248223,1774531834867,female,0,3,true,English,69a2184961d848728def38d5,69c534edd2ea1375f1b8af56,69c454f0a957309ec861affe,23297,attention
3748,terrible,25,,"The survey was good, thank you",coffee,Graduated College,null,413356,1774532248223,1774531834867,female,1,1,true,English,69a2184961d848728def38d5,69c534edd2ea1375f1b8af56,69c454f0a957309ec861affe,40556,trial
3748,amazing,25,,"The survey was good, thank you",pizza,Graduated College,null,413356,1774532248223,1774531834867,female,9,9,true,English,69a2184961d848728def38d5,69c534edd2ea1375f1b8af56,69c454f0a957309ec861affe,7904,trial
3748,okay,25,,"The survey was good, thank you",party,Graduated College,😗,413356,1774532248223,1774531834867,female,9,9,true,English,69a2184961d848728def38d5,69c534edd2ea1375f1b8af56,69c454f0a957309ec861affe,11827,trial
3748,terrible,25,,"The survey was good, thank you",movie,Graduated College,😩,413356,1774532248223,1774531834867,female,1,1,true,English,69a2184961d848728def38d5,69c534edd2ea1375f1b8af56,69c454f0a957309ec861affe,8193,trial
3754,amazing,22,,,cookie,Graduated High-school,🙂,323111,1774532387938,1774532064827,male,2,9,true,English,69b76b56cbddb2b87f7141ad,69c535d48f4076e6915f03e7,69c454f0a957309ec861affe,19299,trial
3754,okay,22,,,concert,Graduated High-school,😗,323111,1774532387938,1774532064827,male,2,7,true,English,69b76b56cbddb2b87f7141ad,69c535d48f4076e6915f03e7,69c454f0a957309ec861affe,9424,trial
3754,terrible,22,,,party,Graduated High-school,😠,323111,1774532387938,1774532064827,male,7,2,true,English,69b76b56cbddb2b87f7141ad,69c535d48f4076e6915f03e7,69c454f0a957309ec861affe,19692,trial
3754,okay,22,4,,movie,Graduated High-school,😩,323111,1774532387938,1774532064827,male,0,4,true,English,69b76b56cbddb2b87f7141ad,69c535d48f4076e6915f03e7,69c454f0a957309ec861affe,9380,attention
3754,amazing,22,,,pizza,Graduated High-school,null,323111,1774532387938,1774532064827,male,3,8,true,English,69b76b56cbddb2b87f7141ad,69c535d48f4076e6915f03e7,69c454f0a957309ec861affe,8740,trial
3754,good,22,,,coffee,Graduated High-school,null,323111,1774532387938,1774532064827,male,3,7,true,English,69b76b56cbddb2b87f7141ad,69c535d48f4076e6915f03e7,69c454f0a957309ec861affe,76127,trial
3754,terrible,22,,,restaurant meal,Graduated High-school,null,323111,1774532387938,1774532064827,male,7,3,true,English,69b76b56cbddb2b87f7141ad,69c535d48f4076e6915f03e7,69c454f0a957309ec861affe,9043,trial
3754,bad,22,2,,concert,Graduated High-school,😐,323111,1774532387938,1774532064827,male,0,2,true,English,69b76b56cbddb2b87f7141ad,69c535d48f4076e6915f03e7,69c454f0a957309ec861affe,5542,attention
3754,okay,22,,,cookie,Graduated High-school,null,323111,1774532387938,1774532064827,male,3,6,true,English,69b76b56cbddb2b87f7141ad,69c535d48f4076e6915f03e7,69c454f0a957309ec861affe,7727,trial
3754,bad,22,,,restaurant meal,Graduated High-school,😔,323111,1774532387938,1774532064827,male,6,3,true,English,69b76b56cbddb2b87f7141ad,69c535d48f4076e6915f03e7,69c454f0a957309ec861affe,10738,trial
3754,good,22,,,party,Graduated High-school,🙂,323111,1774532387938,1774532064827,male,7,7,true,English,69b76b56cbddb2b87f7141ad,69c535d48f4076e6915f03e7,69c454f0a957309ec861affe,6628,trial
3754,bad,22,,,concert,Graduated High-school,null,323111,1774532387938,1774532064827,male,5,3,true,English,69b76b56cbddb2b87f7141ad,69c535d48f4076e6915f03e7,69c454f0a957309ec861affe,5462,trial
3755,okay,47,,,movie,Graduated College,null,642315,1774532398549,1774531756234,female,1,5,true,English,62b9c2f1e55fe9f17dfedc5d,69c534a4eef264580d4f60d7,69c454f0a957309ec861affe,26221,trial
3755,amazing,47,,,movie,Graduated College,🙂,642315,1774532398549,1774531756234,female,8,8,true,English,62b9c2f1e55fe9f17dfedc5d,69c534a4eef264580d4f60d7,69c454f0a957309ec861affe,10710,trial
3755,good,47,,,party,Graduated College,null,642315,1774532398549,1774531756234,female,6,8,true,English,62b9c2f1e55fe9f17dfedc5d,69c534a4eef264580d4f60d7,69c454f0a957309ec861affe,27584,trial
3755,good,47,1,,coffee,Graduated College,😀,642315,1774532398549,1774531756234,female,0,1,true,English,62b9c2f1e55fe9f17dfedc5d,69c534a4eef264580d4f60d7,69c454f0a957309ec861affe,7467,attention
3755,terrible,47,,,restaurant meal,Graduated College,null,642315,1774532398549,1774531756234,female,7,1,true,English,62b9c2f1e55fe9f17dfedc5d,69c534a4eef264580d4f60d7,69c454f0a957309ec861affe,20820,trial
3755,bad,47,,,movie,Graduated College,🙁,642315,1774532398549,1774531756234,female,7,2,true,English,62b9c2f1e55fe9f17dfedc5d,69c534a4eef264580d4f60d7,69c454f0a957309ec861affe,10888,trial
3755,bad,47,,,pizza,Graduated College,null,642315,1774532398549,1774531756234,female,6,2,true,English,62b9c2f1e55fe9f17dfedc5d,69c534a4eef264580d4f60d7,69c454f0a957309ec861affe,18720,trial
3755,okay,47,3,,movie,Graduated College,😀,642315,1774532398549,1774531756234,female,0,3,true,English,62b9c2f1e55fe9f17dfedc5d,69c534a4eef264580d4f60d7,69c454f0a957309ec861affe,7880,attention
3755,amazing,47,,,pizza,Graduated College,null,642315,1774532398549,1774531756234,female,7,8,true,English,62b9c2f1e55fe9f17dfedc5d,69c534a4eef264580d4f60d7,69c454f0a957309ec861affe,7874,trial
3755,good,47,,,concert,Graduated College,😆,642315,1774532398549,1774531756234,female,7,8,true,English,62b9c2f1e55fe9f17dfedc5d,69c534a4eef264580d4f60d7,69c454f0a957309ec861affe,8235,trial
3755,terrible,47,,,restaurant meal,Graduated College,😠,642315,1774532398549,1774531756234,female,7,2,true,English,62b9c2f1e55fe9f17dfedc5d,69c534a4eef264580d4f60d7,69c454f0a957309ec861affe,9891,trial
3755,okay,47,,,restaurant meal,Graduated College,😐,642315,1774532398549,1774531756234,female,2,5,true,English,62b9c2f1e55fe9f17dfedc5d,69c534a4eef264580d4f60d7,69c454f0a957309ec861affe,5552,trial
3759,good,40,,No,movie,Higher degree,null,718962,1774532580863,1774531861901,male,6,8,true,English,5c66d6a50d7f5f00014b8ab0,69c5350f2946beafdfd639cf,69c454f0a957309ec861affe,5543,trial
3759,amazing,40,,No,movie,Higher degree,😀,718962,1774532580863,1774531861901,male,9,9,true,English,5c66d6a50d7f5f00014b8ab0,69c5350f2946beafdfd639cf,69c454f0a957309ec861affe,3409,trial
3759,terrible,40,,No,restaurant meal,Higher degree,null,718962,1774532580863,1774531861901,male,5,1,true,English,5c66d6a50d7f5f00014b8ab0,69c5350f2946beafdfd639cf,69c454f0a957309ec861affe,4019,trial
3759,amazing,40,1,No,pizza,Higher degree,☹️,718962,1774532580863,1774531861901,male,0,1,true,English,5c66d6a50d7f5f00014b8ab0,69c5350f2946beafdfd639cf,69c454f0a957309ec861affe,4846,attention
3759,terrible,40,,No,restaurant meal,Higher degree,😔,718962,1774532580863,1774531861901,male,6,1,true,English,5c66d6a50d7f5f00014b8ab0,69c5350f2946beafdfd639cf,69c454f0a957309ec861affe,5317,trial
3759,amazing,40,,No,movie,Higher degree,null,718962,1774532580863,1774531861901,male,8,9,true,English,5c66d6a50d7f5f00014b8ab0,69c5350f2946beafdfd639cf,69c454f0a957309ec861affe,2781,trial
3759,good,40,,No,pizza,Higher degree,😊,718962,1774532580863,1774531861901,male,7,7,true,English,5c66d6a50d7f5f00014b8ab0,69c5350f2946beafdfd639cf,69c454f0a957309ec861affe,2760,trial
3759,good,40,4,No,restaurant meal,Higher degree,😐,718962,1774532580863,1774531861901,male,0,4,true,English,5c66d6a50d7f5f00014b8ab0,69c5350f2946beafdfd639cf,69c454f0a957309ec861affe,2528,attention
3759,okay,40,,No,coffee,Higher degree,null,718962,1774532580863,1774531861901,male,5,5,true,English,5c66d6a50d7f5f00014b8ab0,69c5350f2946beafdfd639cf,69c454f0a957309ec861affe,3468,trial
3759,bad,40,,No,pizza,Higher degree,null,718962,1774532580863,1774531861901,male,4,2,true,English,5c66d6a50d7f5f00014b8ab0,69c5350f2946beafdfd639cf,69c454f0a957309ec861affe,3981,trial
3759,bad,40,,No,pizza,Higher degree,😠,718962,1774532580863,1774531861901,male,7,1,true,English,5c66d6a50d7f5f00014b8ab0,69c5350f2946beafdfd639cf,69c454f0a957309ec861affe,3582,trial
3759,okay,40,,No,pizza,Higher degree,😗,718962,1774532580863,1774531861901,male,5,5,true,English,5c66d6a50d7f5f00014b8ab0,69c5350f2946beafdfd639cf,69c454f0a957309ec861affe,2665,trial
3738,good,42,,,party,Graduated High-school,🙂,198374,1774532145899,1774531947525,female,1,8,true,English,65707ef834f5c6af96da98ce,69c53541247077d1915e4364,69c454f0a957309ec861affe,12614,trial
3738,terrible,42,,,movie,Graduated High-school,😩,198374,1774532145899,1774531947525,female,5,1,true,English,65707ef834f5c6af96da98ce,69c53541247077d1915e4364,69c454f0a957309ec861affe,12562,trial
3738,okay,42,,,coffee,Graduated High-school,null,198374,1774532145899,1774531947525,female,1,5,true,English,65707ef834f5c6af96da98ce,69c53541247077d1915e4364,69c454f0a957309ec861affe,8990,trial
3738,amazing,42,2,,coffee,Graduated High-school,😀,198374,1774532145899,1774531947525,female,0,2,true,English,65707ef834f5c6af96da98ce,69c53541247077d1915e4364,69c454f0a957309ec861affe,6633,attention
3738,terrible,42,,,concert,Graduated High-school,null,198374,1774532145899,1774531947525,female,1,1,true,English,65707ef834f5c6af96da98ce,69c53541247077d1915e4364,69c454f0a957309ec861affe,9897,trial
3738,good,42,,,concert,Graduated High-school,null,198374,1774532145899,1774531947525,female,1,5,true,English,65707ef834f5c6af96da98ce,69c53541247077d1915e4364,69c454f0a957309ec861affe,9880,trial
3738,okay,42,,,party,Graduated High-school,😗,198374,1774532145899,1774531947525,female,1,5,true,English,65707ef834f5c6af96da98ce,69c53541247077d1915e4364,69c454f0a957309ec861affe,9668,trial
3738,amazing,42,3,,cookie,Graduated High-school,😐,198374,1774532145899,1774531947525,female,0,3,true,English,65707ef834f5c6af96da98ce,69c53541247077d1915e4364,69c454f0a957309ec861affe,9422,attention
3738,amazing,42,,,restaurant meal,Graduated High-school,null,198374,1774532145899,1774531947525,female,1,8,true,English,65707ef834f5c6af96da98ce,69c53541247077d1915e4364,69c454f0a957309ec861affe,14467,trial
3738,bad,42,,,coffee,Graduated High-school,null,198374,1774532145899,1774531947525,female,2,2,true,English,65707ef834f5c6af96da98ce,69c53541247077d1915e4364,69c454f0a957309ec861affe,8556,trial
3738,amazing,42,,,party,Graduated High-school,☺️,198374,1774532145899,1774531947525,female,7,8,true,English,65707ef834f5c6af96da98ce,69c53541247077d1915e4364,69c454f0a957309ec861affe,27098,trial
3738,bad,42,,,party,Graduated High-school,😠,198374,1774532145899,1774531947525,female,4,1,true,English,65707ef834f5c6af96da98ce,69c53541247077d1915e4364,69c454f0a957309ec861affe,8779,trial
3739,amazing,58,,,coffee,Higher degree,🙂,175049,1774532154182,1774531979133,female,9,9,true,English,69b184dbb93ac525eedb7cf6,69c53577269f9d3899cb7872,69c454f0a957309ec861affe,19342,trial
3739,good,58,,,coffee,Higher degree,🙂,175049,1774532154182,1774531979133,female,7,7,true,English,69b184dbb93ac525eedb7cf6,69c53577269f9d3899cb7872,69c454f0a957309ec861affe,19864,trial
3739,bad,58,,,concert,Higher degree,😔,175049,1774532154182,1774531979133,female,4,3,true,English,69b184dbb93ac525eedb7cf6,69c53577269f9d3899cb7872,69c454f0a957309ec861affe,13972,trial
3739,bad,58,4,,movie,Higher degree,😔,175049,1774532154182,1774531979133,female,0,4,true,English,69b184dbb93ac525eedb7cf6,69c53577269f9d3899cb7872,69c454f0a957309ec861affe,12066,attention
3739,terrible,58,,,movie,Higher degree,null,175049,1774532154182,1774531979133,female,2,2,true,English,69b184dbb93ac525eedb7cf6,69c53577269f9d3899cb7872,69c454f0a957309ec861affe,16632,trial
3739,okay,58,,,coffee,Higher degree,null,175049,1774532154182,1774531979133,female,5,5,true,English,69b184dbb93ac525eedb7cf6,69c53577269f9d3899cb7872,69c454f0a957309ec861affe,8725,trial
3739,amazing,58,,,pizza,Higher degree,null,175049,1774532154182,1774531979133,female,9,9,true,English,69b184dbb93ac525eedb7cf6,69c53577269f9d3899cb7872,69c454f0a957309ec861affe,7554,trial
3739,amazing,58,5,,cookie,Higher degree,😩,175049,1774532154182,1774531979133,female,0,5,true,English,69b184dbb93ac525eedb7cf6,69c53577269f9d3899cb7872,69c454f0a957309ec861affe,4809,attention
3739,okay,58,,,cookie,Higher degree,😐,175049,1774532154182,1774531979133,female,5,5,true,English,69b184dbb93ac525eedb7cf6,69c53577269f9d3899cb7872,69c454f0a957309ec861affe,6635,trial
3739,terrible,58,,,concert,Higher degree,😩,175049,1774532154182,1774531979133,female,1,1,true,English,69b184dbb93ac525eedb7cf6,69c53577269f9d3899cb7872,69c454f0a957309ec861affe,11642,trial
3739,bad,58,,,restaurant meal,Higher degree,null,175049,1774532154182,1774531979133,female,2,2,true,English,69b184dbb93ac525eedb7cf6,69c53577269f9d3899cb7872,69c454f0a957309ec861affe,13384,trial
3739,good,58,,,pizza,Higher degree,null,175049,1774532154182,1774531979133,female,7,7,true,English,69b184dbb93ac525eedb7cf6,69c53577269f9d3899cb7872,69c454f0a957309ec861affe,7371,trial
3745,amazing,39,,,movie,Graduated College,😊,163850,1774532204906,1774532041056,male,9,9,true,English,69838c967c78c6ef18426fba,69c535bd0b03817c0b833cc2,69c454f0a957309ec861affe,12786,trial
3745,bad,39,,,restaurant meal,Graduated College,null,163850,1774532204906,1774532041056,male,3,3,true,English,69838c967c78c6ef18426fba,69c535bd0b03817c0b833cc2,69c454f0a957309ec861affe,6870,trial
3745,okay,39,,,party,Graduated College,😗,163850,1774532204906,1774532041056,male,3,5,true,English,69838c967c78c6ef18426fba,69c535bd0b03817c0b833cc2,69c454f0a957309ec861affe,6528,trial
3745,bad,39,2,,party,Graduated College,😀,163850,1774532204906,1774532041056,male,0,2,true,English,69838c967c78c6ef18426fba,69c535bd0b03817c0b833cc2,69c454f0a957309ec861affe,4326,attention
3745,terrible,39,,,restaurant meal,Graduated College,🙁,163850,1774532204906,1774532041056,male,8,7,true,English,69838c967c78c6ef18426fba,69c535bd0b03817c0b833cc2,69c454f0a957309ec861affe,7033,trial
3745,bad,39,,,movie,Graduated College,😩,163850,1774532204906,1774532041056,male,7,7,true,English,69838c967c78c6ef18426fba,69c535bd0b03817c0b833cc2,69c454f0a957309ec861affe,5696,trial
3745,amazing,39,,,movie,Graduated College,null,163850,1774532204906,1774532041056,male,9,9,true,English,69838c967c78c6ef18426fba,69c535bd0b03817c0b833cc2,69c454f0a957309ec861affe,5900,trial
3745,amazing,39,3,,coffee,Graduated College,😗,163850,1774532204906,1774532041056,male,0,3,true,English,69838c967c78c6ef18426fba,69c535bd0b03817c0b833cc2,69c454f0a957309ec861affe,3671,attention
3745,good,39,,,cookie,Graduated College,null,163850,1774532204906,1774532041056,male,4,5,true,English,69838c967c78c6ef18426fba,69c535bd0b03817c0b833cc2,69c454f0a957309ec861affe,4061,trial
3745,terrible,39,,,pizza,Graduated College,null,163850,1774532204906,1774532041056,male,5,6,true,English,69838c967c78c6ef18426fba,69c535bd0b03817c0b833cc2,69c454f0a957309ec861affe,5219,trial
3745,good,39,,,cookie,Graduated College,😊,163850,1774532204906,1774532041056,male,8,8,true,English,69838c967c78c6ef18426fba,69c535bd0b03817c0b833cc2,69c454f0a957309ec861affe,5451,trial
3745,okay,39,,,concert,Graduated College,null,163850,1774532204906,1774532041056,male,5,5,true,English,69838c967c78c6ef18426fba,69c535bd0b03817c0b833cc2,69c454f0a957309ec861affe,4120,trial
3747,terrible,70,,,pizza,Graduated High-school,😩,267750,1774532206778,1774531939028,female,7,1,true,,5c5c8a688089970001788f30,69c53555b2a9271a8896209d,69c454f0a957309ec861affe,34507,trial
3747,okay,70,,,movie,Graduated High-school,null,267750,1774532206778,1774531939028,female,1,5,true,,5c5c8a688089970001788f30,69c53555b2a9271a8896209d,69c454f0a957309ec861affe,27320,trial
3747,good,70,,,cookie,Graduated High-school,null,267750,1774532206778,1774531939028,female,5,7,true,,5c5c8a688089970001788f30,69c53555b2a9271a8896209d,69c454f0a957309ec861affe,13732,trial
3747,terrible,70,1,,pizza,Graduated High-school,😊,267750,1774532206778,1774531939028,female,0,1,true,,5c5c8a688089970001788f30,69c53555b2a9271a8896209d,69c454f0a957309ec861affe,9376,attention
3747,good,70,,,coffee,Graduated High-school,😀,267750,1774532206778,1774531939028,female,6,9,true,,5c5c8a688089970001788f30,69c53555b2a9271a8896209d,69c454f0a957309ec861affe,20153,trial
3747,bad,70,,,cookie,Graduated High-school,😔,267750,1774532206778,1774531939028,female,5,1,true,,5c5c8a688089970001788f30,69c53555b2a9271a8896209d,69c454f0a957309ec861affe,23015,trial
3747,terrible,70,,,movie,Graduated High-school,null,267750,1774532206778,1774531939028,female,5,1,true,,5c5c8a688089970001788f30,69c53555b2a9271a8896209d,69c454f0a957309ec861affe,19231,trial
3747,good,70,2,,coffee,Graduated High-school,☺️,267750,1774532206778,1774531939028,female,0,2,true,,5c5c8a688089970001788f30,69c53555b2a9271a8896209d,69c454f0a957309ec861affe,10541,attention
3747,okay,70,,,movie,Graduated High-school,😗,267750,1774532206778,1774531939028,female,5,5,true,,5c5c8a688089970001788f30,69c53555b2a9271a8896209d,69c454f0a957309ec861affe,19907,trial
3747,bad,70,,,pizza,Graduated High-school,null,267750,1774532206778,1774531939028,female,6,2,true,,5c5c8a688089970001788f30,69c53555b2a9271a8896209d,69c454f0a957309ec861affe,22456,trial
3747,amazing,70,,,concert,Graduated High-school,😀,267750,1774532206778,1774531939028,female,9,9,true,,5c5c8a688089970001788f30,69c53555b2a9271a8896209d,69c454f0a957309ec861affe,15008,trial
3747,amazing,70,,,pizza,Graduated High-school,null,267750,1774532206778,1774531939028,female,9,9,true,,5c5c8a688089970001788f30,69c53555b2a9271a8896209d,69c454f0a957309ec861affe,13303,trial
3751,okay,49,,,pizza,Graduated College,😗,268295,1774532318078,1774532049783,male,2,5,true,English,69bfa90568c64f3e06f1a32e,69c535b54b404d45e7edb6ae,69c454f0a957309ec861affe,26288,trial
3751,terrible,49,,,pizza,Graduated College,null,268295,1774532318078,1774532049783,male,6,1,true,English,69bfa90568c64f3e06f1a32e,69c535b54b404d45e7edb6ae,69c454f0a957309ec861affe,32480,trial
3751,amazing,49,,,party,Graduated College,😆,268295,1774532318078,1774532049783,male,9,9,true,English,69bfa90568c64f3e06f1a32e,69c535b54b404d45e7edb6ae,69c454f0a957309ec861affe,12174,trial
3751,bad,49,3,,movie,Graduated College,🙂,268295,1774532318078,1774532049783,male,0,3,true,English,69bfa90568c64f3e06f1a32e,69c535b54b404d45e7edb6ae,69c454f0a957309ec861affe,9234,attention
3751,amazing,49,,,pizza,Graduated College,null,268295,1774532318078,1774532049783,male,8,9,true,English,69bfa90568c64f3e06f1a32e,69c535b54b404d45e7edb6ae,69c454f0a957309ec861affe,24702,trial
3751,bad,49,,,party,Graduated College,😠,268295,1774532318078,1774532049783,male,8,1,true,English,69bfa90568c64f3e06f1a32e,69c535b54b404d45e7edb6ae,69c454f0a957309ec861affe,17424,trial
3751,good,49,,,movie,Graduated College,null,268295,1774532318078,1774532049783,male,3,7,true,English,69bfa90568c64f3e06f1a32e,69c535b54b404d45e7edb6ae,69c454f0a957309ec861affe,12528,trial
3751,okay,49,3,,pizza,Graduated College,😊,268295,1774532318078,1774532049783,male,0,3,true,English,69bfa90568c64f3e06f1a32e,69c535b54b404d45e7edb6ae,69c454f0a957309ec861affe,6104,attention
3751,okay,49,,,party,Graduated College,null,268295,1774532318078,1774532049783,male,2,5,true,English,69bfa90568c64f3e06f1a32e,69c535b54b404d45e7edb6ae,69c454f0a957309ec861affe,27634,trial
3751,terrible,49,,,coffee,Graduated College,😠,268295,1774532318078,1774532049783,male,7,1,true,English,69bfa90568c64f3e06f1a32e,69c535b54b404d45e7edb6ae,69c454f0a957309ec861affe,42504,trial
3751,bad,49,,,movie,Graduated College,null,268295,1774532318078,1774532049783,male,2,3,true,English,69bfa90568c64f3e06f1a32e,69c535b54b404d45e7edb6ae,69c454f0a957309ec861affe,11974,trial
3751,good,49,,,party,Graduated College,☺️,268295,1774532318078,1774532049783,male,6,7,true,English,69bfa90568c64f3e06f1a32e,69c535b54b404d45e7edb6ae,69c454f0a957309ec861affe,11456,trial
3756,terrible,54,,,party,Graduated High-school,null,391773,1774532430211,1774532038438,male,6,1,true,English,67ebe8e0a99e50183c34746f,69c534c53ae5e04577774e0f,69c454f0a957309ec861affe,36675,trial
3756,terrible,54,,,concert,Graduated High-school,☹️,391773,1774532430211,1774532038438,male,7,1,true,English,67ebe8e0a99e50183c34746f,69c534c53ae5e04577774e0f,69c454f0a957309ec861affe,51054,trial
3756,bad,54,,,coffee,Graduated High-school,😩,391773,1774532430211,1774532038438,male,7,2,true,English,67ebe8e0a99e50183c34746f,69c534c53ae5e04577774e0f,69c454f0a957309ec861affe,18552,trial
3756,good,54,4,,restaurant meal,Graduated High-school,😗,391773,1774532430211,1774532038438,male,0,4,true,English,67ebe8e0a99e50183c34746f,69c534c53ae5e04577774e0f,69c454f0a957309ec861affe,10316,attention
3756,bad,54,,,pizza,Graduated High-school,null,391773,1774532430211,1774532038438,male,4,3,true,English,67ebe8e0a99e50183c34746f,69c534c53ae5e04577774e0f,69c454f0a957309ec861affe,18631,trial
3756,good,54,,,restaurant meal,Graduated High-school,null,391773,1774532430211,1774532038438,male,3,7,true,English,67ebe8e0a99e50183c34746f,69c534c53ae5e04577774e0f,69c454f0a957309ec861affe,103456,trial
3756,amazing,54,,,cookie,Graduated High-school,null,391773,1774532430211,1774532038438,male,7,9,true,English,67ebe8e0a99e50183c34746f,69c534c53ae5e04577774e0f,69c454f0a957309ec861affe,16515,trial
3756,okay,54,1,,movie,Graduated High-school,☺️,391773,1774532430211,1774532038438,male,0,1,true,English,67ebe8e0a99e50183c34746f,69c534c53ae5e04577774e0f,69c454f0a957309ec861affe,7077,attention
3756,amazing,54,,,cookie,Graduated High-school,☺️,391773,1774532430211,1774532038438,male,8,9,true,English,67ebe8e0a99e50183c34746f,69c534c53ae5e04577774e0f,69c454f0a957309ec861affe,9855,trial
3756,okay,54,,,restaurant meal,Graduated High-school,😗,391773,1774532430211,1774532038438,male,3,5,true,English,67ebe8e0a99e50183c34746f,69c534c53ae5e04577774e0f,69c454f0a957309ec861affe,14502,trial
3756,okay,54,,,cookie,Graduated High-school,null,391773,1774532430211,1774532038438,male,3,5,true,English,67ebe8e0a99e50183c34746f,69c534c53ae5e04577774e0f,69c454f0a957309ec861affe,8819,trial
3756,good,54,,,cookie,Graduated High-school,☺️,391773,1774532430211,1774532038438,male,7,7,true,English,67ebe8e0a99e50183c34746f,69c534c53ae5e04577774e0f,69c454f0a957309ec861affe,22782,trial
3746,terrible,59,,,movie,Graduated High-school,null,181344,1774532206515,1774532025171,female,9,1,true,English ,5b07b3959649530001a3c8c5,69c535b239905015de39a81d,69c454f0a957309ec861affe,16986,trial
3746,amazing,59,,,party,Graduated High-school,null,181344,1774532206515,1774532025171,female,9,9,true,English ,5b07b3959649530001a3c8c5,69c535b239905015de39a81d,69c454f0a957309ec861affe,8535,trial
3746,okay,59,,,concert,Graduated High-school,😗,181344,1774532206515,1774532025171,female,2,6,true,English ,5b07b3959649530001a3c8c5,69c535b239905015de39a81d,69c454f0a957309ec861affe,13706,trial
3746,good,59,4,,party,Graduated High-school,☹️,181344,1774532206515,1774532025171,female,0,4,true,English ,5b07b3959649530001a3c8c5,69c535b239905015de39a81d,69c454f0a957309ec861affe,5273,attention
3746,good,59,,,concert,Graduated High-school,😆,181344,1774532206515,1774532025171,female,4,7,true,English ,5b07b3959649530001a3c8c5,69c535b239905015de39a81d,69c454f0a957309ec861affe,11932,trial
3746,good,59,,,concert,Graduated High-school,null,181344,1774532206515,1774532025171,female,3,6,true,English ,5b07b3959649530001a3c8c5,69c535b239905015de39a81d,69c454f0a957309ec861affe,11605,trial
3746,okay,59,,,coffee,Graduated High-school,null,181344,1774532206515,1774532025171,female,3,5,true,English ,5b07b3959649530001a3c8c5,69c535b239905015de39a81d,69c454f0a957309ec861affe,11770,trial
3746,terrible,59,2,,restaurant meal,Graduated High-school,🙁,181344,1774532206515,1774532025171,female,0,2,true,English ,5b07b3959649530001a3c8c5,69c535b239905015de39a81d,69c454f0a957309ec861affe,4821,attention
3746,bad,59,,,party,Graduated High-school,😩,181344,1774532206515,1774532025171,female,8,1,true,English ,5b07b3959649530001a3c8c5,69c535b239905015de39a81d,69c454f0a957309ec861affe,15037,trial
3746,bad,59,,,movie,Graduated High-school,null,181344,1774532206515,1774532025171,female,7,2,true,English ,5b07b3959649530001a3c8c5,69c535b239905015de39a81d,69c454f0a957309ec861affe,12213,trial
3746,amazing,59,,,restaurant meal,Graduated High-school,😀,181344,1774532206515,1774532025171,female,9,9,true,English ,5b07b3959649530001a3c8c5,69c535b239905015de39a81d,69c454f0a957309ec861affe,10105,trial
3746,terrible,59,,,party,Graduated High-school,🙁,181344,1774532206515,1774532025171,female,9,1,true,English ,5b07b3959649530001a3c8c5,69c535b239905015de39a81d,69c454f0a957309ec861affe,8272,trial
3757,bad,25,,"The survey was good i enjoyed doing it, thank you",party,Graduated College,null,157700,1774532439054,1774532281354,female,1,1,true,English,69a2184961d848728def38d5,69c534edd2ea1375f1b8af56,69c454f0a957309ec861affe,9584,trial
3757,terrible,25,,"The survey was good i enjoyed doing it, thank you",concert,Graduated College,😔,157700,1774532439054,1774532281354,female,1,1,true,English,69a2184961d848728def38d5,69c534edd2ea1375f1b8af56,69c454f0a957309ec861affe,7308,trial
3757,bad,25,,"The survey was good i enjoyed doing it, thank you",restaurant meal,Graduated College,☹️,157700,1774532439054,1774532281354,female,1,1,true,English,69a2184961d848728def38d5,69c534edd2ea1375f1b8af56,69c454f0a957309ec861affe,8746,trial
3757,bad,25,5,"The survey was good i enjoyed doing it, thank you",movie,Graduated College,😗,157700,1774532439054,1774532281354,female,0,5,true,English,69a2184961d848728def38d5,69c534edd2ea1375f1b8af56,69c454f0a957309ec861affe,7639,attention
3757,okay,25,,"The survey was good i enjoyed doing it, thank you",cookie,Graduated College,😐,157700,1774532439054,1774532281354,female,9,9,true,English,69a2184961d848728def38d5,69c534edd2ea1375f1b8af56,69c454f0a957309ec861affe,10166,trial
3757,amazing,25,,"The survey was good i enjoyed doing it, thank you",party,Graduated College,🙂,157700,1774532439054,1774532281354,female,9,9,true,English,69a2184961d848728def38d5,69c534edd2ea1375f1b8af56,69c454f0a957309ec861affe,6193,trial
3757,good,25,,"The survey was good i enjoyed doing it, thank you",coffee,Graduated College,null,157700,1774532439054,1774532281354,female,9,9,true,English,69a2184961d848728def38d5,69c534edd2ea1375f1b8af56,69c454f0a957309ec861affe,7140,trial
3757,terrible,25,1,"The survey was good i enjoyed doing it, thank you",concert,Graduated College,😩,157700,1774532439054,1774532281354,female,0,1,true,English,69a2184961d848728def38d5,69c534edd2ea1375f1b8af56,69c454f0a957309ec861affe,7383,attention
3757,good,25,,"The survey was good i enjoyed doing it, thank you",cookie,Graduated College,😊,157700,1774532439054,1774532281354,female,9,9,true,English,69a2184961d848728def38d5,69c534edd2ea1375f1b8af56,69c454f0a957309ec861affe,6889,trial
3757,terrible,25,,"The survey was good i enjoyed doing it, thank you",pizza,Graduated College,null,157700,1774532439054,1774532281354,female,1,1,true,English,69a2184961d848728def38d5,69c534edd2ea1375f1b8af56,69c454f0a957309ec861affe,6226,trial
3757,okay,25,,"The survey was good i enjoyed doing it, thank you",concert,Graduated College,null,157700,1774532439054,1774532281354,female,8,8,true,English,69a2184961d848728def38d5,69c534edd2ea1375f1b8af56,69c454f0a957309ec861affe,14274,trial
3757,amazing,25,,"The survey was good i enjoyed doing it, thank you",movie,Graduated College,null,157700,1774532439054,1774532281354,female,9,9,true,English,69a2184961d848728def38d5,69c534edd2ea1375f1b8af56,69c454f0a957309ec861affe,5789,trial
3753,good,35,,,coffee,Did not graduate High-school,null,185126,1774532376382,1774532191256,female,6,8,true,"english, french",5962a5b29955ee00015bce98,69c534b4be1d680255af77c7,69c454f0a957309ec861affe,17550,trial
3753,bad,35,,,coffee,Did not graduate High-school,null,185126,1774532376382,1774532191256,female,7,2,true,"english, french",5962a5b29955ee00015bce98,69c534b4be1d680255af77c7,69c454f0a957309ec861affe,18183,trial
3753,okay,35,,,concert,Did not graduate High-school,null,185126,1774532376382,1774532191256,female,3,4,true,"english, french",5962a5b29955ee00015bce98,69c534b4be1d680255af77c7,69c454f0a957309ec861affe,12733,trial
3753,okay,35,5,,restaurant meal,Did not graduate High-school,☺️,185126,1774532376382,1774532191256,female,0,5,true,"english, french",5962a5b29955ee00015bce98,69c534b4be1d680255af77c7,69c454f0a957309ec861affe,12717,attention
3753,terrible,35,,,movie,Did not graduate High-school,😠,185126,1774532376382,1774532191256,female,8,1,true,"english, french",5962a5b29955ee00015bce98,69c534b4be1d680255af77c7,69c454f0a957309ec861affe,11153,trial
3753,amazing,35,,,party,Did not graduate High-school,🙂,185126,1774532376382,1774532191256,female,9,9,true,"english, french",5962a5b29955ee00015bce98,69c534b4be1d680255af77c7,69c454f0a957309ec861affe,6512,trial
3753,amazing,35,,,concert,Did not graduate High-school,null,185126,1774532376382,1774532191256,female,9,9,true,"english, french",5962a5b29955ee00015bce98,69c534b4be1d680255af77c7,69c454f0a957309ec861affe,10783,trial
3753,okay,35,2,,concert,Did not graduate High-school,😩,185126,1774532376382,1774532191256,female,0,2,true,"english, french",5962a5b29955ee00015bce98,69c534b4be1d680255af77c7,69c454f0a957309ec861affe,7850,attention
3753,terrible,35,,,party,Did not graduate High-school,null,185126,1774532376382,1774532191256,female,6,1,true,"english, french",5962a5b29955ee00015bce98,69c534b4be1d680255af77c7,69c454f0a957309ec861affe,13316,trial
3753,good,35,,,restaurant meal,Did not graduate High-school,😀,185126,1774532376382,1774532191256,female,8,7,true,"english, french",5962a5b29955ee00015bce98,69c534b4be1d680255af77c7,69c454f0a957309ec861affe,5934,trial
3753,okay,35,,,coffee,Did not graduate High-school,😗,185126,1774532376382,1774532191256,female,7,4,true,"english, french",5962a5b29955ee00015bce98,69c534b4be1d680255af77c7,69c454f0a957309ec861affe,11985,trial
3753,bad,35,,,concert,Did not graduate High-school,😠,185126,1774532376382,1774532191256,female,8,2,true,"english, french",5962a5b29955ee00015bce98,69c534b4be1d680255af77c7,69c454f0a957309ec861affe,6065,trial
3760,okay,28,,,coffee,Graduated College,😐,843396,1774532730858,1774531887462,male,5,7,true,english,58adfc6e7cf56d0001f931a2,69c5351376ded93ee8a336a3,69c454f0a957309ec861affe,5801,trial
3760,amazing,28,,,restaurant meal,Graduated College,null,843396,1774532730858,1774531887462,male,6,6,true,english,58adfc6e7cf56d0001f931a2,69c5351376ded93ee8a336a3,69c454f0a957309ec861affe,2787,trial
3760,terrible,28,,,concert,Graduated College,null,843396,1774532730858,1774531887462,male,6,5,true,english,58adfc6e7cf56d0001f931a2,69c5351376ded93ee8a336a3,69c454f0a957309ec861affe,2346,trial
3760,terrible,28,4,,restaurant meal,Graduated College,☺️,843396,1774532730858,1774531887462,male,0,4,true,english,58adfc6e7cf56d0001f931a2,69c5351376ded93ee8a336a3,69c454f0a957309ec861affe,4394,attention
3760,amazing,28,,,coffee,Graduated College,😆,843396,1774532730858,1774531887462,male,7,6,true,english,58adfc6e7cf56d0001f931a2,69c5351376ded93ee8a336a3,69c454f0a957309ec861affe,3454,trial
3760,good,28,,,pizza,Graduated College,null,843396,1774532730858,1774531887462,male,7,6,true,english,58adfc6e7cf56d0001f931a2,69c5351376ded93ee8a336a3,69c454f0a957309ec861affe,4733,trial
3760,terrible,28,,,party,Graduated College,🙁,843396,1774532730858,1774531887462,male,5,2,true,english,58adfc6e7cf56d0001f931a2,69c5351376ded93ee8a336a3,69c454f0a957309ec861affe,6068,trial
3760,good,28,4,,pizza,Graduated College,😩,843396,1774532730858,1774531887462,male,0,4,true,english,58adfc6e7cf56d0001f931a2,69c5351376ded93ee8a336a3,69c454f0a957309ec861affe,2468,attention
3760,bad,28,,,concert,Graduated College,null,843396,1774532730858,1774531887462,male,5,6,true,english,58adfc6e7cf56d0001f931a2,69c5351376ded93ee8a336a3,69c454f0a957309ec861affe,4270,trial
3760,bad,28,,,pizza,Graduated College,😠,843396,1774532730858,1774531887462,male,4,3,true,english,58adfc6e7cf56d0001f931a2,69c5351376ded93ee8a336a3,69c454f0a957309ec861affe,24110,trial
3760,good,28,,,restaurant meal,Graduated College,☺️,843396,1774532730858,1774531887462,male,7,6,true,english,58adfc6e7cf56d0001f931a2,69c5351376ded93ee8a336a3,69c454f0a957309ec861affe,17002,trial
3760,okay,28,,,concert,Graduated College,null,843396,1774532730858,1774531887462,male,7,6,true,english,58adfc6e7cf56d0001f931a2,69c5351376ded93ee8a336a3,69c454f0a957309ec861affe,56688,trial
3761,good,30,,,concert,Graduated College,☺️,130393,1774532775073,1774532644680,male,7,7,true,English,69a6f402b6703853961d4d30,69c53815d232450249674cca,69c454f0a957309ec861affe,12330,trial
3761,amazing,30,,,pizza,Graduated College,null,130393,1774532775073,1774532644680,male,6,8,true,English,69a6f402b6703853961d4d30,69c53815d232450249674cca,69c454f0a957309ec861affe,6550,trial
3761,bad,30,,,party,Graduated College,null,130393,1774532775073,1774532644680,male,4,3,true,English,69a6f402b6703853961d4d30,69c53815d232450249674cca,69c454f0a957309ec861affe,11468,trial
3761,terrible,30,5,,restaurant meal,Graduated College,☺️,130393,1774532775073,1774532644680,male,0,5,true,English,69a6f402b6703853961d4d30,69c53815d232450249674cca,69c454f0a957309ec861affe,13631,attention
3761,bad,30,,,pizza,Graduated College,🙁,130393,1774532775073,1774532644680,male,4,3,true,English,69a6f402b6703853961d4d30,69c53815d232450249674cca,69c454f0a957309ec861affe,5085,trial
3761,terrible,30,,,party,Graduated College,null,130393,1774532775073,1774532644680,male,3,2,true,English,69a6f402b6703853961d4d30,69c53815d232450249674cca,69c454f0a957309ec861affe,6048,trial
3761,good,30,,,coffee,Graduated College,null,130393,1774532775073,1774532644680,male,5,6,true,English,69a6f402b6703853961d4d30,69c53815d232450249674cca,69c454f0a957309ec861affe,6134,trial
3761,terrible,30,5,,coffee,Graduated College,☹️,130393,1774532775073,1774532644680,male,0,5,true,English,69a6f402b6703853961d4d30,69c53815d232450249674cca,69c454f0a957309ec861affe,5666,attention
3761,terrible,30,,,restaurant meal,Graduated College,😩,130393,1774532775073,1774532644680,male,6,2,true,English,69a6f402b6703853961d4d30,69c53815d232450249674cca,69c454f0a957309ec861affe,11967,trial
3761,amazing,30,,,concert,Graduated College,😀,130393,1774532775073,1774532644680,male,6,7,true,English,69a6f402b6703853961d4d30,69c53815d232450249674cca,69c454f0a957309ec861affe,5136,trial
3761,okay,30,,,concert,Graduated College,😐,130393,1774532775073,1774532644680,male,3,5,true,English,69a6f402b6703853961d4d30,69c53815d232450249674cca,69c454f0a957309ec861affe,6130,trial
3761,okay,30,,,coffee,Graduated College,null,130393,1774532775073,1774532644680,male,2,5,true,English,69a6f402b6703853961d4d30,69c53815d232450249674cca,69c454f0a957309ec861affe,4767,trial
3762,good,39,,,cookie,Higher degree,null,81931,1774532818595,1774532736664,male,7,7,true,English,676f2ff678d74407b518207d,69c5387ad2c98e493223de7d,69c454f0a957309ec861affe,6146,trial
3762,terrible,39,,,party,Higher degree,null,81931,1774532818595,1774532736664,male,7,2,true,English,676f2ff678d74407b518207d,69c5387ad2c98e493223de7d,69c454f0a957309ec861affe,5429,trial
3762,good,39,,,cookie,Higher degree,😊,81931,1774532818595,1774532736664,male,8,8,true,English,676f2ff678d74407b518207d,69c5387ad2c98e493223de7d,69c454f0a957309ec861affe,5830,trial
3762,terrible,39,5,,restaurant meal,Higher degree,☺️,81931,1774532818595,1774532736664,male,0,5,true,English,676f2ff678d74407b518207d,69c5387ad2c98e493223de7d,69c454f0a957309ec861affe,2523,attention
3762,okay,39,,,pizza,Higher degree,null,81931,1774532818595,1774532736664,male,4,4,true,English,676f2ff678d74407b518207d,69c5387ad2c98e493223de7d,69c454f0a957309ec861affe,5892,trial
3762,amazing,39,,,cookie,Higher degree,😆,81931,1774532818595,1774532736664,male,9,9,true,English,676f2ff678d74407b518207d,69c5387ad2c98e493223de7d,69c454f0a957309ec861affe,3296,trial
3762,terrible,39,,,movie,Higher degree,🙁,81931,1774532818595,1774532736664,male,6,2,true,English,676f2ff678d74407b518207d,69c5387ad2c98e493223de7d,69c454f0a957309ec861affe,5930,trial
3762,bad,39,3,,coffee,Higher degree,☺️,81931,1774532818595,1774532736664,male,0,3,true,English,676f2ff678d74407b518207d,69c5387ad2c98e493223de7d,69c454f0a957309ec861affe,4672,attention
3762,amazing,39,,,party,Higher degree,null,81931,1774532818595,1774532736664,male,5,7,true,English,676f2ff678d74407b518207d,69c5387ad2c98e493223de7d,69c454f0a957309ec861affe,4360,trial
3762,okay,39,,,restaurant meal,Higher degree,😗,81931,1774532818595,1774532736664,male,3,5,true,English,676f2ff678d74407b518207d,69c5387ad2c98e493223de7d,69c454f0a957309ec861affe,6884,trial
3762,bad,39,,,concert,Higher degree,null,81931,1774532818595,1774532736664,male,5,3,true,English,676f2ff678d74407b518207d,69c5387ad2c98e493223de7d,69c454f0a957309ec861affe,6384,trial
3762,bad,39,,,pizza,Higher degree,🙁,81931,1774532818595,1774532736664,male,6,2,true,English,676f2ff678d74407b518207d,69c5387ad2c98e493223de7d,69c454f0a957309ec861affe,4565,trial
3763,okay,29,,,restaurant meal,Higher degree,😗,98680,1774532821584,1774532722904,male,3,4,true,English,5fefaa63238d4be5c34c0d51,69c5386d674bfbc7d3d679b5,69c454f0a957309ec861affe,10783,trial
3763,good,29,,,restaurant meal,Higher degree,😊,98680,1774532821584,1774532722904,male,6,8,true,English,5fefaa63238d4be5c34c0d51,69c5386d674bfbc7d3d679b5,69c454f0a957309ec861affe,8066,trial
3763,okay,29,,,movie,Higher degree,null,98680,1774532821584,1774532722904,male,2,4,true,English,5fefaa63238d4be5c34c0d51,69c5386d674bfbc7d3d679b5,69c454f0a957309ec861affe,6950,trial
3763,amazing,29,2,,restaurant meal,Higher degree,😗,98680,1774532821584,1774532722904,male,0,2,true,English,5fefaa63238d4be5c34c0d51,69c5386d674bfbc7d3d679b5,69c454f0a957309ec861affe,6884,attention
3763,terrible,29,,,concert,Higher degree,☹️,98680,1774532821584,1774532722904,male,7,2,true,English,5fefaa63238d4be5c34c0d51,69c5386d674bfbc7d3d679b5,69c454f0a957309ec861affe,6816,trial
3763,bad,29,,,movie,Higher degree,null,98680,1774532821584,1774532722904,male,5,3,true,English,5fefaa63238d4be5c34c0d51,69c5386d674bfbc7d3d679b5,69c454f0a957309ec861affe,6400,trial
3763,terrible,29,,,cookie,Higher degree,null,98680,1774532821584,1774532722904,male,7,2,true,English,5fefaa63238d4be5c34c0d51,69c5386d674bfbc7d3d679b5,69c454f0a957309ec861affe,3900,trial
3763,good,29,4,,restaurant meal,Higher degree,😩,98680,1774532821584,1774532722904,male,0,4,true,English,5fefaa63238d4be5c34c0d51,69c5386d674bfbc7d3d679b5,69c454f0a957309ec861affe,2684,attention
3763,bad,29,,,coffee,Higher degree,😩,98680,1774532821584,1774532722904,male,8,3,true,English,5fefaa63238d4be5c34c0d51,69c5386d674bfbc7d3d679b5,69c454f0a957309ec861affe,6333,trial
3763,good,29,,,concert,Higher degree,null,98680,1774532821584,1774532722904,male,5,7,true,English,5fefaa63238d4be5c34c0d51,69c5386d674bfbc7d3d679b5,69c454f0a957309ec861affe,4350,trial
3763,amazing,29,,,cookie,Higher degree,null,98680,1774532821584,1774532722904,male,8,8,true,English,5fefaa63238d4be5c34c0d51,69c5386d674bfbc7d3d679b5,69c454f0a957309ec861affe,5666,trial
3763,amazing,29,,,concert,Higher degree,😊,98680,1774532821584,1774532722904,male,8,8,true,English,5fefaa63238d4be5c34c0d51,69c5386d674bfbc7d3d679b5,69c454f0a957309ec861affe,4900,trial
3764,bad,28,,,cookie,Graduated High-school,null,90281,1774532828400,1774532738119,male,4,1,true,"English, Welsh",5cb7141339f9fa00161a93dc,69c5387daaba8d5271a8af72,69c454f0a957309ec861affe,6383,trial
3764,bad,28,,,movie,Graduated High-school,😔,90281,1774532828400,1774532738119,male,5,1,true,"English, Welsh",5cb7141339f9fa00161a93dc,69c5387daaba8d5271a8af72,69c454f0a957309ec861affe,6000,trial
3764,terrible,28,,,movie,Graduated High-school,😩,90281,1774532828400,1774532738119,male,3,1,true,"English, Welsh",5cb7141339f9fa00161a93dc,69c5387daaba8d5271a8af72,69c454f0a957309ec861affe,4017,trial
3764,good,28,5,,party,Graduated High-school,😩,90281,1774532828400,1774532738119,male,0,5,true,"English, Welsh",5cb7141339f9fa00161a93dc,69c5387daaba8d5271a8af72,69c454f0a957309ec861affe,3433,attention
3764,terrible,28,,,restaurant meal,Graduated High-school,null,90281,1774532828400,1774532738119,male,3,1,true,"English, Welsh",5cb7141339f9fa00161a93dc,69c5387daaba8d5271a8af72,69c454f0a957309ec861affe,7116,trial
3764,good,28,,,party,Graduated High-school,😀,90281,1774532828400,1774532738119,male,7,7,true,"English, Welsh",5cb7141339f9fa00161a93dc,69c5387daaba8d5271a8af72,69c454f0a957309ec861affe,6949,trial
3764,good,28,,,party,Graduated High-school,null,90281,1774532828400,1774532738119,male,6,7,true,"English, Welsh",5cb7141339f9fa00161a93dc,69c5387daaba8d5271a8af72,69c454f0a957309ec861affe,3834,trial
3764,bad,28,5,,cookie,Graduated High-school,😆,90281,1774532828400,1774532738119,male,0,5,true,"English, Welsh",5cb7141339f9fa00161a93dc,69c5387daaba8d5271a8af72,69c454f0a957309ec861affe,2217,attention
3764,okay,28,,,concert,Graduated High-school,null,90281,1774532828400,1774532738119,male,2,4,true,"English, Welsh",5cb7141339f9fa00161a93dc,69c5387daaba8d5271a8af72,69c454f0a957309ec861affe,5266,trial
3764,amazing,28,,,restaurant meal,Graduated High-school,null,90281,1774532828400,1774532738119,male,7,9,true,"English, Welsh",5cb7141339f9fa00161a93dc,69c5387daaba8d5271a8af72,69c454f0a957309ec861affe,6266,trial
3764,amazing,28,,,concert,Graduated High-school,☺️,90281,1774532828400,1774532738119,male,8,9,true,"English, Welsh",5cb7141339f9fa00161a93dc,69c5387daaba8d5271a8af72,69c454f0a957309ec861affe,9768,trial
3764,okay,28,,,cookie,Graduated High-school,😐,90281,1774532828400,1774532738119,male,3,4,true,"English, Welsh",5cb7141339f9fa00161a93dc,69c5387daaba8d5271a8af72,69c454f0a957309ec861affe,7516,trial
3765,okay,44,,,pizza,Graduated College,null,152432,1774532880074,1774532727642,male,3,5,true,english,69829bc1224b28f0538900d5,69c5386f05ff5e237947dd38,69c454f0a957309ec861affe,14570,trial
3765,amazing,44,,,movie,Graduated College,😊,152432,1774532880074,1774532727642,male,8,8,true,english,69829bc1224b28f0538900d5,69c5386f05ff5e237947dd38,69c454f0a957309ec861affe,8160,trial
3765,terrible,44,,,concert,Graduated College,😠,152432,1774532880074,1774532727642,male,8,2,true,english,69829bc1224b28f0538900d5,69c5386f05ff5e237947dd38,69c454f0a957309ec861affe,15172,trial
3765,amazing,44,2,,cookie,Graduated College,😆,152432,1774532880074,1774532727642,male,0,2,true,english,69829bc1224b28f0538900d5,69c5386f05ff5e237947dd38,69c454f0a957309ec861affe,5454,attention
3765,bad,44,,,pizza,Graduated College,😠,152432,1774532880074,1774532727642,male,8,2,true,english,69829bc1224b28f0538900d5,69c5386f05ff5e237947dd38,69c454f0a957309ec861affe,7702,trial
3765,good,44,,,concert,Graduated College,null,152432,1774532880074,1774532727642,male,4,5,true,english,69829bc1224b28f0538900d5,69c5386f05ff5e237947dd38,69c454f0a957309ec861affe,9622,trial
3765,amazing,44,,,movie,Graduated College,null,152432,1774532880074,1774532727642,male,7,7,true,english,69829bc1224b28f0538900d5,69c5386f05ff5e237947dd38,69c454f0a957309ec861affe,6038,trial
3765,good,44,5,,pizza,Graduated College,🙂,152432,1774532880074,1774532727642,male,0,5,true,english,69829bc1224b28f0538900d5,69c5386f05ff5e237947dd38,69c454f0a957309ec861affe,4434,attention
3765,terrible,44,,,concert,Graduated College,null,152432,1774532880074,1774532727642,male,8,2,true,english,69829bc1224b28f0538900d5,69c5386f05ff5e237947dd38,69c454f0a957309ec861affe,8290,trial
3765,good,44,,,pizza,Graduated College,😊,152432,1774532880074,1774532727642,male,7,7,true,english,69829bc1224b28f0538900d5,69c5386f05ff5e237947dd38,69c454f0a957309ec861affe,7025,trial
3765,bad,44,,,restaurant meal,Graduated College,null,152432,1774532880074,1774532727642,male,8,2,true,english,69829bc1224b28f0538900d5,69c5386f05ff5e237947dd38,69c454f0a957309ec861affe,9320,trial
3765,okay,44,,,cookie,Graduated College,😐,152432,1774532880074,1774532727642,male,5,5,true,english,69829bc1224b28f0538900d5,69c5386f05ff5e237947dd38,69c454f0a957309ec861affe,4888,trial
3766,okay,52,,no,cookie,Graduated College,null,141338,1774532890451,1774532749113,female,5,5,true,English ,67d9ef30fe8af2858e8dbbd3,69c538818328c4c5cae64450,69c454f0a957309ec861affe,14128,trial
3766,bad,52,,no,concert,Graduated College,null,141338,1774532890451,1774532749113,female,3,3,true,English ,67d9ef30fe8af2858e8dbbd3,69c538818328c4c5cae64450,69c454f0a957309ec861affe,5240,trial
3766,good,52,,no,restaurant meal,Graduated College,😆,141338,1774532890451,1774532749113,female,8,7,true,English ,67d9ef30fe8af2858e8dbbd3,69c538818328c4c5cae64450,69c454f0a957309ec861affe,10319,trial
3766,terrible,52,1,no,pizza,Graduated College,🙁,141338,1774532890451,1774532749113,female,0,1,true,English ,67d9ef30fe8af2858e8dbbd3,69c538818328c4c5cae64450,69c454f0a957309ec861affe,5279,attention
3766,amazing,52,,no,pizza,Graduated College,🙂,141338,1774532890451,1774532749113,female,8,8,true,English ,67d9ef30fe8af2858e8dbbd3,69c538818328c4c5cae64450,69c454f0a957309ec861affe,4768,trial
3766,okay,52,,no,concert,Graduated College,😐,141338,1774532890451,1774532749113,female,5,5,true,English ,67d9ef30fe8af2858e8dbbd3,69c538818328c4c5cae64450,69c454f0a957309ec861affe,10608,trial
3766,terrible,52,,no,party,Graduated College,😩,141338,1774532890451,1774532749113,female,2,2,true,English ,67d9ef30fe8af2858e8dbbd3,69c538818328c4c5cae64450,69c454f0a957309ec861affe,6520,trial
3766,amazing,52,5,no,party,Graduated College,😀,141338,1774532890451,1774532749113,female,0,5,true,English ,67d9ef30fe8af2858e8dbbd3,69c538818328c4c5cae64450,69c454f0a957309ec861affe,4224,attention
3766,good,52,,no,coffee,Graduated College,null,141338,1774532890451,1774532749113,female,7,7,true,English ,67d9ef30fe8af2858e8dbbd3,69c538818328c4c5cae64450,69c454f0a957309ec861affe,4816,trial
3766,bad,52,,no,pizza,Graduated College,☹️,141338,1774532890451,1774532749113,female,2,2,true,English ,67d9ef30fe8af2858e8dbbd3,69c538818328c4c5cae64450,69c454f0a957309ec861affe,4264,trial
3766,amazing,52,,no,concert,Graduated College,null,141338,1774532890451,1774532749113,female,7,7,true,English ,67d9ef30fe8af2858e8dbbd3,69c538818328c4c5cae64450,69c454f0a957309ec861affe,7288,trial
3766,terrible,52,,no,restaurant meal,Graduated College,null,141338,1774532890451,1774532749113,female,2,2,true,English ,67d9ef30fe8af2858e8dbbd3,69c538818328c4c5cae64450,69c454f0a957309ec861affe,4201,trial
3773,good,51,,,party,Graduated College,😆,297312,1774533152021,1774532854709,female,7,8,true,english,5d542c3a5af5900019bc80c4,69c538ee55723e713676e102,69c454f0a957309ec861affe,9817,trial
3773,okay,51,,,restaurant meal,Graduated College,😗,297312,1774533152021,1774532854709,female,5,3,true,english,5d542c3a5af5900019bc80c4,69c538ee55723e713676e102,69c454f0a957309ec861affe,60617,trial
3773,amazing,51,,,movie,Graduated College,😀,297312,1774533152021,1774532854709,female,7,8,true,english,5d542c3a5af5900019bc80c4,69c538ee55723e713676e102,69c454f0a957309ec861affe,4633,trial
3773,good,51,3,,pizza,Graduated College,☺️,297312,1774533152021,1774532854709,female,0,3,true,english,5d542c3a5af5900019bc80c4,69c538ee55723e713676e102,69c454f0a957309ec861affe,19517,attention
3773,terrible,51,,,party,Graduated College,null,297312,1774533152021,1774532854709,female,4,2,true,english,5d542c3a5af5900019bc80c4,69c538ee55723e713676e102,69c454f0a957309ec861affe,29700,trial
3773,good,51,,,movie,Graduated College,null,297312,1774533152021,1774532854709,female,5,8,true,english,5d542c3a5af5900019bc80c4,69c538ee55723e713676e102,69c454f0a957309ec861affe,30567,trial
3773,terrible,51,,,party,Graduated College,🙁,297312,1774533152021,1774532854709,female,4,2,true,english,5d542c3a5af5900019bc80c4,69c538ee55723e713676e102,69c454f0a957309ec861affe,21750,trial
3773,terrible,51,5,,cookie,Graduated College,😐,297312,1774533152021,1774532854709,female,0,5,true,english,5d542c3a5af5900019bc80c4,69c538ee55723e713676e102,69c454f0a957309ec861affe,7133,attention
3773,bad,51,,,movie,Graduated College,😔,297312,1774533152021,1774532854709,female,5,3,true,english,5d542c3a5af5900019bc80c4,69c538ee55723e713676e102,69c454f0a957309ec861affe,20367,trial
3773,amazing,51,,,concert,Graduated College,null,297312,1774533152021,1774532854709,female,7,7,true,english,5d542c3a5af5900019bc80c4,69c538ee55723e713676e102,69c454f0a957309ec861affe,3366,trial
3773,okay,51,,,movie,Graduated College,null,297312,1774533152021,1774532854709,female,5,4,true,english,5d542c3a5af5900019bc80c4,69c538ee55723e713676e102,69c454f0a957309ec861affe,44334,trial
3773,bad,51,,,movie,Graduated College,null,297312,1774533152021,1774532854709,female,4,3,true,english,5d542c3a5af5900019bc80c4,69c538ee55723e713676e102,69c454f0a957309ec861affe,7549,trial
3775,okay,71,,,coffee,Graduated College,null,199671,1774533220807,1774533021136,male,3,5,true,english,667581b4fc83d14801d00275,69c5396b2bc7261740fe2890,69c454f0a957309ec861affe,31848,trial
3775,amazing,71,,,restaurant meal,Graduated College,🙂,199671,1774533220807,1774533021136,male,8,9,true,english,667581b4fc83d14801d00275,69c5396b2bc7261740fe2890,69c454f0a957309ec861affe,14752,trial
3775,bad,71,,,cookie,Graduated College,😔,199671,1774533220807,1774533021136,male,3,1,true,english,667581b4fc83d14801d00275,69c5396b2bc7261740fe2890,69c454f0a957309ec861affe,14784,trial
3775,good,71,3,,movie,Graduated College,😊,199671,1774533220807,1774533021136,male,0,3,true,english,667581b4fc83d14801d00275,69c5396b2bc7261740fe2890,69c454f0a957309ec861affe,11400,attention
3775,terrible,71,,,party,Graduated College,🙁,199671,1774533220807,1774533021136,male,3,3,true,english,667581b4fc83d14801d00275,69c5396b2bc7261740fe2890,69c454f0a957309ec861affe,11752,trial
3775,amazing,71,,,restaurant meal,Graduated College,null,199671,1774533220807,1774533021136,male,3,8,true,english,667581b4fc83d14801d00275,69c5396b2bc7261740fe2890,69c454f0a957309ec861affe,7128,trial
3775,good,71,,,restaurant meal,Graduated College,☺️,199671,1774533220807,1774533021136,male,3,7,true,english,667581b4fc83d14801d00275,69c5396b2bc7261740fe2890,69c454f0a957309ec861affe,8232,trial
3775,bad,71,4,,concert,Graduated College,☺️,199671,1774533220807,1774533021136,male,0,4,true,english,667581b4fc83d14801d00275,69c5396b2bc7261740fe2890,69c454f0a957309ec861affe,5072,attention
3775,okay,71,,,concert,Graduated College,😐,199671,1774533220807,1774533021136,male,2,5,true,english,667581b4fc83d14801d00275,69c5396b2bc7261740fe2890,69c454f0a957309ec861affe,7000,trial
3775,good,71,,,restaurant meal,Graduated College,null,199671,1774533220807,1774533021136,male,3,7,true,english,667581b4fc83d14801d00275,69c5396b2bc7261740fe2890,69c454f0a957309ec861affe,8767,trial
3775,bad,71,,,restaurant meal,Graduated College,null,199671,1774533220807,1774533021136,male,3,3,true,english,667581b4fc83d14801d00275,69c5396b2bc7261740fe2890,69c454f0a957309ec861affe,5584,trial
3775,terrible,71,,,pizza,Graduated College,null,199671,1774533220807,1774533021136,male,2,2,true,english,667581b4fc83d14801d00275,69c5396b2bc7261740fe2890,69c454f0a957309ec861affe,7240,trial
3776,bad,60,,,pizza,Graduated College,🙁,117885,1774533250404,1774533132519,male,6,1,true,English,6727cfdd8802a8d7352595ed,69c53a027416e916db37404c,69c454f0a957309ec861affe,13182,trial
3776,okay,60,,,pizza,Graduated College,null,117885,1774533250404,1774533132519,male,5,5,true,English,6727cfdd8802a8d7352595ed,69c53a027416e916db37404c,69c454f0a957309ec861affe,6834,trial
3776,good,60,,,pizza,Graduated College,😊,117885,1774533250404,1774533132519,male,7,7,true,English,6727cfdd8802a8d7352595ed,69c53a027416e916db37404c,69c454f0a957309ec861affe,7533,trial
3776,bad,60,5,,coffee,Graduated College,😔,117885,1774533250404,1774533132519,male,0,5,true,English,6727cfdd8802a8d7352595ed,69c53a027416e916db37404c,69c454f0a957309ec861affe,4183,attention
3776,okay,60,,,pizza,Graduated College,😗,117885,1774533250404,1774533132519,male,7,6,true,English,6727cfdd8802a8d7352595ed,69c53a027416e916db37404c,69c454f0a957309ec861affe,8149,trial
3776,terrible,60,,,movie,Graduated College,null,117885,1774533250404,1774533132519,male,7,2,true,English,6727cfdd8802a8d7352595ed,69c53a027416e916db37404c,69c454f0a957309ec861affe,9234,trial
3776,bad,60,,,pizza,Graduated College,null,117885,1774533250404,1774533132519,male,7,2,true,English,6727cfdd8802a8d7352595ed,69c53a027416e916db37404c,69c454f0a957309ec861affe,11317,trial
3776,bad,60,2,,movie,Graduated College,😆,117885,1774533250404,1774533132519,male,0,2,true,English,6727cfdd8802a8d7352595ed,69c53a027416e916db37404c,69c454f0a957309ec861affe,3599,attention
3776,terrible,60,,,movie,Graduated College,☹️,117885,1774533250404,1774533132519,male,7,2,true,English,6727cfdd8802a8d7352595ed,69c53a027416e916db37404c,69c454f0a957309ec861affe,6600,trial
3776,good,60,,,cookie,Graduated College,null,117885,1774533250404,1774533132519,male,6,6,true,English,6727cfdd8802a8d7352595ed,69c53a027416e916db37404c,69c454f0a957309ec861affe,5500,trial
3776,amazing,60,,,cookie,Graduated College,😀,117885,1774533250404,1774533132519,male,8,8,true,English,6727cfdd8802a8d7352595ed,69c53a027416e916db37404c,69c454f0a957309ec861affe,5916,trial
3776,amazing,60,,,party,Graduated College,null,117885,1774533250404,1774533132519,male,8,8,true,English,6727cfdd8802a8d7352595ed,69c53a027416e916db37404c,69c454f0a957309ec861affe,4684,trial
3780,amazing,33,,,restaurant meal,Higher degree,😆,103342,1774533519265,1774533415923,female,8,9,true,English,5c168ae5c241170001c463a6,69c53b2107526e0e74e469ee,69c454f0a957309ec861affe,7608,trial
3780,bad,33,,,restaurant meal,Higher degree,🙁,103342,1774533519265,1774533415923,female,2,1,true,English,5c168ae5c241170001c463a6,69c53b2107526e0e74e469ee,69c454f0a957309ec861affe,4216,trial
3780,okay,33,,,party,Higher degree,😐,103342,1774533519265,1774533415923,female,7,5,true,English,5c168ae5c241170001c463a6,69c53b2107526e0e74e469ee,69c454f0a957309ec861affe,12225,trial
3780,amazing,33,4,,party,Higher degree,🙁,103342,1774533519265,1774533415923,female,0,4,true,English,5c168ae5c241170001c463a6,69c53b2107526e0e74e469ee,69c454f0a957309ec861affe,4118,attention
3780,terrible,33,,,party,Higher degree,null,103342,1774533519265,1774533415923,female,4,1,true,English,5c168ae5c241170001c463a6,69c53b2107526e0e74e469ee,69c454f0a957309ec861affe,10240,trial
3780,good,33,,,movie,Higher degree,null,103342,1774533519265,1774533415923,female,4,7,true,English,5c168ae5c241170001c463a6,69c53b2107526e0e74e469ee,69c454f0a957309ec861affe,4456,trial
3780,terrible,33,,,movie,Higher degree,😠,103342,1774533519265,1774533415923,female,7,1,true,English,5c168ae5c241170001c463a6,69c53b2107526e0e74e469ee,69c454f0a957309ec861affe,6871,trial
3780,terrible,33,4,,coffee,Higher degree,😀,103342,1774533519265,1774533415923,female,0,4,true,English,5c168ae5c241170001c463a6,69c53b2107526e0e74e469ee,69c454f0a957309ec861affe,3736,attention
3780,good,33,,,party,Higher degree,☺️,103342,1774533519265,1774533415923,female,7,8,true,English,5c168ae5c241170001c463a6,69c53b2107526e0e74e469ee,69c454f0a957309ec861affe,5640,trial
3780,amazing,33,,,movie,Higher degree,null,103342,1774533519265,1774533415923,female,4,8,true,English,5c168ae5c241170001c463a6,69c53b2107526e0e74e469ee,69c454f0a957309ec861affe,4424,trial
3780,okay,33,,,pizza,Higher degree,null,103342,1774533519265,1774533415923,female,1,5,true,English,5c168ae5c241170001c463a6,69c53b2107526e0e74e469ee,69c454f0a957309ec861affe,6568,trial
3780,bad,33,,,movie,Higher degree,null,103342,1774533519265,1774533415923,female,3,2,true,English,5c168ae5c241170001c463a6,69c53b2107526e0e74e469ee,69c454f0a957309ec861affe,4671,trial
3767,okay,29,,,movie,Graduated College,null,105957,1774532923589,1774532817632,male,6,4,true,English,5c1d234d89f035000172aeb7,69c538c45f9f2d2d9cb8cde5,69c454f0a957309ec861affe,13265,trial
3767,amazing,29,,,cookie,Graduated College,null,105957,1774532923589,1774532817632,male,8,8,true,English,5c1d234d89f035000172aeb7,69c538c45f9f2d2d9cb8cde5,69c454f0a957309ec861affe,7654,trial
3767,okay,29,,,pizza,Graduated College,😐,105957,1774532923589,1774532817632,male,3,4,true,English,5c1d234d89f035000172aeb7,69c538c45f9f2d2d9cb8cde5,69c454f0a957309ec861affe,7809,trial
3767,okay,29,5,,concert,Graduated College,☺️,105957,1774532923589,1774532817632,male,0,5,true,English,5c1d234d89f035000172aeb7,69c538c45f9f2d2d9cb8cde5,69c454f0a957309ec861affe,4599,attention
3767,terrible,29,,,coffee,Graduated College,😩,105957,1774532923589,1774532817632,male,7,2,true,English,5c1d234d89f035000172aeb7,69c538c45f9f2d2d9cb8cde5,69c454f0a957309ec861affe,8569,trial
3767,good,29,,,party,Graduated College,null,105957,1774532923589,1774532817632,male,4,6,true,English,5c1d234d89f035000172aeb7,69c538c45f9f2d2d9cb8cde5,69c454f0a957309ec861affe,6655,trial
3767,amazing,29,,,coffee,Graduated College,😆,105957,1774532923589,1774532817632,male,8,8,true,English,5c1d234d89f035000172aeb7,69c538c45f9f2d2d9cb8cde5,69c454f0a957309ec861affe,4353,trial
3767,okay,29,4,,cookie,Graduated College,😠,105957,1774532923589,1774532817632,male,0,4,true,English,5c1d234d89f035000172aeb7,69c538c45f9f2d2d9cb8cde5,69c454f0a957309ec861affe,2893,attention
3767,bad,29,,,restaurant meal,Graduated College,null,105957,1774532923589,1774532817632,male,3,2,true,English,5c1d234d89f035000172aeb7,69c538c45f9f2d2d9cb8cde5,69c454f0a957309ec861affe,7320,trial
3767,good,29,,,concert,Graduated College,🙂,105957,1774532923589,1774532817632,male,6,7,true,English,5c1d234d89f035000172aeb7,69c538c45f9f2d2d9cb8cde5,69c454f0a957309ec861affe,5658,trial
3767,bad,29,,,cookie,Graduated College,😠,105957,1774532923589,1774532817632,male,7,3,true,English,5c1d234d89f035000172aeb7,69c538c45f9f2d2d9cb8cde5,69c454f0a957309ec861affe,5982,trial
3767,terrible,29,,,pizza,Graduated College,null,105957,1774532923589,1774532817632,male,8,3,true,English,5c1d234d89f035000172aeb7,69c538c45f9f2d2d9cb8cde5,69c454f0a957309ec861affe,11464,trial
3769,terrible,22,,,concert,Graduated High-school,🙁,188931,1774532933459,1774532744528,male,4,1,true,English,69bcfd38ab399b8c203e9dfe,69c5387c94025cbbb56371c9,69c454f0a957309ec861affe,20342,trial
3769,amazing,22,,,movie,Graduated High-school,null,188931,1774532933459,1774532744528,male,8,8,true,English,69bcfd38ab399b8c203e9dfe,69c5387c94025cbbb56371c9,69c454f0a957309ec861affe,10280,trial
3769,amazing,22,,,cookie,Graduated High-school,😆,188931,1774532933459,1774532744528,male,8,9,true,English,69bcfd38ab399b8c203e9dfe,69c5387c94025cbbb56371c9,69c454f0a957309ec861affe,8832,trial
3769,good,22,5,,movie,Graduated High-school,😊,188931,1774532933459,1774532744528,male,0,5,true,English,69bcfd38ab399b8c203e9dfe,69c5387c94025cbbb56371c9,69c454f0a957309ec861affe,12611,attention
3769,okay,22,,,restaurant meal,Graduated High-school,null,188931,1774532933459,1774532744528,male,5,5,true,English,69bcfd38ab399b8c203e9dfe,69c5387c94025cbbb56371c9,69c454f0a957309ec861affe,9310,trial
3769,good,22,,,movie,Graduated High-school,🙂,188931,1774532933459,1774532744528,male,7,7,true,English,69bcfd38ab399b8c203e9dfe,69c5387c94025cbbb56371c9,69c454f0a957309ec861affe,10966,trial
3769,bad,22,,,restaurant meal,Graduated High-school,🙁,188931,1774532933459,1774532744528,male,3,2,true,English,69bcfd38ab399b8c203e9dfe,69c5387c94025cbbb56371c9,69c454f0a957309ec861affe,12999,trial
3769,terrible,22,5,,cookie,Graduated High-school,😔,188931,1774532933459,1774532744528,male,0,5,true,English,69bcfd38ab399b8c203e9dfe,69c5387c94025cbbb56371c9,69c454f0a957309ec861affe,6421,attention
3769,bad,22,,,pizza,Graduated High-school,null,188931,1774532933459,1774532744528,male,4,7,true,English,69bcfd38ab399b8c203e9dfe,69c5387c94025cbbb56371c9,69c454f0a957309ec861affe,13808,trial
3769,good,22,,,cookie,Graduated High-school,null,188931,1774532933459,1774532744528,male,6,6,true,English,69bcfd38ab399b8c203e9dfe,69c5387c94025cbbb56371c9,69c454f0a957309ec861affe,7276,trial
3769,okay,22,,,party,Graduated High-school,😗,188931,1774532933459,1774532744528,male,5,5,true,English,69bcfd38ab399b8c203e9dfe,69c5387c94025cbbb56371c9,69c454f0a957309ec861affe,8628,trial
3769,terrible,22,,,pizza,Graduated High-school,null,188931,1774532933459,1774532744528,male,3,2,true,English,69bcfd38ab399b8c203e9dfe,69c5387c94025cbbb56371c9,69c454f0a957309ec861affe,10563,trial
3772,terrible,33,,,party,Graduated College,null,143556,1774533128150,1774532984594,female,6,1,true,English,59cb95053306be000195be2e,69c5396c5361eed797c2e35d,69c454f0a957309ec861affe,13301,trial
3772,amazing,33,,,restaurant meal,Graduated College,null,143556,1774533128150,1774532984594,female,7,7,true,English,59cb95053306be000195be2e,69c5396c5361eed797c2e35d,69c454f0a957309ec861affe,13420,trial
3772,good,33,,,party,Graduated College,☺️,143556,1774533128150,1774532984594,female,8,8,true,English,59cb95053306be000195be2e,69c5396c5361eed797c2e35d,69c454f0a957309ec861affe,5590,trial
3772,terrible,33,1,,pizza,Graduated College,😗,143556,1774533128150,1774532984594,female,0,1,true,English,59cb95053306be000195be2e,69c5396c5361eed797c2e35d,69c454f0a957309ec861affe,5324,attention
3772,bad,33,,,party,Graduated College,🙁,143556,1774533128150,1774532984594,female,5,3,true,English,59cb95053306be000195be2e,69c5396c5361eed797c2e35d,69c454f0a957309ec861affe,7700,trial
3772,bad,33,,,movie,Graduated College,null,143556,1774533128150,1774532984594,female,3,3,true,English,59cb95053306be000195be2e,69c5396c5361eed797c2e35d,69c454f0a957309ec861affe,7707,trial
3772,good,33,,,cookie,Graduated College,null,143556,1774533128150,1774532984594,female,4,6,true,English,59cb95053306be000195be2e,69c5396c5361eed797c2e35d,69c454f0a957309ec861affe,6405,trial
3772,good,33,2,,movie,Graduated College,🙂,143556,1774533128150,1774532984594,female,0,2,true,English,59cb95053306be000195be2e,69c5396c5361eed797c2e35d,69c454f0a957309ec861affe,4590,attention
3772,okay,33,,,cookie,Graduated College,null,143556,1774533128150,1774532984594,female,3,5,true,English,59cb95053306be000195be2e,69c5396c5361eed797c2e35d,69c454f0a957309ec861affe,6571,trial
3772,terrible,33,,,coffee,Graduated College,😩,143556,1774533128150,1774532984594,female,4,2,true,English,59cb95053306be000195be2e,69c5396c5361eed797c2e35d,69c454f0a957309ec861affe,5180,trial
3772,amazing,33,,,pizza,Graduated College,😊,143556,1774533128150,1774532984594,female,4,6,true,English,59cb95053306be000195be2e,69c5396c5361eed797c2e35d,69c454f0a957309ec861affe,5747,trial
3772,okay,33,,,pizza,Graduated College,😐,143556,1774533128150,1774532984594,female,2,2,true,English,59cb95053306be000195be2e,69c5396c5361eed797c2e35d,69c454f0a957309ec861affe,4120,trial
3774,okay,32,,,restaurant meal,Higher degree,😐,265880,1774533184791,1774532918911,female,1,5,true,English,563e35190980220011572d9a,69c538dcb5f0935449117595,69c454f0a957309ec861affe,7637,trial
3774,terrible,32,,,movie,Higher degree,null,265880,1774533184791,1774532918911,female,6,2,true,English,563e35190980220011572d9a,69c538dcb5f0935449117595,69c454f0a957309ec861affe,6939,trial
3774,amazing,32,,,restaurant meal,Higher degree,null,265880,1774533184791,1774532918911,female,8,8,true,English,563e35190980220011572d9a,69c538dcb5f0935449117595,69c454f0a957309ec861affe,5713,trial
3774,okay,32,5,,cookie,Higher degree,😠,265880,1774533184791,1774532918911,female,0,5,true,English,563e35190980220011572d9a,69c538dcb5f0935449117595,69c454f0a957309ec861affe,4647,attention
3774,amazing,32,,,concert,Higher degree,🙂,265880,1774533184791,1774532918911,female,8,9,true,English,563e35190980220011572d9a,69c538dcb5f0935449117595,69c454f0a957309ec861affe,4225,trial
3774,terrible,32,,,pizza,Higher degree,🙁,265880,1774533184791,1774532918911,female,3,2,true,English,563e35190980220011572d9a,69c538dcb5f0935449117595,69c454f0a957309ec861affe,4825,trial
3774,good,32,,,restaurant meal,Higher degree,😀,265880,1774533184791,1774532918911,female,8,8,true,English,563e35190980220011572d9a,69c538dcb5f0935449117595,69c454f0a957309ec861affe,3368,trial
3774,terrible,32,5,,restaurant meal,Higher degree,☹️,265880,1774533184791,1774532918911,female,0,5,true,English,563e35190980220011572d9a,69c538dcb5f0935449117595,69c454f0a957309ec861affe,1882,attention
3774,good,32,,,restaurant meal,Higher degree,null,265880,1774533184791,1774532918911,female,5,6,true,English,563e35190980220011572d9a,69c538dcb5f0935449117595,69c454f0a957309ec861affe,3831,trial
3774,bad,32,,,party,Higher degree,😩,265880,1774533184791,1774532918911,female,3,2,true,English,563e35190980220011572d9a,69c538dcb5f0935449117595,69c454f0a957309ec861affe,3717,trial
3774,bad,32,,,party,Higher degree,null,265880,1774533184791,1774532918911,female,2,2,true,English,563e35190980220011572d9a,69c538dcb5f0935449117595,69c454f0a957309ec861affe,4596,trial
3774,okay,32,,,restaurant meal,Higher degree,null,265880,1774533184791,1774532918911,female,2,5,true,English,563e35190980220011572d9a,69c538dcb5f0935449117595,69c454f0a957309ec861affe,4754,trial
3778,okay,35,,,movie,Graduated College,null,104951,1774533441400,1774533336449,female,2,4,true,English,5e46ff334267181cd82562e0,69c53ad38d8da361beb746f3,69c454f0a957309ec861affe,9030,trial
3778,okay,35,,,party,Graduated College,😗,104951,1774533441400,1774533336449,female,6,7,true,English,5e46ff334267181cd82562e0,69c53ad38d8da361beb746f3,69c454f0a957309ec861affe,6596,trial
3778,bad,35,,,coffee,Graduated College,null,104951,1774533441400,1774533336449,female,3,3,true,English,5e46ff334267181cd82562e0,69c53ad38d8da361beb746f3,69c454f0a957309ec861affe,3754,trial
3778,amazing,35,5,,party,Graduated College,😆,104951,1774533441400,1774533336449,female,0,5,true,English,5e46ff334267181cd82562e0,69c53ad38d8da361beb746f3,69c454f0a957309ec861affe,5867,attention
3778,good,35,,,concert,Graduated College,😊,104951,1774533441400,1774533336449,female,6,7,true,English,5e46ff334267181cd82562e0,69c53ad38d8da361beb746f3,69c454f0a957309ec861affe,6384,trial
3778,terrible,35,,,cookie,Graduated College,😩,104951,1774533441400,1774533336449,female,2,2,true,English,5e46ff334267181cd82562e0,69c53ad38d8da361beb746f3,69c454f0a957309ec861affe,4911,trial
3778,terrible,35,,,cookie,Graduated College,null,104951,1774533441400,1774533336449,female,4,2,true,English,5e46ff334267181cd82562e0,69c53ad38d8da361beb746f3,69c454f0a957309ec861affe,5848,trial
3778,terrible,35,3,,coffee,Graduated College,☹️,104951,1774533441400,1774533336449,female,0,3,true,English,5e46ff334267181cd82562e0,69c53ad38d8da361beb746f3,69c454f0a957309ec861affe,3973,attention
3778,amazing,35,,,coffee,Graduated College,😆,104951,1774533441400,1774533336449,female,8,8,true,English,5e46ff334267181cd82562e0,69c53ad38d8da361beb746f3,69c454f0a957309ec861affe,5501,trial
3778,good,35,,,restaurant meal,Graduated College,null,104951,1774533441400,1774533336449,female,6,7,true,English,5e46ff334267181cd82562e0,69c53ad38d8da361beb746f3,69c454f0a957309ec861affe,4816,trial
3778,bad,35,,,concert,Graduated College,☹️,104951,1774533441400,1774533336449,female,4,2,true,English,5e46ff334267181cd82562e0,69c53ad38d8da361beb746f3,69c454f0a957309ec861affe,5408,trial
3778,amazing,35,,,party,Graduated College,null,104951,1774533441400,1774533336449,female,7,8,true,English,5e46ff334267181cd82562e0,69c53ad38d8da361beb746f3,69c454f0a957309ec861affe,3592,trial
3768,terrible,36,,I don't have any comments.,party,Higher degree,null,157950,1774532925671,1774532767721,male,5,2,true,English,5e937e8e4d246b6b4162ae72,69c53896fdcf32b0ab687f22,69c454f0a957309ec861affe,18993,trial
3768,amazing,36,,I don't have any comments.,coffee,Higher degree,🙂,157950,1774532925671,1774532767721,male,7,9,true,English,5e937e8e4d246b6b4162ae72,69c53896fdcf32b0ab687f22,69c454f0a957309ec861affe,14890,trial
3768,okay,36,,I don't have any comments.,party,Higher degree,null,157950,1774532925671,1774532767721,male,2,5,true,English,5e937e8e4d246b6b4162ae72,69c53896fdcf32b0ab687f22,69c454f0a957309ec861affe,8044,trial
3768,okay,36,4,I don't have any comments.,restaurant meal,Higher degree,😠,157950,1774532925671,1774532767721,male,0,4,true,English,5e937e8e4d246b6b4162ae72,69c53896fdcf32b0ab687f22,69c454f0a957309ec861affe,6846,attention
3768,bad,36,,I don't have any comments.,concert,Higher degree,null,157950,1774532925671,1774532767721,male,3,2,true,English,5e937e8e4d246b6b4162ae72,69c53896fdcf32b0ab687f22,69c454f0a957309ec861affe,14965,trial
3768,okay,36,,I don't have any comments.,coffee,Higher degree,😐,157950,1774532925671,1774532767721,male,5,5,true,English,5e937e8e4d246b6b4162ae72,69c53896fdcf32b0ab687f22,69c454f0a957309ec861affe,7213,trial
3768,terrible,36,,I don't have any comments.,concert,Higher degree,😔,157950,1774532925671,1774532767721,male,6,2,true,English,5e937e8e4d246b6b4162ae72,69c53896fdcf32b0ab687f22,69c454f0a957309ec861affe,7053,trial
3768,okay,36,1,I don't have any comments.,party,Higher degree,😆,157950,1774532925671,1774532767721,male,0,1,true,English,5e937e8e4d246b6b4162ae72,69c53896fdcf32b0ab687f22,69c454f0a957309ec861affe,6083,attention
3768,bad,36,,I don't have any comments.,pizza,Higher degree,☹️,157950,1774532925671,1774532767721,male,6,2,true,English,5e937e8e4d246b6b4162ae72,69c53896fdcf32b0ab687f22,69c454f0a957309ec861affe,8278,trial
3768,amazing,36,,I don't have any comments.,cookie,Higher degree,null,157950,1774532925671,1774532767721,male,5,8,true,English,5e937e8e4d246b6b4162ae72,69c53896fdcf32b0ab687f22,69c454f0a957309ec861affe,8595,trial
3768,good,36,,I don't have any comments.,concert,Higher degree,null,157950,1774532925671,1774532767721,male,3,7,true,English,5e937e8e4d246b6b4162ae72,69c53896fdcf32b0ab687f22,69c454f0a957309ec861affe,11765,trial
3768,good,36,,I don't have any comments.,party,Higher degree,☺️,157950,1774532925671,1774532767721,male,6,7,true,English,5e937e8e4d246b6b4162ae72,69c53896fdcf32b0ab687f22,69c454f0a957309ec861affe,6067,trial
3770,okay,46,,,party,Graduated High-school,null,191919,1774532935675,1774532743756,female,1,5,true,English  + Dutch,63ed0392b8b24c34aaf26310,69c5387992ca429bc79739cb,69c454f0a957309ec861affe,14002,trial
3770,good,46,,,cookie,Graduated High-school,😆,191919,1774532935675,1774532743756,female,8,9,true,English  + Dutch,63ed0392b8b24c34aaf26310,69c5387992ca429bc79739cb,69c454f0a957309ec861affe,6621,trial
3770,terrible,46,,,movie,Graduated High-school,😔,191919,1774532935675,1774532743756,female,3,1,true,English  + Dutch,63ed0392b8b24c34aaf26310,69c5387992ca429bc79739cb,69c454f0a957309ec861affe,8407,trial
3770,bad,46,5,,party,Graduated High-school,😀,191919,1774532935675,1774532743756,female,0,5,true,English  + Dutch,63ed0392b8b24c34aaf26310,69c5387992ca429bc79739cb,69c454f0a957309ec861affe,7089,attention
3770,terrible,46,,,coffee,Graduated High-school,null,191919,1774532935675,1774532743756,female,4,3,true,English  + Dutch,63ed0392b8b24c34aaf26310,69c5387992ca429bc79739cb,69c454f0a957309ec861affe,11925,trial
3770,bad,46,,,cookie,Graduated High-school,null,191919,1774532935675,1774532743756,female,5,3,true,English  + Dutch,63ed0392b8b24c34aaf26310,69c5387992ca429bc79739cb,69c454f0a957309ec861affe,6860,trial
3770,okay,46,,,party,Graduated High-school,😗,191919,1774532935675,1774532743756,female,3,5,true,English  + Dutch,63ed0392b8b24c34aaf26310,69c5387992ca429bc79739cb,69c454f0a957309ec861affe,7089,trial
3770,terrible,46,2,,restaurant meal,Graduated High-school,🙂,191919,1774532935675,1774532743756,female,0,2,true,English  + Dutch,63ed0392b8b24c34aaf26310,69c5387992ca429bc79739cb,69c454f0a957309ec861affe,5563,attention
3770,amazing,46,,,coffee,Graduated High-school,null,191919,1774532935675,1774532743756,female,7,9,true,English  + Dutch,63ed0392b8b24c34aaf26310,69c5387992ca429bc79739cb,69c454f0a957309ec861affe,6856,trial
3770,bad,46,,,cookie,Graduated High-school,😩,191919,1774532935675,1774532743756,female,5,1,true,English  + Dutch,63ed0392b8b24c34aaf26310,69c5387992ca429bc79739cb,69c454f0a957309ec861affe,11084,trial
3770,good,46,,,pizza,Graduated High-school,null,191919,1774532935675,1774532743756,female,6,6,true,English  + Dutch,63ed0392b8b24c34aaf26310,69c5387992ca429bc79739cb,69c454f0a957309ec861affe,5461,trial
3770,amazing,46,,,movie,Graduated High-school,😀,191919,1774532935675,1774532743756,female,9,9,true,English  + Dutch,63ed0392b8b24c34aaf26310,69c5387992ca429bc79739cb,69c454f0a957309ec861affe,7921,trial
3771,terrible,56,,None,party,Higher degree,null,318576,1774533068532,1774532749956,male,4,1,true,"English, French",6997605bad728beebddd763c,69c5388287f2219f1a622b1a,69c454f0a957309ec861affe,27936,trial
3771,good,56,,None,concert,Higher degree,null,318576,1774533068532,1774532749956,male,7,7,true,"English, French",6997605bad728beebddd763c,69c5388287f2219f1a622b1a,69c454f0a957309ec861affe,12651,trial
3771,terrible,56,,None,cookie,Higher degree,😠,318576,1774533068532,1774532749956,male,6,1,true,"English, French",6997605bad728beebddd763c,69c5388287f2219f1a622b1a,69c454f0a957309ec861affe,14247,trial
3771,bad,56,3,None,restaurant meal,Higher degree,😗,318576,1774533068532,1774532749956,male,0,3,true,"English, French",6997605bad728beebddd763c,69c5388287f2219f1a622b1a,69c454f0a957309ec861affe,5596,attention
3771,bad,56,,None,cookie,Higher degree,null,318576,1774533068532,1774532749956,male,4,1,true,"English, French",6997605bad728beebddd763c,69c5388287f2219f1a622b1a,69c454f0a957309ec861affe,10844,trial
3771,amazing,56,,None,pizza,Higher degree,😀,318576,1774533068532,1774532749956,male,9,9,true,"English, French",6997605bad728beebddd763c,69c5388287f2219f1a622b1a,69c454f0a957309ec861affe,10644,trial
3771,good,56,,None,pizza,Higher degree,☺️,318576,1774533068532,1774532749956,male,7,7,true,"English, French",6997605bad728beebddd763c,69c5388287f2219f1a622b1a,69c454f0a957309ec861affe,13161,trial
3771,okay,56,5,None,cookie,Higher degree,🙂,318576,1774533068532,1774532749956,male,0,5,true,"English, French",6997605bad728beebddd763c,69c5388287f2219f1a622b1a,69c454f0a957309ec861affe,4581,attention
3771,okay,56,,None,movie,Higher degree,null,318576,1774533068532,1774532749956,male,5,5,true,"English, French",6997605bad728beebddd763c,69c5388287f2219f1a622b1a,69c454f0a957309ec861affe,8545,trial
3771,okay,56,,None,cookie,Higher degree,😐,318576,1774533068532,1774532749956,male,4,4,true,"English, French",6997605bad728beebddd763c,69c5388287f2219f1a622b1a,69c454f0a957309ec861affe,12331,trial
3771,amazing,56,,None,movie,Higher degree,null,318576,1774533068532,1774532749956,male,7,7,true,"English, French",6997605bad728beebddd763c,69c5388287f2219f1a622b1a,69c454f0a957309ec861affe,7951,trial
3771,bad,56,,None,pizza,Higher degree,🙁,318576,1774533068532,1774532749956,male,3,1,true,"English, French",6997605bad728beebddd763c,69c5388287f2219f1a622b1a,69c454f0a957309ec861affe,9404,trial
3777,amazing,42,,,concert,Graduated High-school,null,118805,1774533306020,1774533187215,male,8,9,true,English,606041fc7e7b32b934840f3d,69c53a3b362f3b910faef587,69c454f0a957309ec861affe,10584,trial
3777,terrible,42,,,cookie,Graduated High-school,☹️,118805,1774533306020,1774533187215,male,7,1,true,English,606041fc7e7b32b934840f3d,69c53a3b362f3b910faef587,69c454f0a957309ec861affe,14137,trial
3777,bad,42,,,coffee,Graduated High-school,☹️,118805,1774533306020,1774533187215,male,4,3,true,English,606041fc7e7b32b934840f3d,69c53a3b362f3b910faef587,69c454f0a957309ec861affe,8862,trial
3777,bad,42,4,,pizza,Graduated High-school,😀,118805,1774533306020,1774533187215,male,0,4,true,English,606041fc7e7b32b934840f3d,69c53a3b362f3b910faef587,69c454f0a957309ec861affe,4332,attention
3777,bad,42,,,restaurant meal,Graduated High-school,null,118805,1774533306020,1774533187215,male,4,3,true,English,606041fc7e7b32b934840f3d,69c53a3b362f3b910faef587,69c454f0a957309ec861affe,10294,trial
3777,good,42,,,restaurant meal,Graduated High-school,😊,118805,1774533306020,1774533187215,male,5,7,true,English,606041fc7e7b32b934840f3d,69c53a3b362f3b910faef587,69c454f0a957309ec861affe,6641,trial
3777,terrible,42,,,concert,Graduated High-school,null,118805,1774533306020,1774533187215,male,7,2,true,English,606041fc7e7b32b934840f3d,69c53a3b362f3b910faef587,69c454f0a957309ec861affe,6902,trial
3777,amazing,42,1,,pizza,Graduated High-school,☺️,118805,1774533306020,1774533187215,male,0,1,true,English,606041fc7e7b32b934840f3d,69c53a3b362f3b910faef587,69c454f0a957309ec861affe,4023,attention
3777,amazing,42,,,restaurant meal,Graduated High-school,🙂,118805,1774533306020,1774533187215,male,8,9,true,English,606041fc7e7b32b934840f3d,69c53a3b362f3b910faef587,69c454f0a957309ec861affe,6396,trial
3777,okay,42,,,restaurant meal,Graduated High-school,null,118805,1774533306020,1774533187215,male,2,5,true,English,606041fc7e7b32b934840f3d,69c53a3b362f3b910faef587,69c454f0a957309ec861affe,7537,trial
3777,good,42,,,cookie,Graduated High-school,null,118805,1774533306020,1774533187215,male,4,6,true,English,606041fc7e7b32b934840f3d,69c53a3b362f3b910faef587,69c454f0a957309ec861affe,6129,trial
3777,okay,42,,,restaurant meal,Graduated High-school,😗,118805,1774533306020,1774533187215,male,2,4,true,English,606041fc7e7b32b934840f3d,69c53a3b362f3b910faef587,69c454f0a957309ec861affe,6985,trial
3779,okay,37,,"Struggled a bit with the second category because sometimes neutral or bad experiences can give a strong reaction that is neither calm nor excited, more angry? I tried my best with the scale though!",concert,Higher degree,null,144113,1774533482507,1774533338394,female,5,5,true,English,5fad067ff08c05352a19febf,69c53ad4215d47679777cdc9,69c454f0a957309ec861affe,8454,trial
3779,amazing,37,,"Struggled a bit with the second category because sometimes neutral or bad experiences can give a strong reaction that is neither calm nor excited, more angry? I tried my best with the scale though!",concert,Higher degree,null,144113,1774533482507,1774533338394,female,8,8,true,English,5fad067ff08c05352a19febf,69c53ad4215d47679777cdc9,69c454f0a957309ec861affe,8467,trial
3779,amazing,37,,"Struggled a bit with the second category because sometimes neutral or bad experiences can give a strong reaction that is neither calm nor excited, more angry? I tried my best with the scale though!",pizza,Higher degree,☺️,144113,1774533482507,1774533338394,female,7,7,true,English,5fad067ff08c05352a19febf,69c53ad4215d47679777cdc9,69c454f0a957309ec861affe,3894,trial
3779,good,37,4,"Struggled a bit with the second category because sometimes neutral or bad experiences can give a strong reaction that is neither calm nor excited, more angry? I tried my best with the scale though!",pizza,Higher degree,😔,144113,1774533482507,1774533338394,female,0,4,true,English,5fad067ff08c05352a19febf,69c53ad4215d47679777cdc9,69c454f0a957309ec861affe,4186,attention
3779,good,37,,"Struggled a bit with the second category because sometimes neutral or bad experiences can give a strong reaction that is neither calm nor excited, more angry? I tried my best with the scale though!",movie,Higher degree,null,144113,1774533482507,1774533338394,female,5,5,true,English,5fad067ff08c05352a19febf,69c53ad4215d47679777cdc9,69c454f0a957309ec861affe,6718,trial
3779,terrible,37,,"Struggled a bit with the second category because sometimes neutral or bad experiences can give a strong reaction that is neither calm nor excited, more angry? I tried my best with the scale though!",coffee,Higher degree,🙁,144113,1774533482507,1774533338394,female,4,1,true,English,5fad067ff08c05352a19febf,69c53ad4215d47679777cdc9,69c454f0a957309ec861affe,5847,trial
3779,bad,37,,"Struggled a bit with the second category because sometimes neutral or bad experiences can give a strong reaction that is neither calm nor excited, more angry? I tried my best with the scale though!",coffee,Higher degree,😩,144113,1774533482507,1774533338394,female,4,1,true,English,5fad067ff08c05352a19febf,69c53ad4215d47679777cdc9,69c454f0a957309ec861affe,7293,trial
3779,okay,37,1,"Struggled a bit with the second category because sometimes neutral or bad experiences can give a strong reaction that is neither calm nor excited, more angry? I tried my best with the scale though!",pizza,Higher degree,☹️,144113,1774533482507,1774533338394,female,0,1,true,English,5fad067ff08c05352a19febf,69c53ad4215d47679777cdc9,69c454f0a957309ec861affe,2476,attention
3779,terrible,37,,"Struggled a bit with the second category because sometimes neutral or bad experiences can give a strong reaction that is neither calm nor excited, more angry? I tried my best with the scale though!",concert,Higher degree,null,144113,1774533482507,1774533338394,female,3,1,true,English,5fad067ff08c05352a19febf,69c53ad4215d47679777cdc9,69c454f0a957309ec861affe,5155,trial
3779,okay,37,,"Struggled a bit with the second category because sometimes neutral or bad experiences can give a strong reaction that is neither calm nor excited, more angry? I tried my best with the scale though!",cookie,Higher degree,😗,144113,1774533482507,1774533338394,female,5,5,true,English,5fad067ff08c05352a19febf,69c53ad4215d47679777cdc9,69c454f0a957309ec861affe,4137,trial
3779,bad,37,,"Struggled a bit with the second category because sometimes neutral or bad experiences can give a strong reaction that is neither calm nor excited, more angry? I tried my best with the scale though!",pizza,Higher degree,null,144113,1774533482507,1774533338394,female,3,2,true,English,5fad067ff08c05352a19febf,69c53ad4215d47679777cdc9,69c454f0a957309ec861affe,9418,trial
3779,good,37,,"Struggled a bit with the second category because sometimes neutral or bad experiences can give a strong reaction that is neither calm nor excited, more angry? I tried my best with the scale though!",restaurant meal,Higher degree,😊,144113,1774533482507,1774533338394,female,6,6,true,English,5fad067ff08c05352a19febf,69c53ad4215d47679777cdc9,69c454f0a957309ec861affe,3517,trial
3781,okay,60,,,concert,Graduated College,😗,183576,1774533535813,1774533352237,female,5,5,true,,660d6a1f4a7f1337de235daa,69c53add94d0b25e1f88d27f,69c454f0a957309ec861affe,16017,trial
3781,bad,60,,,coffee,Graduated College,😠,183576,1774533535813,1774533352237,female,7,1,true,,660d6a1f4a7f1337de235daa,69c53add94d0b25e1f88d27f,69c454f0a957309ec861affe,15015,trial
3781,good,60,,,concert,Graduated College,null,183576,1774533535813,1774533352237,female,7,7,true,,660d6a1f4a7f1337de235daa,69c53add94d0b25e1f88d27f,69c454f0a957309ec861affe,7968,trial
3781,good,60,5,,movie,Graduated College,☺️,183576,1774533535813,1774533352237,female,0,5,true,,660d6a1f4a7f1337de235daa,69c53add94d0b25e1f88d27f,69c454f0a957309ec861affe,10864,attention
3781,okay,60,,,coffee,Graduated College,null,183576,1774533535813,1774533352237,female,5,5,true,,660d6a1f4a7f1337de235daa,69c53add94d0b25e1f88d27f,69c454f0a957309ec861affe,9352,trial
3781,amazing,60,,,concert,Graduated College,null,183576,1774533535813,1774533352237,female,9,9,true,,660d6a1f4a7f1337de235daa,69c53add94d0b25e1f88d27f,69c454f0a957309ec861affe,6768,trial
3781,bad,60,,,coffee,Graduated College,null,183576,1774533535813,1774533352237,female,8,1,true,,660d6a1f4a7f1337de235daa,69c53add94d0b25e1f88d27f,69c454f0a957309ec861affe,9560,trial
3781,okay,60,3,,coffee,Graduated College,🙁,183576,1774533535813,1774533352237,female,0,3,true,,660d6a1f4a7f1337de235daa,69c53add94d0b25e1f88d27f,69c454f0a957309ec861affe,12128,attention
3781,terrible,60,,,cookie,Graduated College,😔,183576,1774533535813,1774533352237,female,7,1,true,,660d6a1f4a7f1337de235daa,69c53add94d0b25e1f88d27f,69c454f0a957309ec861affe,14359,trial
3781,amazing,60,,,movie,Graduated College,☺️,183576,1774533535813,1774533352237,female,9,9,true,,660d6a1f4a7f1337de235daa,69c53add94d0b25e1f88d27f,69c454f0a957309ec861affe,5800,trial
3781,terrible,60,,,pizza,Graduated College,null,183576,1774533535813,1774533352237,female,8,1,true,,660d6a1f4a7f1337de235daa,69c53add94d0b25e1f88d27f,69c454f0a957309ec861affe,10679,trial
3781,good,60,,,restaurant meal,Graduated College,😆,183576,1774533535813,1774533352237,female,8,8,true,,660d6a1f4a7f1337de235daa,69c53add94d0b25e1f88d27f,69c454f0a957309ec861affe,11911,trial
3782,terrible,32,,,concert,Higher degree,null,629715,1774533681678,1774533051963,female,8,3,true,english,672974d0ce1afadd5a93fa0f,69c5399e324eb74e6c83e2f4,69c454f0a957309ec861affe,11497,trial
3782,bad,32,,,party,Higher degree,null,629715,1774533681678,1774533051963,female,8,8,true,english,672974d0ce1afadd5a93fa0f,69c5399e324eb74e6c83e2f4,69c454f0a957309ec861affe,37243,trial
3782,amazing,32,,,party,Higher degree,😀,629715,1774533681678,1774533051963,female,9,8,true,english,672974d0ce1afadd5a93fa0f,69c5399e324eb74e6c83e2f4,69c454f0a957309ec861affe,7926,trial
3782,okay,32,4,,movie,Higher degree,😗,629715,1774533681678,1774533051963,female,0,4,true,english,672974d0ce1afadd5a93fa0f,69c5399e324eb74e6c83e2f4,69c454f0a957309ec861affe,10076,attention
3782,okay,32,,,cookie,Higher degree,null,629715,1774533681678,1774533051963,female,9,7,true,english,672974d0ce1afadd5a93fa0f,69c5399e324eb74e6c83e2f4,69c454f0a957309ec861affe,28095,trial
3782,terrible,32,,,movie,Higher degree,😩,629715,1774533681678,1774533051963,female,9,8,true,english,672974d0ce1afadd5a93fa0f,69c5399e324eb74e6c83e2f4,69c454f0a957309ec861affe,17307,trial
3782,bad,32,,,cookie,Higher degree,😩,629715,1774533681678,1774533051963,female,8,8,true,english,672974d0ce1afadd5a93fa0f,69c5399e324eb74e6c83e2f4,69c454f0a957309ec861affe,10735,trial
3782,good,32,1,,party,Higher degree,🙁,629715,1774533681678,1774533051963,female,0,1,true,english,672974d0ce1afadd5a93fa0f,69c5399e324eb74e6c83e2f4,69c454f0a957309ec861affe,8240,attention
3782,okay,32,,,concert,Higher degree,😗,629715,1774533681678,1774533051963,female,9,8,true,english,672974d0ce1afadd5a93fa0f,69c5399e324eb74e6c83e2f4,69c454f0a957309ec861affe,12910,trial
3782,good,32,,,cookie,Higher degree,😊,629715,1774533681678,1774533051963,female,9,8,true,english,672974d0ce1afadd5a93fa0f,69c5399e324eb74e6c83e2f4,69c454f0a957309ec861affe,28023,trial
3782,good,32,,,restaurant meal,Higher degree,null,629715,1774533681678,1774533051963,female,8,8,true,english,672974d0ce1afadd5a93fa0f,69c5399e324eb74e6c83e2f4,69c454f0a957309ec861affe,14624,trial
3782,amazing,32,,,movie,Higher degree,null,629715,1774533681678,1774533051963,female,6,7,true,english,672974d0ce1afadd5a93fa0f,69c5399e324eb74e6c83e2f4,69c454f0a957309ec861affe,241894,trial
3783,bad,32,,,party,Graduated College,🙁,139690,1774533715114,1774533575424,male,6,3,true,english,67c74ce85a53a3888145adfd,69c53bc12be6b7f6ccae5c74,69c454f0a957309ec861affe,9160,trial
3783,terrible,32,,,coffee,Graduated College,😔,139690,1774533715114,1774533575424,male,7,2,true,english,67c74ce85a53a3888145adfd,69c53bc12be6b7f6ccae5c74,69c454f0a957309ec861affe,5298,trial
3783,good,32,,,cookie,Graduated College,🙂,139690,1774533715114,1774533575424,male,3,6,true,english,67c74ce85a53a3888145adfd,69c53bc12be6b7f6ccae5c74,69c454f0a957309ec861affe,6529,trial
3783,terrible,32,1,,coffee,Graduated College,🙂,139690,1774533715114,1774533575424,male,0,1,true,english,67c74ce85a53a3888145adfd,69c53bc12be6b7f6ccae5c74,69c454f0a957309ec861affe,6441,attention
3783,amazing,32,,,concert,Graduated College,null,139690,1774533715114,1774533575424,male,6,7,true,english,67c74ce85a53a3888145adfd,69c53bc12be6b7f6ccae5c74,69c454f0a957309ec861affe,7383,trial
3783,bad,32,,,concert,Graduated College,null,139690,1774533715114,1774533575424,male,3,3,true,english,67c74ce85a53a3888145adfd,69c53bc12be6b7f6ccae5c74,69c454f0a957309ec861affe,4666,trial
3783,terrible,32,,,coffee,Graduated College,null,139690,1774533715114,1774533575424,male,3,2,true,english,67c74ce85a53a3888145adfd,69c53bc12be6b7f6ccae5c74,69c454f0a957309ec861affe,7256,trial
3783,good,32,3,,concert,Graduated College,😩,139690,1774533715114,1774533575424,male,0,3,true,english,67c74ce85a53a3888145adfd,69c53bc12be6b7f6ccae5c74,69c454f0a957309ec861affe,29393,attention
3783,good,32,,,cookie,Graduated College,null,139690,1774533715114,1774533575424,male,2,7,true,english,67c74ce85a53a3888145adfd,69c53bc12be6b7f6ccae5c74,69c454f0a957309ec861affe,5222,trial
3783,amazing,32,,,pizza,Graduated College,😆,139690,1774533715114,1774533575424,male,8,8,true,english,67c74ce85a53a3888145adfd,69c53bc12be6b7f6ccae5c74,69c454f0a957309ec861affe,5161,trial
3783,okay,32,,,restaurant meal,Graduated College,null,139690,1774533715114,1774533575424,male,1,5,true,english,67c74ce85a53a3888145adfd,69c53bc12be6b7f6ccae5c74,69c454f0a957309ec861affe,5500,trial
3783,okay,32,,,cookie,Graduated College,😐,139690,1774533715114,1774533575424,male,4,3,true,english,67c74ce85a53a3888145adfd,69c53bc12be6b7f6ccae5c74,69c454f0a957309ec861affe,9342,trial
3784,good,33,,,party,Graduated High-school,😀,261739,1774533843307,1774533581568,male,7,8,true,English,660a6b953836d16312814993,69c53bc212bb832a166bb574,69c454f0a957309ec861affe,7469,trial
3784,terrible,33,,,restaurant meal,Graduated High-school,null,261739,1774533843307,1774533581568,male,4,1,true,English,660a6b953836d16312814993,69c53bc212bb832a166bb574,69c454f0a957309ec861affe,12156,trial
3784,terrible,33,,,party,Graduated High-school,😩,261739,1774533843307,1774533581568,male,6,1,true,English,660a6b953836d16312814993,69c53bc212bb832a166bb574,69c454f0a957309ec861affe,8101,trial
3784,amazing,33,2,,coffee,Graduated High-school,😆,261739,1774533843307,1774533581568,male,0,2,true,English,660a6b953836d16312814993,69c53bc212bb832a166bb574,69c454f0a957309ec861affe,3866,attention
3784,bad,33,,,movie,Graduated High-school,null,261739,1774533843307,1774533581568,male,2,3,true,English,660a6b953836d16312814993,69c53bc212bb832a166bb574,69c454f0a957309ec861affe,7324,trial
3784,good,33,,,cookie,Graduated High-school,null,261739,1774533843307,1774533581568,male,2,8,true,English,660a6b953836d16312814993,69c53bc212bb832a166bb574,69c454f0a957309ec861affe,5253,trial
3784,okay,33,,,concert,Graduated High-school,😗,261739,1774533843307,1774533581568,male,6,5,true,English,660a6b953836d16312814993,69c53bc212bb832a166bb574,69c454f0a957309ec861affe,161596,trial
3784,good,33,3,,coffee,Graduated High-school,🙂,261739,1774533843307,1774533581568,male,0,3,true,English,660a6b953836d16312814993,69c53bc212bb832a166bb574,69c454f0a957309ec861affe,6291,attention
3784,amazing,33,,,coffee,Graduated High-school,🙂,261739,1774533843307,1774533581568,male,7,8,true,English,660a6b953836d16312814993,69c53bc212bb832a166bb574,69c454f0a957309ec861affe,7089,trial
3784,amazing,33,,,restaurant meal,Graduated High-school,null,261739,1774533843307,1774533581568,male,3,8,true,English,660a6b953836d16312814993,69c53bc212bb832a166bb574,69c454f0a957309ec861affe,5742,trial
3784,okay,33,,,concert,Graduated High-school,null,261739,1774533843307,1774533581568,male,1,5,true,English,660a6b953836d16312814993,69c53bc212bb832a166bb574,69c454f0a957309ec861affe,5470,trial
3784,bad,33,,,coffee,Graduated High-school,🙁,261739,1774533843307,1774533581568,male,7,2,true,English,660a6b953836d16312814993,69c53bc212bb832a166bb574,69c454f0a957309ec861affe,4895,trial
3785,terrible,56,,,movie,Higher degree,😔,235985,1774533967226,1774533731241,male,7,2,true,English,5f9556e826384e3aaa4f0f01,69c53c5b592a6fa8aa5e2f71,69c454f0a957309ec861affe,22552,trial
3785,okay,56,,,cookie,Higher degree,😗,235985,1774533967226,1774533731241,male,2,5,true,English,5f9556e826384e3aaa4f0f01,69c53c5b592a6fa8aa5e2f71,69c454f0a957309ec861affe,12721,trial
3785,okay,56,,,pizza,Higher degree,null,235985,1774533967226,1774533731241,male,3,5,true,English,5f9556e826384e3aaa4f0f01,69c53c5b592a6fa8aa5e2f71,69c454f0a957309ec861affe,11574,trial
3785,good,56,2,,party,Higher degree,☺️,235985,1774533967226,1774533731241,male,0,2,true,English,5f9556e826384e3aaa4f0f01,69c53c5b592a6fa8aa5e2f71,69c454f0a957309ec861affe,13510,attention
3785,good,56,,,pizza,Higher degree,😀,235985,1774533967226,1774533731241,male,7,7,true,English,5f9556e826384e3aaa4f0f01,69c53c5b592a6fa8aa5e2f71,69c454f0a957309ec861affe,21873,trial
3785,terrible,56,,,movie,Higher degree,null,235985,1774533967226,1774533731241,male,4,3,true,English,5f9556e826384e3aaa4f0f01,69c53c5b592a6fa8aa5e2f71,69c454f0a957309ec861affe,19097,trial
3785,bad,56,,,movie,Higher degree,null,235985,1774533967226,1774533731241,male,4,4,true,English,5f9556e826384e3aaa4f0f01,69c53c5b592a6fa8aa5e2f71,69c454f0a957309ec861affe,13783,trial
3785,bad,56,4,,movie,Higher degree,😊,235985,1774533967226,1774533731241,male,0,4,true,English,5f9556e826384e3aaa4f0f01,69c53c5b592a6fa8aa5e2f71,69c454f0a957309ec861affe,4991,attention
3785,good,56,,,movie,Higher degree,null,235985,1774533967226,1774533731241,male,4,6,true,English,5f9556e826384e3aaa4f0f01,69c53c5b592a6fa8aa5e2f71,69c454f0a957309ec861affe,17976,trial
3785,bad,56,,,cookie,Higher degree,😩,235985,1774533967226,1774533731241,male,7,3,true,English,5f9556e826384e3aaa4f0f01,69c53c5b592a6fa8aa5e2f71,69c454f0a957309ec861affe,13208,trial
3785,amazing,56,,,pizza,Higher degree,null,235985,1774533967226,1774533731241,male,6,7,true,English,5f9556e826384e3aaa4f0f01,69c53c5b592a6fa8aa5e2f71,69c454f0a957309ec861affe,16575,trial
3785,amazing,56,,,restaurant meal,Higher degree,☺️,235985,1774533967226,1774533731241,male,7,7,true,English,5f9556e826384e3aaa4f0f01,69c53c5b592a6fa8aa5e2f71,69c454f0a957309ec861affe,17167,trial
3786,good,34,,No comment,pizza,Higher degree,☺️,235981,1774534071645,1774533835664,female,6,6,true,Yoruba Language and Englisg Language,678b5f5e023e304c0386d11f,69c53cbd520c9806ae847ab1,69c454f0a957309ec861affe,30126,trial
3786,okay,34,,No comment,coffee,Higher degree,null,235981,1774534071645,1774533835664,female,3,4,true,Yoruba Language and Englisg Language,678b5f5e023e304c0386d11f,69c53cbd520c9806ae847ab1,69c454f0a957309ec861affe,17466,trial
3786,good,34,,No comment,pizza,Higher degree,null,235981,1774534071645,1774533835664,female,4,5,true,Yoruba Language and Englisg Language,678b5f5e023e304c0386d11f,69c53cbd520c9806ae847ab1,69c454f0a957309ec861affe,12583,trial
3786,terrible,34,2,No comment,cookie,Higher degree,😊,235981,1774534071645,1774533835664,female,0,2,true,Yoruba Language and Englisg Language,678b5f5e023e304c0386d11f,69c53cbd520c9806ae847ab1,69c454f0a957309ec861affe,12518,attention
3786,amazing,34,,No comment,pizza,Higher degree,null,235981,1774534071645,1774533835664,female,9,9,true,Yoruba Language and Englisg Language,678b5f5e023e304c0386d11f,69c53cbd520c9806ae847ab1,69c454f0a957309ec861affe,18866,trial
3786,bad,34,,No comment,party,Higher degree,😔,235981,1774534071645,1774533835664,female,1,1,true,Yoruba Language and Englisg Language,678b5f5e023e304c0386d11f,69c53cbd520c9806ae847ab1,69c454f0a957309ec861affe,12985,trial
3786,okay,34,,No comment,coffee,Higher degree,😐,235981,1774534071645,1774533835664,female,4,5,true,Yoruba Language and Englisg Language,678b5f5e023e304c0386d11f,69c53cbd520c9806ae847ab1,69c454f0a957309ec861affe,6825,trial
3786,terrible,34,4,No comment,party,Higher degree,🙂,235981,1774534071645,1774533835664,female,0,4,true,Yoruba Language and Englisg Language,678b5f5e023e304c0386d11f,69c53cbd520c9806ae847ab1,69c454f0a957309ec861affe,8367,attention
3786,bad,34,,No comment,party,Higher degree,null,235981,1774534071645,1774533835664,female,2,2,true,Yoruba Language and Englisg Language,678b5f5e023e304c0386d11f,69c53cbd520c9806ae847ab1,69c454f0a957309ec861affe,10692,trial
3786,amazing,34,,No comment,restaurant meal,Higher degree,😀,235981,1774534071645,1774533835664,female,8,8,true,Yoruba Language and Englisg Language,678b5f5e023e304c0386d11f,69c53cbd520c9806ae847ab1,69c454f0a957309ec861affe,7632,trial
3786,terrible,34,,No comment,movie,Higher degree,null,235981,1774534071645,1774533835664,female,3,3,true,Yoruba Language and Englisg Language,678b5f5e023e304c0386d11f,69c53cbd520c9806ae847ab1,69c454f0a957309ec861affe,8036,trial
3786,terrible,34,,No comment,party,Higher degree,😠,235981,1774534071645,1774533835664,female,1,1,true,Yoruba Language and Englisg Language,678b5f5e023e304c0386d11f,69c53cbd520c9806ae847ab1,69c454f0a957309ec861affe,5006,trial
3787,okay,35,,"Thank you for using Prolific, have a great day!",restaurant meal,Graduated High-school,null,124011,1774534062051,1774533938040,female,2,6,true,English,695fe74c64008cd1562be302,69c53d2bec6afd9bbd3225d7,69c454f0a957309ec861affe,11232,trial
3787,okay,35,,"Thank you for using Prolific, have a great day!",concert,Graduated High-school,😗,124011,1774534062051,1774533938040,female,2,6,true,English,695fe74c64008cd1562be302,69c53d2bec6afd9bbd3225d7,69c454f0a957309ec861affe,9103,trial
3787,bad,35,,"Thank you for using Prolific, have a great day!",party,Graduated High-school,null,124011,1774534062051,1774533938040,female,4,2,true,English,695fe74c64008cd1562be302,69c53d2bec6afd9bbd3225d7,69c454f0a957309ec861affe,8624,trial
3787,good,35,4,"Thank you for using Prolific, have a great day!",movie,Graduated High-school,😊,124011,1774534062051,1774533938040,female,0,4,true,English,695fe74c64008cd1562be302,69c53d2bec6afd9bbd3225d7,69c454f0a957309ec861affe,4456,attention
3787,amazing,35,,"Thank you for using Prolific, have a great day!",movie,Graduated High-school,null,124011,1774534062051,1774533938040,female,6,8,true,English,695fe74c64008cd1562be302,69c53d2bec6afd9bbd3225d7,69c454f0a957309ec861affe,6824,trial
3787,good,35,,"Thank you for using Prolific, have a great day!",movie,Graduated High-school,☺️,124011,1774534062051,1774533938040,female,5,7,true,English,695fe74c64008cd1562be302,69c53d2bec6afd9bbd3225d7,69c454f0a957309ec861affe,7688,trial
3787,terrible,35,,"Thank you for using Prolific, have a great day!",pizza,Graduated High-school,😔,124011,1774534062051,1774533938040,female,5,2,true,English,695fe74c64008cd1562be302,69c53d2bec6afd9bbd3225d7,69c454f0a957309ec861affe,9704,trial
3787,good,35,4,"Thank you for using Prolific, have a great day!",movie,Graduated High-school,😔,124011,1774534062051,1774533938040,female,0,4,true,English,695fe74c64008cd1562be302,69c53d2bec6afd9bbd3225d7,69c454f0a957309ec861affe,3008,attention
3787,terrible,35,,"Thank you for using Prolific, have a great day!",coffee,Graduated High-school,null,124011,1774534062051,1774533938040,female,5,2,true,English,695fe74c64008cd1562be302,69c53d2bec6afd9bbd3225d7,69c454f0a957309ec861affe,8888,trial
3787,amazing,35,,"Thank you for using Prolific, have a great day!",party,Graduated High-school,😆,124011,1774534062051,1774533938040,female,8,9,true,English,695fe74c64008cd1562be302,69c53d2bec6afd9bbd3225d7,69c454f0a957309ec861affe,6376,trial
3787,bad,35,,"Thank you for using Prolific, have a great day!",restaurant meal,Graduated High-school,☹️,124011,1774534062051,1774533938040,female,5,1,true,English,695fe74c64008cd1562be302,69c53d2bec6afd9bbd3225d7,69c454f0a957309ec861affe,6728,trial
3787,good,35,,"Thank you for using Prolific, have a great day!",cookie,Graduated High-school,null,124011,1774534062051,1774533938040,female,4,7,true,English,695fe74c64008cd1562be302,69c53d2bec6afd9bbd3225d7,69c454f0a957309ec861affe,8736,trial
3788,amazing,38,,,restaurant meal,Graduated College,😆,155742,1774534127262,1774533971520,female,7,8,true,english,6997839922615b5b1e53ad38,69c53d4a83635a84ca04c919,69c454f0a957309ec861affe,12301,trial
3788,amazing,38,,,pizza,Graduated College,null,155742,1774534127262,1774533971520,female,7,7,true,english,6997839922615b5b1e53ad38,69c53d4a83635a84ca04c919,69c454f0a957309ec861affe,11333,trial
3788,bad,38,,,concert,Graduated College,null,155742,1774534127262,1774533971520,female,8,3,true,english,6997839922615b5b1e53ad38,69c53d4a83635a84ca04c919,69c454f0a957309ec861affe,11617,trial
3788,good,38,4,,concert,Graduated College,😀,155742,1774534127262,1774533971520,female,0,4,true,english,6997839922615b5b1e53ad38,69c53d4a83635a84ca04c919,69c454f0a957309ec861affe,5546,attention
3788,okay,38,,,concert,Graduated College,null,155742,1774534127262,1774533971520,female,5,5,true,english,6997839922615b5b1e53ad38,69c53d4a83635a84ca04c919,69c454f0a957309ec861affe,12438,trial
3788,good,38,,,pizza,Graduated College,☺️,155742,1774534127262,1774533971520,female,5,7,true,english,6997839922615b5b1e53ad38,69c53d4a83635a84ca04c919,69c454f0a957309ec861affe,11182,trial
3788,terrible,38,,,pizza,Graduated College,🙁,155742,1774534127262,1774533971520,female,7,1,true,english,6997839922615b5b1e53ad38,69c53d4a83635a84ca04c919,69c454f0a957309ec861affe,6652,trial
3788,okay,38,3,,coffee,Graduated College,🙂,155742,1774534127262,1774533971520,female,0,3,true,english,6997839922615b5b1e53ad38,69c53d4a83635a84ca04c919,69c454f0a957309ec861affe,4649,attention
3788,okay,38,,,restaurant meal,Graduated College,😐,155742,1774534127262,1774533971520,female,5,5,true,english,6997839922615b5b1e53ad38,69c53d4a83635a84ca04c919,69c454f0a957309ec861affe,24183,trial
3788,good,38,,,concert,Graduated College,null,155742,1774534127262,1774533971520,female,7,7,true,english,6997839922615b5b1e53ad38,69c53d4a83635a84ca04c919,69c454f0a957309ec861affe,8364,trial
3788,bad,38,,,concert,Graduated College,☹️,155742,1774534127262,1774533971520,female,7,3,true,english,6997839922615b5b1e53ad38,69c53d4a83635a84ca04c919,69c454f0a957309ec861affe,5067,trial
3788,terrible,38,,,cookie,Graduated College,null,155742,1774534127262,1774533971520,female,8,1,true,english,6997839922615b5b1e53ad38,69c53d4a83635a84ca04c919,69c454f0a957309ec861affe,6335,trial
3789,okay,34,,No comment,cookie,Higher degree,😐,104260,1774534212647,1774534108387,female,5,5,true,Yoruba Language and English Language,678b5f5e023e304c0386d11f,69c53cbd520c9806ae847ab1,69c454f0a957309ec861affe,6190,trial
3789,terrible,34,,No comment,movie,Higher degree,null,104260,1774534212647,1774534108387,female,4,4,true,Yoruba Language and English Language,678b5f5e023e304c0386d11f,69c53cbd520c9806ae847ab1,69c454f0a957309ec861affe,6116,trial
3789,amazing,34,,No comment,party,Higher degree,😆,104260,1774534212647,1774534108387,female,9,9,true,Yoruba Language and English Language,678b5f5e023e304c0386d11f,69c53cbd520c9806ae847ab1,69c454f0a957309ec861affe,5712,trial
3789,terrible,34,3,No comment,movie,Higher degree,☹️,104260,1774534212647,1774534108387,female,0,3,true,Yoruba Language and English Language,678b5f5e023e304c0386d11f,69c53cbd520c9806ae847ab1,69c454f0a957309ec861affe,9683,attention
3789,good,34,,No comment,concert,Higher degree,null,104260,1774534212647,1774534108387,female,5,5,true,Yoruba Language and English Language,678b5f5e023e304c0386d11f,69c53cbd520c9806ae847ab1,69c454f0a957309ec861affe,6113,trial
3789,terrible,34,,No comment,coffee,Higher degree,🙁,104260,1774534212647,1774534108387,female,3,3,true,Yoruba Language and English Language,678b5f5e023e304c0386d11f,69c53cbd520c9806ae847ab1,69c454f0a957309ec861affe,5215,trial
3789,bad,34,,No comment,coffee,Higher degree,😔,104260,1774534212647,1774534108387,female,4,4,true,Yoruba Language and English Language,678b5f5e023e304c0386d11f,69c53cbd520c9806ae847ab1,69c454f0a957309ec861affe,5457,trial
3789,good,34,2,No comment,cookie,Higher degree,☺️,104260,1774534212647,1774534108387,female,0,2,true,Yoruba Language and English Language,678b5f5e023e304c0386d11f,69c53cbd520c9806ae847ab1,69c454f0a957309ec861affe,3461,attention
3789,okay,34,,No comment,cookie,Higher degree,null,104260,1774534212647,1774534108387,female,5,5,true,Yoruba Language and English Language,678b5f5e023e304c0386d11f,69c53cbd520c9806ae847ab1,69c454f0a957309ec861affe,4299,trial
3789,bad,34,,No comment,pizza,Higher degree,null,104260,1774534212647,1774534108387,female,3,3,true,Yoruba Language and English Language,678b5f5e023e304c0386d11f,69c53cbd520c9806ae847ab1,69c454f0a957309ec861affe,5304,trial
3789,amazing,34,,No comment,coffee,Higher degree,null,104260,1774534212647,1774534108387,female,7,7,true,Yoruba Language and English Language,678b5f5e023e304c0386d11f,69c53cbd520c9806ae847ab1,69c454f0a957309ec861affe,5434,trial
3789,good,34,,No comment,movie,Higher degree,☺️,104260,1774534212647,1774534108387,female,7,7,true,Yoruba Language and English Language,678b5f5e023e304c0386d11f,69c53cbd520c9806ae847ab1,69c454f0a957309ec861affe,4994,trial
3790,bad,30,,,coffee,Higher degree,😩,246139,1774534223384,1774533977245,male,7,2,true,english,695f9b6e33064c4ebb042c20,69c53d5371941e6b56a7a000,69c454f0a957309ec861affe,11120,trial
3790,amazing,30,,,restaurant meal,Higher degree,null,246139,1774534223384,1774533977245,male,8,8,true,english,695f9b6e33064c4ebb042c20,69c53d5371941e6b56a7a000,69c454f0a957309ec861affe,7114,trial
3790,terrible,30,,,pizza,Higher degree,😩,246139,1774534223384,1774533977245,male,7,2,true,english,695f9b6e33064c4ebb042c20,69c53d5371941e6b56a7a000,69c454f0a957309ec861affe,4998,trial
3790,amazing,30,2,,restaurant meal,Higher degree,😀,246139,1774534223384,1774533977245,male,0,2,true,english,695f9b6e33064c4ebb042c20,69c53d5371941e6b56a7a000,69c454f0a957309ec861affe,6840,attention
3790,terrible,30,,,pizza,Higher degree,null,246139,1774534223384,1774533977245,male,5,3,true,english,695f9b6e33064c4ebb042c20,69c53d5371941e6b56a7a000,69c454f0a957309ec861affe,9338,trial
3790,okay,30,,,restaurant meal,Higher degree,null,246139,1774534223384,1774533977245,male,5,5,true,english,695f9b6e33064c4ebb042c20,69c53d5371941e6b56a7a000,69c454f0a957309ec861affe,14951,trial
3790,okay,30,,,party,Higher degree,😗,246139,1774534223384,1774533977245,male,6,5,true,english,695f9b6e33064c4ebb042c20,69c53d5371941e6b56a7a000,69c454f0a957309ec861affe,5161,trial
3790,okay,30,3,,concert,Higher degree,🙁,246139,1774534223384,1774533977245,male,0,3,true,english,695f9b6e33064c4ebb042c20,69c53d5371941e6b56a7a000,69c454f0a957309ec861affe,4543,attention
3790,good,30,,,pizza,Higher degree,😆,246139,1774534223384,1774533977245,male,8,6,true,english,695f9b6e33064c4ebb042c20,69c53d5371941e6b56a7a000,69c454f0a957309ec861affe,7138,trial
3790,good,30,,,restaurant meal,Higher degree,null,246139,1774534223384,1774533977245,male,2,5,true,english,695f9b6e33064c4ebb042c20,69c53d5371941e6b56a7a000,69c454f0a957309ec861affe,33079,trial
3790,bad,30,,,movie,Higher degree,null,246139,1774534223384,1774533977245,male,3,3,true,english,695f9b6e33064c4ebb042c20,69c53d5371941e6b56a7a000,69c454f0a957309ec861affe,5453,trial
3790,amazing,30,,,cookie,Higher degree,☺️,246139,1774534223384,1774533977245,male,6,6,true,english,695f9b6e33064c4ebb042c20,69c53d5371941e6b56a7a000,69c454f0a957309ec861affe,26570,trial
3791,okay,79,,,movie,Graduated High-school,null,349961,1774534242885,1774533892924,female,4,4,true,English,60b94f837bfda8b1977feef0,69c53cb97ad38ae4c9576cd4,69c454f0a957309ec861affe,36533,trial
3791,good,79,,,coffee,Graduated High-school,😀,349961,1774534242885,1774533892924,female,4,5,true,English,60b94f837bfda8b1977feef0,69c53cb97ad38ae4c9576cd4,69c454f0a957309ec861affe,26186,trial
3791,terrible,79,,,coffee,Graduated High-school,😠,349961,1774534242885,1774533892924,female,1,1,true,English,60b94f837bfda8b1977feef0,69c53cb97ad38ae4c9576cd4,69c454f0a957309ec861affe,21634,trial
3791,okay,79,2,,pizza,Graduated High-school,😠,349961,1774534242885,1774533892924,female,0,2,true,English,60b94f837bfda8b1977feef0,69c53cb97ad38ae4c9576cd4,69c454f0a957309ec861affe,17698,attention
3791,okay,79,,,concert,Graduated High-school,😗,349961,1774534242885,1774533892924,female,4,4,true,English,60b94f837bfda8b1977feef0,69c53cb97ad38ae4c9576cd4,69c454f0a957309ec861affe,18935,trial
3791,terrible,79,,,coffee,Graduated High-school,null,349961,1774534242885,1774533892924,female,1,1,true,English,60b94f837bfda8b1977feef0,69c53cb97ad38ae4c9576cd4,69c454f0a957309ec861affe,20484,trial
3791,amazing,79,,,restaurant meal,Graduated High-school,😆,349961,1774534242885,1774533892924,female,8,8,true,English,60b94f837bfda8b1977feef0,69c53cb97ad38ae4c9576cd4,69c454f0a957309ec861affe,18717,trial
3791,okay,79,3,,pizza,Graduated High-school,😠,349961,1774534242885,1774533892924,female,0,3,true,English,60b94f837bfda8b1977feef0,69c53cb97ad38ae4c9576cd4,69c454f0a957309ec861affe,7564,attention
3791,good,79,,,cookie,Graduated High-school,null,349961,1774534242885,1774533892924,female,5,5,true,English,60b94f837bfda8b1977feef0,69c53cb97ad38ae4c9576cd4,69c454f0a957309ec861affe,18223,trial
3791,bad,79,,,party,Graduated High-school,🙁,349961,1774534242885,1774533892924,female,1,2,true,English,60b94f837bfda8b1977feef0,69c53cb97ad38ae4c9576cd4,69c454f0a957309ec861affe,28212,trial
3791,bad,79,,,coffee,Graduated High-school,null,349961,1774534242885,1774533892924,female,2,2,true,English,60b94f837bfda8b1977feef0,69c53cb97ad38ae4c9576cd4,69c454f0a957309ec861affe,18166,trial
3791,amazing,79,,,movie,Graduated High-school,null,349961,1774534242885,1774533892924,female,8,8,true,English,60b94f837bfda8b1977feef0,69c53cb97ad38ae4c9576cd4,69c454f0a957309ec861affe,23502,trial
