submission_id,adj,age,applicability,attentionCheck,comments,context,education,experiment_duration,experiment_end_time,experiment_start_time,gender,isPassedAttention,languages,prolific_pid,prolific_session_id,prolific_study_id,responseTime,state,trialType
3224,okay,34,5,,,movie,Graduated College,130004,1772205224755,1772205094751,female,true,English,5ea9501501562703c7ef80b4,69a1b422fd2087db49a1ee57,69a18850c4d395e0a69fcdc7,15187,4,trial
3224,good,34,5,,,pizza,Graduated College,130004,1772205224755,1772205094751,female,true,English,5ea9501501562703c7ef80b4,69a1b422fd2087db49a1ee57,69a18850c4d395e0a69fcdc7,4765,4,trial
3224,amazing,34,1,,,restaurant meal,Graduated College,130004,1772205224755,1772205094751,female,true,English,5ea9501501562703c7ef80b4,69a1b422fd2087db49a1ee57,69a18850c4d395e0a69fcdc7,4778,1,trial
3224,okay,34,9,,,coffee,Graduated College,130004,1772205224755,1772205094751,female,true,English,5ea9501501562703c7ef80b4,69a1b422fd2087db49a1ee57,69a18850c4d395e0a69fcdc7,3959,3,trial
3224,good,34,3,,,cookie,Graduated College,130004,1772205224755,1772205094751,female,true,English,5ea9501501562703c7ef80b4,69a1b422fd2087db49a1ee57,69a18850c4d395e0a69fcdc7,3800,2,trial
3224,okay,34,2,,,coffee,Graduated College,130004,1772205224755,1772205094751,female,true,English,5ea9501501562703c7ef80b4,69a1b422fd2087db49a1ee57,69a18850c4d395e0a69fcdc7,3646,1,trial
3224,terrible,34,9,,,cookie,Graduated College,130004,1772205224755,1772205094751,female,true,English,5ea9501501562703c7ef80b4,69a1b422fd2087db49a1ee57,69a18850c4d395e0a69fcdc7,3063,1,trial
3224,good,34,9,,,coffee,Graduated College,130004,1772205224755,1772205094751,female,true,English,5ea9501501562703c7ef80b4,69a1b422fd2087db49a1ee57,69a18850c4d395e0a69fcdc7,5700,3,trial
3224,okay,34,2,2,,movie,Graduated College,130004,1772205224755,1772205094751,female,true,English,5ea9501501562703c7ef80b4,69a1b422fd2087db49a1ee57,69a18850c4d395e0a69fcdc7,4370,4,attention
3224,amazing,34,9,,,movie,Graduated College,130004,1772205224755,1772205094751,female,true,English,5ea9501501562703c7ef80b4,69a1b422fd2087db49a1ee57,69a18850c4d395e0a69fcdc7,3100,5,trial
3224,good,34,5,,,restaurant meal,Graduated College,130004,1772205224755,1772205094751,female,true,English,5ea9501501562703c7ef80b4,69a1b422fd2087db49a1ee57,69a18850c4d395e0a69fcdc7,3453,5,trial
3224,amazing,34,1,,,movie,Graduated College,130004,1772205224755,1772205094751,female,true,English,5ea9501501562703c7ef80b4,69a1b422fd2087db49a1ee57,69a18850c4d395e0a69fcdc7,3604,2,trial
3224,terrible,34,1,,,party,Graduated College,130004,1772205224755,1772205094751,female,true,English,5ea9501501562703c7ef80b4,69a1b422fd2087db49a1ee57,69a18850c4d395e0a69fcdc7,5442,5,trial
3224,okay,34,4,,,concert,Graduated College,130004,1772205224755,1772205094751,female,true,English,5ea9501501562703c7ef80b4,69a1b422fd2087db49a1ee57,69a18850c4d395e0a69fcdc7,3687,2,trial
3224,bad,34,1,,,coffee,Graduated College,130004,1772205224755,1772205094751,female,true,English,5ea9501501562703c7ef80b4,69a1b422fd2087db49a1ee57,69a18850c4d395e0a69fcdc7,3023,4,trial
3224,bad,34,7,,,coffee,Graduated College,130004,1772205224755,1772205094751,female,true,English,5ea9501501562703c7ef80b4,69a1b422fd2087db49a1ee57,69a18850c4d395e0a69fcdc7,3486,2,trial
3224,bad,34,1,,,cookie,Graduated College,130004,1772205224755,1772205094751,female,true,English,5ea9501501562703c7ef80b4,69a1b422fd2087db49a1ee57,69a18850c4d395e0a69fcdc7,7033,3,trial
3224,amazing,34,4,4,,concert,Graduated College,130004,1772205224755,1772205094751,female,true,English,5ea9501501562703c7ef80b4,69a1b422fd2087db49a1ee57,69a18850c4d395e0a69fcdc7,3058,1,attention
3224,amazing,34,3,,,concert,Graduated College,130004,1772205224755,1772205094751,female,true,English,5ea9501501562703c7ef80b4,69a1b422fd2087db49a1ee57,69a18850c4d395e0a69fcdc7,2973,3,trial
3224,okay,34,1,,,concert,Graduated College,130004,1772205224755,1772205094751,female,true,English,5ea9501501562703c7ef80b4,69a1b422fd2087db49a1ee57,69a18850c4d395e0a69fcdc7,4171,5,trial
3224,bad,34,9,,,pizza,Graduated College,130004,1772205224755,1772205094751,female,true,English,5ea9501501562703c7ef80b4,69a1b422fd2087db49a1ee57,69a18850c4d395e0a69fcdc7,2226,1,trial
3224,terrible,34,1,,,movie,Graduated College,130004,1772205224755,1772205094751,female,true,English,5ea9501501562703c7ef80b4,69a1b422fd2087db49a1ee57,69a18850c4d395e0a69fcdc7,2954,3,trial
3224,bad,34,1,,,pizza,Graduated College,130004,1772205224755,1772205094751,female,true,English,5ea9501501562703c7ef80b4,69a1b422fd2087db49a1ee57,69a18850c4d395e0a69fcdc7,2450,5,trial
3224,terrible,34,1,,,coffee,Graduated College,130004,1772205224755,1772205094751,female,true,English,5ea9501501562703c7ef80b4,69a1b422fd2087db49a1ee57,69a18850c4d395e0a69fcdc7,2544,4,trial
3224,amazing,34,8,,,concert,Graduated College,130004,1772205224755,1772205094751,female,true,English,5ea9501501562703c7ef80b4,69a1b422fd2087db49a1ee57,69a18850c4d395e0a69fcdc7,2114,4,trial
3224,terrible,34,6,,,cookie,Graduated College,130004,1772205224755,1772205094751,female,true,English,5ea9501501562703c7ef80b4,69a1b422fd2087db49a1ee57,69a18850c4d395e0a69fcdc7,2731,2,trial
3224,good,34,1,,,concert,Graduated College,130004,1772205224755,1772205094751,female,true,English,5ea9501501562703c7ef80b4,69a1b422fd2087db49a1ee57,69a18850c4d395e0a69fcdc7,2953,1,trial
3225,good,57,1,,,movie,Graduated High-school,170452,1772205245429,1772205074977,male,true,English,651ac88823e71c05dbc1ff63,69a1b40f29c6f4d94d664388,69a18850c4d395e0a69fcdc7,14640,2,trial
3225,terrible,57,1,,,pizza,Graduated High-school,170452,1772205245429,1772205074977,male,true,English,651ac88823e71c05dbc1ff63,69a1b40f29c6f4d94d664388,69a18850c4d395e0a69fcdc7,3980,4,trial
3225,terrible,57,1,,,cookie,Graduated High-school,170452,1772205245429,1772205074977,male,true,English,651ac88823e71c05dbc1ff63,69a1b40f29c6f4d94d664388,69a18850c4d395e0a69fcdc7,4004,3,trial
3225,good,57,1,,,coffee,Graduated High-school,170452,1772205245429,1772205074977,male,true,English,651ac88823e71c05dbc1ff63,69a1b40f29c6f4d94d664388,69a18850c4d395e0a69fcdc7,3838,1,trial
3225,okay,57,1,,,pizza,Graduated High-school,170452,1772205245429,1772205074977,male,true,English,651ac88823e71c05dbc1ff63,69a1b40f29c6f4d94d664388,69a18850c4d395e0a69fcdc7,3188,1,trial
3225,bad,57,9,,,pizza,Graduated High-school,170452,1772205245429,1772205074977,male,true,English,651ac88823e71c05dbc1ff63,69a1b40f29c6f4d94d664388,69a18850c4d395e0a69fcdc7,4216,1,trial
3225,okay,57,1,,,restaurant meal,Graduated High-school,170452,1772205245429,1772205074977,male,true,English,651ac88823e71c05dbc1ff63,69a1b40f29c6f4d94d664388,69a18850c4d395e0a69fcdc7,4920,5,trial
3225,okay,57,3,,,restaurant meal,Graduated High-school,170452,1772205245429,1772205074977,male,true,English,651ac88823e71c05dbc1ff63,69a1b40f29c6f4d94d664388,69a18850c4d395e0a69fcdc7,7992,2,trial
3225,bad,57,4,4,,pizza,Graduated High-school,170452,1772205245429,1772205074977,male,true,English,651ac88823e71c05dbc1ff63,69a1b40f29c6f4d94d664388,69a18850c4d395e0a69fcdc7,6284,2,attention
3225,amazing,57,1,,,pizza,Graduated High-school,170452,1772205245429,1772205074977,male,true,English,651ac88823e71c05dbc1ff63,69a1b40f29c6f4d94d664388,69a18850c4d395e0a69fcdc7,4602,2,trial
3225,terrible,57,2,,,coffee,Graduated High-school,170452,1772205245429,1772205074977,male,true,English,651ac88823e71c05dbc1ff63,69a1b40f29c6f4d94d664388,69a18850c4d395e0a69fcdc7,6482,2,trial
3225,okay,57,4,,,coffee,Graduated High-school,170452,1772205245429,1772205074977,male,true,English,651ac88823e71c05dbc1ff63,69a1b40f29c6f4d94d664388,69a18850c4d395e0a69fcdc7,5630,4,trial
3225,amazing,57,9,,,concert,Graduated High-school,170452,1772205245429,1772205074977,male,true,English,651ac88823e71c05dbc1ff63,69a1b40f29c6f4d94d664388,69a18850c4d395e0a69fcdc7,3140,5,trial
3225,good,57,7,,,movie,Graduated High-school,170452,1772205245429,1772205074977,male,true,English,651ac88823e71c05dbc1ff63,69a1b40f29c6f4d94d664388,69a18850c4d395e0a69fcdc7,4588,4,trial
3225,terrible,57,1,,,concert,Graduated High-school,170452,1772205245429,1772205074977,male,true,English,651ac88823e71c05dbc1ff63,69a1b40f29c6f4d94d664388,69a18850c4d395e0a69fcdc7,4744,5,trial
3225,terrible,57,9,,,coffee,Graduated High-school,170452,1772205245429,1772205074977,male,true,English,651ac88823e71c05dbc1ff63,69a1b40f29c6f4d94d664388,69a18850c4d395e0a69fcdc7,2982,1,trial
3225,bad,57,6,,,cookie,Graduated High-school,170452,1772205245429,1772205074977,male,true,English,651ac88823e71c05dbc1ff63,69a1b40f29c6f4d94d664388,69a18850c4d395e0a69fcdc7,9350,2,trial
3225,terrible,57,2,2,,restaurant meal,Graduated High-school,170452,1772205245429,1772205074977,male,true,English,651ac88823e71c05dbc1ff63,69a1b40f29c6f4d94d664388,69a18850c4d395e0a69fcdc7,4960,4,attention
3225,bad,57,1,,,restaurant meal,Graduated High-school,170452,1772205245429,1772205074977,male,true,English,651ac88823e71c05dbc1ff63,69a1b40f29c6f4d94d664388,69a18850c4d395e0a69fcdc7,4039,5,trial
3225,amazing,57,6,,,party,Graduated High-school,170452,1772205245429,1772205074977,male,true,English,651ac88823e71c05dbc1ff63,69a1b40f29c6f4d94d664388,69a18850c4d395e0a69fcdc7,3967,4,trial
3225,amazing,57,2,,,coffee,Graduated High-school,170452,1772205245429,1772205074977,male,true,English,651ac88823e71c05dbc1ff63,69a1b40f29c6f4d94d664388,69a18850c4d395e0a69fcdc7,5048,3,trial
3225,bad,57,1,,,party,Graduated High-school,170452,1772205245429,1772205074977,male,true,English,651ac88823e71c05dbc1ff63,69a1b40f29c6f4d94d664388,69a18850c4d395e0a69fcdc7,3784,3,trial
3225,good,57,7,,,party,Graduated High-school,170452,1772205245429,1772205074977,male,true,English,651ac88823e71c05dbc1ff63,69a1b40f29c6f4d94d664388,69a18850c4d395e0a69fcdc7,5928,5,trial
3225,okay,57,9,,,party,Graduated High-school,170452,1772205245429,1772205074977,male,true,English,651ac88823e71c05dbc1ff63,69a1b40f29c6f4d94d664388,69a18850c4d395e0a69fcdc7,3664,3,trial
3225,good,57,4,,,party,Graduated High-school,170452,1772205245429,1772205074977,male,true,English,651ac88823e71c05dbc1ff63,69a1b40f29c6f4d94d664388,69a18850c4d395e0a69fcdc7,5396,3,trial
3225,amazing,57,1,,,restaurant meal,Graduated High-school,170452,1772205245429,1772205074977,male,true,English,651ac88823e71c05dbc1ff63,69a1b40f29c6f4d94d664388,69a18850c4d395e0a69fcdc7,7722,1,trial
3225,bad,57,1,,,cookie,Graduated High-school,170452,1772205245429,1772205074977,male,true,English,651ac88823e71c05dbc1ff63,69a1b40f29c6f4d94d664388,69a18850c4d395e0a69fcdc7,2818,4,trial
3226,bad,31,1,,,movie,Graduated High-school,181829,1772205272612,1772205090783,female,true,English,673d25851173193daa4771ca,69a1b40fe906d5b86afdd2e9,69a18850c4d395e0a69fcdc7,9428,5,trial
3226,bad,31,3,,,coffee,Graduated High-school,181829,1772205272612,1772205090783,female,true,English,673d25851173193daa4771ca,69a1b40fe906d5b86afdd2e9,69a18850c4d395e0a69fcdc7,6210,3,trial
3226,good,31,8,,,pizza,Graduated High-school,181829,1772205272612,1772205090783,female,true,English,673d25851173193daa4771ca,69a1b40fe906d5b86afdd2e9,69a18850c4d395e0a69fcdc7,3950,4,trial
3226,bad,31,4,,,concert,Graduated High-school,181829,1772205272612,1772205090783,female,true,English,673d25851173193daa4771ca,69a1b40fe906d5b86afdd2e9,69a18850c4d395e0a69fcdc7,3156,2,trial
3226,okay,31,3,,,cookie,Graduated High-school,181829,1772205272612,1772205090783,female,true,English,673d25851173193daa4771ca,69a1b40fe906d5b86afdd2e9,69a18850c4d395e0a69fcdc7,2908,1,trial
3226,okay,31,2,,,movie,Graduated High-school,181829,1772205272612,1772205090783,female,true,English,673d25851173193daa4771ca,69a1b40fe906d5b86afdd2e9,69a18850c4d395e0a69fcdc7,6097,4,trial
3226,terrible,31,3,,,coffee,Graduated High-school,181829,1772205272612,1772205090783,female,true,English,673d25851173193daa4771ca,69a1b40fe906d5b86afdd2e9,69a18850c4d395e0a69fcdc7,3454,3,trial
3226,good,31,1,,,cookie,Graduated High-school,181829,1772205272612,1772205090783,female,true,English,673d25851173193daa4771ca,69a1b40fe906d5b86afdd2e9,69a18850c4d395e0a69fcdc7,2646,1,trial
3226,good,31,1,1,,cookie,Graduated High-school,181829,1772205272612,1772205090783,female,true,English,673d25851173193daa4771ca,69a1b40fe906d5b86afdd2e9,69a18850c4d395e0a69fcdc7,3132,4,attention
3226,bad,31,1,,,concert,Graduated High-school,181829,1772205272612,1772205090783,female,true,English,673d25851173193daa4771ca,69a1b40fe906d5b86afdd2e9,69a18850c4d395e0a69fcdc7,2954,4,trial
3226,amazing,31,2,,,pizza,Graduated High-school,181829,1772205272612,1772205090783,female,true,English,673d25851173193daa4771ca,69a1b40fe906d5b86afdd2e9,69a18850c4d395e0a69fcdc7,2550,2,trial
3226,okay,31,1,,,party,Graduated High-school,181829,1772205272612,1772205090783,female,true,English,673d25851173193daa4771ca,69a1b40fe906d5b86afdd2e9,69a18850c4d395e0a69fcdc7,2854,5,trial
3226,good,31,7,,,movie,Graduated High-school,181829,1772205272612,1772205090783,female,true,English,673d25851173193daa4771ca,69a1b40fe906d5b86afdd2e9,69a18850c4d395e0a69fcdc7,2632,3,trial
3226,okay,31,6,,,coffee,Graduated High-school,181829,1772205272612,1772205090783,female,true,English,673d25851173193daa4771ca,69a1b40fe906d5b86afdd2e9,69a18850c4d395e0a69fcdc7,2410,2,trial
3226,amazing,31,3,,,concert,Graduated High-school,181829,1772205272612,1772205090783,female,true,English,673d25851173193daa4771ca,69a1b40fe906d5b86afdd2e9,69a18850c4d395e0a69fcdc7,2696,3,trial
3226,terrible,31,1,,,party,Graduated High-school,181829,1772205272612,1772205090783,female,true,English,673d25851173193daa4771ca,69a1b40fe906d5b86afdd2e9,69a18850c4d395e0a69fcdc7,2278,4,trial
3226,amazing,31,7,,,restaurant meal,Graduated High-school,181829,1772205272612,1772205090783,female,true,English,673d25851173193daa4771ca,69a1b40fe906d5b86afdd2e9,69a18850c4d395e0a69fcdc7,2287,4,trial
3226,terrible,31,5,5,,cookie,Graduated High-school,181829,1772205272612,1772205090783,female,true,English,673d25851173193daa4771ca,69a1b40fe906d5b86afdd2e9,69a18850c4d395e0a69fcdc7,2645,2,attention
3226,amazing,31,1,,,coffee,Graduated High-school,181829,1772205272612,1772205090783,female,true,English,673d25851173193daa4771ca,69a1b40fe906d5b86afdd2e9,69a18850c4d395e0a69fcdc7,2918,1,trial
3226,amazing,31,9,,,cookie,Graduated High-school,181829,1772205272612,1772205090783,female,true,English,673d25851173193daa4771ca,69a1b40fe906d5b86afdd2e9,69a18850c4d395e0a69fcdc7,2797,5,trial
3226,terrible,31,1,,,pizza,Graduated High-school,181829,1772205272612,1772205090783,female,true,English,673d25851173193daa4771ca,69a1b40fe906d5b86afdd2e9,69a18850c4d395e0a69fcdc7,2401,5,trial
3226,okay,31,4,,,restaurant meal,Graduated High-school,181829,1772205272612,1772205090783,female,true,English,673d25851173193daa4771ca,69a1b40fe906d5b86afdd2e9,69a18850c4d395e0a69fcdc7,2845,3,trial
3226,good,31,7,,,pizza,Graduated High-school,181829,1772205272612,1772205090783,female,true,English,673d25851173193daa4771ca,69a1b40fe906d5b86afdd2e9,69a18850c4d395e0a69fcdc7,3736,5,trial
3226,good,31,3,,,movie,Graduated High-school,181829,1772205272612,1772205090783,female,true,English,673d25851173193daa4771ca,69a1b40fe906d5b86afdd2e9,69a18850c4d395e0a69fcdc7,2696,2,trial
3226,terrible,31,6,,,cookie,Graduated High-school,181829,1772205272612,1772205090783,female,true,English,673d25851173193daa4771ca,69a1b40fe906d5b86afdd2e9,69a18850c4d395e0a69fcdc7,4276,2,trial
3226,terrible,31,9,,,restaurant meal,Graduated High-school,181829,1772205272612,1772205090783,female,true,English,673d25851173193daa4771ca,69a1b40fe906d5b86afdd2e9,69a18850c4d395e0a69fcdc7,2028,1,trial
3226,bad,31,8,,,concert,Graduated High-school,181829,1772205272612,1772205090783,female,true,English,673d25851173193daa4771ca,69a1b40fe906d5b86afdd2e9,69a18850c4d395e0a69fcdc7,3994,1,trial
3231,okay,47,6,,,movie,Higher degree,217357,1772205332324,1772205114967,male,true,English,615df15772fbf6ba104032fe,69a1b432bd5a548c407d95aa,69a18850c4d395e0a69fcdc7,13037,3,trial
3231,good,47,3,,,restaurant meal,Higher degree,217357,1772205332324,1772205114967,male,true,English,615df15772fbf6ba104032fe,69a1b432bd5a548c407d95aa,69a18850c4d395e0a69fcdc7,17164,2,trial
3231,bad,47,1,,,movie,Higher degree,217357,1772205332324,1772205114967,male,true,English,615df15772fbf6ba104032fe,69a1b432bd5a548c407d95aa,69a18850c4d395e0a69fcdc7,5772,5,trial
3231,okay,47,3,,,concert,Higher degree,217357,1772205332324,1772205114967,male,true,English,615df15772fbf6ba104032fe,69a1b432bd5a548c407d95aa,69a18850c4d395e0a69fcdc7,12310,4,trial
3231,okay,47,3,,,restaurant meal,Higher degree,217357,1772205332324,1772205114967,male,true,English,615df15772fbf6ba104032fe,69a1b432bd5a548c407d95aa,69a18850c4d395e0a69fcdc7,10957,1,trial
3231,bad,47,1,,,cookie,Higher degree,217357,1772205332324,1772205114967,male,true,English,615df15772fbf6ba104032fe,69a1b432bd5a548c407d95aa,69a18850c4d395e0a69fcdc7,5528,3,trial
3231,amazing,47,9,,,movie,Higher degree,217357,1772205332324,1772205114967,male,true,English,615df15772fbf6ba104032fe,69a1b432bd5a548c407d95aa,69a18850c4d395e0a69fcdc7,4018,5,trial
3231,good,47,4,,,restaurant meal,Higher degree,217357,1772205332324,1772205114967,male,true,English,615df15772fbf6ba104032fe,69a1b432bd5a548c407d95aa,69a18850c4d395e0a69fcdc7,6032,5,trial
3231,okay,47,5,5,,movie,Higher degree,217357,1772205332324,1772205114967,male,true,English,615df15772fbf6ba104032fe,69a1b432bd5a548c407d95aa,69a18850c4d395e0a69fcdc7,8344,5,attention
3231,amazing,47,7,,,restaurant meal,Higher degree,217357,1772205332324,1772205114967,male,true,English,615df15772fbf6ba104032fe,69a1b432bd5a548c407d95aa,69a18850c4d395e0a69fcdc7,5716,4,trial
3231,amazing,47,1,,,party,Higher degree,217357,1772205332324,1772205114967,male,true,English,615df15772fbf6ba104032fe,69a1b432bd5a548c407d95aa,69a18850c4d395e0a69fcdc7,4592,1,trial
3231,bad,47,3,,,restaurant meal,Higher degree,217357,1772205332324,1772205114967,male,true,English,615df15772fbf6ba104032fe,69a1b432bd5a548c407d95aa,69a18850c4d395e0a69fcdc7,4062,4,trial
3231,terrible,47,2,,,party,Higher degree,217357,1772205332324,1772205114967,male,true,English,615df15772fbf6ba104032fe,69a1b432bd5a548c407d95aa,69a18850c4d395e0a69fcdc7,3538,2,trial
3231,terrible,47,1,,,restaurant meal,Higher degree,217357,1772205332324,1772205114967,male,true,English,615df15772fbf6ba104032fe,69a1b432bd5a548c407d95aa,69a18850c4d395e0a69fcdc7,6454,3,trial
3231,okay,47,7,,,coffee,Higher degree,217357,1772205332324,1772205114967,male,true,English,615df15772fbf6ba104032fe,69a1b432bd5a548c407d95aa,69a18850c4d395e0a69fcdc7,7283,2,trial
3231,good,47,5,,,concert,Higher degree,217357,1772205332324,1772205114967,male,true,English,615df15772fbf6ba104032fe,69a1b432bd5a548c407d95aa,69a18850c4d395e0a69fcdc7,7764,3,trial
3231,okay,47,1,,,restaurant meal,Higher degree,217357,1772205332324,1772205114967,male,true,English,615df15772fbf6ba104032fe,69a1b432bd5a548c407d95aa,69a18850c4d395e0a69fcdc7,5410,5,trial
3231,good,47,4,4,,party,Higher degree,217357,1772205332324,1772205114967,male,true,English,615df15772fbf6ba104032fe,69a1b432bd5a548c407d95aa,69a18850c4d395e0a69fcdc7,4544,2,attention
3231,amazing,47,2,,,concert,Higher degree,217357,1772205332324,1772205114967,male,true,English,615df15772fbf6ba104032fe,69a1b432bd5a548c407d95aa,69a18850c4d395e0a69fcdc7,6824,2,trial
3231,terrible,47,1,,,restaurant meal,Higher degree,217357,1772205332324,1772205114967,male,true,English,615df15772fbf6ba104032fe,69a1b432bd5a548c407d95aa,69a18850c4d395e0a69fcdc7,3770,5,trial
3231,bad,47,2,,,restaurant meal,Higher degree,217357,1772205332324,1772205114967,male,true,English,615df15772fbf6ba104032fe,69a1b432bd5a548c407d95aa,69a18850c4d395e0a69fcdc7,10332,2,trial
3231,terrible,47,1,,,restaurant meal,Higher degree,217357,1772205332324,1772205114967,male,true,English,615df15772fbf6ba104032fe,69a1b432bd5a548c407d95aa,69a18850c4d395e0a69fcdc7,3672,4,trial
3231,terrible,47,9,,,pizza,Higher degree,217357,1772205332324,1772205114967,male,true,English,615df15772fbf6ba104032fe,69a1b432bd5a548c407d95aa,69a18850c4d395e0a69fcdc7,5425,1,trial
3231,amazing,47,6,,,coffee,Higher degree,217357,1772205332324,1772205114967,male,true,English,615df15772fbf6ba104032fe,69a1b432bd5a548c407d95aa,69a18850c4d395e0a69fcdc7,6300,3,trial
3231,good,47,5,,,party,Higher degree,217357,1772205332324,1772205114967,male,true,English,615df15772fbf6ba104032fe,69a1b432bd5a548c407d95aa,69a18850c4d395e0a69fcdc7,3972,4,trial
3231,good,47,1,,,concert,Higher degree,217357,1772205332324,1772205114967,male,true,English,615df15772fbf6ba104032fe,69a1b432bd5a548c407d95aa,69a18850c4d395e0a69fcdc7,4178,1,trial
3231,bad,47,9,,,cookie,Higher degree,217357,1772205332324,1772205114967,male,true,English,615df15772fbf6ba104032fe,69a1b432bd5a548c407d95aa,69a18850c4d395e0a69fcdc7,6396,1,trial
3233,amazing,33,1,,,pizza,Graduated High-school,171149,1772205371773,1772205200624,female,true,English,6978c9de12be2c3293c32576,69a1b446fee665568fa9c96f,69a18850c4d395e0a69fcdc7,8839,2,trial
3233,amazing,33,9,,,restaurant meal,Graduated High-school,171149,1772205371773,1772205200624,female,true,English,6978c9de12be2c3293c32576,69a1b446fee665568fa9c96f,69a18850c4d395e0a69fcdc7,4685,4,trial
3233,terrible,33,9,,,movie,Graduated High-school,171149,1772205371773,1772205200624,female,true,English,6978c9de12be2c3293c32576,69a1b446fee665568fa9c96f,69a18850c4d395e0a69fcdc7,4229,1,trial
3233,terrible,33,8,,,movie,Graduated High-school,171149,1772205371773,1772205200624,female,true,English,6978c9de12be2c3293c32576,69a1b446fee665568fa9c96f,69a18850c4d395e0a69fcdc7,4812,2,trial
3233,good,33,5,,,restaurant meal,Graduated High-school,171149,1772205371773,1772205200624,female,true,English,6978c9de12be2c3293c32576,69a1b446fee665568fa9c96f,69a18850c4d395e0a69fcdc7,7919,3,trial
3233,good,33,7,,,cookie,Graduated High-school,171149,1772205371773,1772205200624,female,true,English,6978c9de12be2c3293c32576,69a1b446fee665568fa9c96f,69a18850c4d395e0a69fcdc7,4739,5,trial
3233,good,33,2,,,cookie,Graduated High-school,171149,1772205371773,1772205200624,female,true,English,6978c9de12be2c3293c32576,69a1b446fee665568fa9c96f,69a18850c4d395e0a69fcdc7,6622,2,trial
3233,bad,33,1,,,movie,Graduated High-school,171149,1772205371773,1772205200624,female,true,English,6978c9de12be2c3293c32576,69a1b446fee665568fa9c96f,69a18850c4d395e0a69fcdc7,3943,5,trial
3233,good,33,5,5,,concert,Graduated High-school,171149,1772205371773,1772205200624,female,true,English,6978c9de12be2c3293c32576,69a1b446fee665568fa9c96f,69a18850c4d395e0a69fcdc7,11909,3,attention
3233,bad,33,8,,,concert,Graduated High-school,171149,1772205371773,1772205200624,female,true,English,6978c9de12be2c3293c32576,69a1b446fee665568fa9c96f,69a18850c4d395e0a69fcdc7,5546,2,trial
3233,okay,33,2,,,pizza,Graduated High-school,171149,1772205371773,1772205200624,female,true,English,6978c9de12be2c3293c32576,69a1b446fee665568fa9c96f,69a18850c4d395e0a69fcdc7,8683,5,trial
3233,good,33,2,,,restaurant meal,Graduated High-school,171149,1772205371773,1772205200624,female,true,English,6978c9de12be2c3293c32576,69a1b446fee665568fa9c96f,69a18850c4d395e0a69fcdc7,4658,1,trial
3233,bad,33,2,,,pizza,Graduated High-school,171149,1772205371773,1772205200624,female,true,English,6978c9de12be2c3293c32576,69a1b446fee665568fa9c96f,69a18850c4d395e0a69fcdc7,3887,4,trial
3233,okay,33,3,,,coffee,Graduated High-school,171149,1772205371773,1772205200624,female,true,English,6978c9de12be2c3293c32576,69a1b446fee665568fa9c96f,69a18850c4d395e0a69fcdc7,6244,1,trial
3233,terrible,33,1,,,cookie,Graduated High-school,171149,1772205371773,1772205200624,female,true,English,6978c9de12be2c3293c32576,69a1b446fee665568fa9c96f,69a18850c4d395e0a69fcdc7,3667,5,trial
3233,terrible,33,2,,,cookie,Graduated High-school,171149,1772205371773,1772205200624,female,true,English,6978c9de12be2c3293c32576,69a1b446fee665568fa9c96f,69a18850c4d395e0a69fcdc7,4421,3,trial
3233,okay,33,9,,,cookie,Graduated High-school,171149,1772205371773,1772205200624,female,true,English,6978c9de12be2c3293c32576,69a1b446fee665568fa9c96f,69a18850c4d395e0a69fcdc7,4417,3,trial
3233,amazing,33,5,5,,movie,Graduated High-school,171149,1772205371773,1772205200624,female,true,English,6978c9de12be2c3293c32576,69a1b446fee665568fa9c96f,69a18850c4d395e0a69fcdc7,3692,2,attention
3233,okay,33,4,,,coffee,Graduated High-school,171149,1772205371773,1772205200624,female,true,English,6978c9de12be2c3293c32576,69a1b446fee665568fa9c96f,69a18850c4d395e0a69fcdc7,4000,4,trial
3233,amazing,33,9,,,movie,Graduated High-school,171149,1772205371773,1772205200624,female,true,English,6978c9de12be2c3293c32576,69a1b446fee665568fa9c96f,69a18850c4d395e0a69fcdc7,4276,5,trial
3233,bad,33,9,,,pizza,Graduated High-school,171149,1772205371773,1772205200624,female,true,English,6978c9de12be2c3293c32576,69a1b446fee665568fa9c96f,69a18850c4d395e0a69fcdc7,3904,1,trial
3233,amazing,33,1,,,concert,Graduated High-school,171149,1772205371773,1772205200624,female,true,English,6978c9de12be2c3293c32576,69a1b446fee665568fa9c96f,69a18850c4d395e0a69fcdc7,2775,1,trial
3233,amazing,33,3,,,restaurant meal,Graduated High-school,171149,1772205371773,1772205200624,female,true,English,6978c9de12be2c3293c32576,69a1b446fee665568fa9c96f,69a18850c4d395e0a69fcdc7,5615,3,trial
3233,okay,33,7,,,party,Graduated High-school,171149,1772205371773,1772205200624,female,true,English,6978c9de12be2c3293c32576,69a1b446fee665568fa9c96f,69a18850c4d395e0a69fcdc7,4756,2,trial
3233,good,33,9,,,movie,Graduated High-school,171149,1772205371773,1772205200624,female,true,English,6978c9de12be2c3293c32576,69a1b446fee665568fa9c96f,69a18850c4d395e0a69fcdc7,5206,4,trial
3233,bad,33,2,,,pizza,Graduated High-school,171149,1772205371773,1772205200624,female,true,English,6978c9de12be2c3293c32576,69a1b446fee665568fa9c96f,69a18850c4d395e0a69fcdc7,3855,3,trial
3233,terrible,33,1,,,party,Graduated High-school,171149,1772205371773,1772205200624,female,true,English,6978c9de12be2c3293c32576,69a1b446fee665568fa9c96f,69a18850c4d395e0a69fcdc7,5398,4,trial
3236,bad,43,6,,,restaurant meal,Graduated High-school,204957,1772205392817,1772205187860,female,true,english,66b73f9ba035651170b94c76,69a1b47586847da6b8877d10,69a18850c4d395e0a69fcdc7,12216,3,trial
3236,okay,43,8,,,concert,Graduated High-school,204957,1772205392817,1772205187860,female,true,english,66b73f9ba035651170b94c76,69a1b47586847da6b8877d10,69a18850c4d395e0a69fcdc7,10849,3,trial
3236,amazing,43,1,,,coffee,Graduated High-school,204957,1772205392817,1772205187860,female,true,english,66b73f9ba035651170b94c76,69a1b47586847da6b8877d10,69a18850c4d395e0a69fcdc7,5283,2,trial
3236,amazing,43,1,,,party,Graduated High-school,204957,1772205392817,1772205187860,female,true,english,66b73f9ba035651170b94c76,69a1b47586847da6b8877d10,69a18850c4d395e0a69fcdc7,2867,1,trial
3236,terrible,43,1,,,coffee,Graduated High-school,204957,1772205392817,1772205187860,female,true,english,66b73f9ba035651170b94c76,69a1b47586847da6b8877d10,69a18850c4d395e0a69fcdc7,3216,4,trial
3236,amazing,43,8,,,pizza,Graduated High-school,204957,1772205392817,1772205187860,female,true,english,66b73f9ba035651170b94c76,69a1b47586847da6b8877d10,69a18850c4d395e0a69fcdc7,4116,4,trial
3236,okay,43,4,,,restaurant meal,Graduated High-school,204957,1772205392817,1772205187860,female,true,english,66b73f9ba035651170b94c76,69a1b47586847da6b8877d10,69a18850c4d395e0a69fcdc7,4233,2,trial
3236,good,43,1,,,concert,Graduated High-school,204957,1772205392817,1772205187860,female,true,english,66b73f9ba035651170b94c76,69a1b47586847da6b8877d10,69a18850c4d395e0a69fcdc7,2666,1,trial
3236,good,43,3,3,,movie,Graduated High-school,204957,1772205392817,1772205187860,female,true,english,66b73f9ba035651170b94c76,69a1b47586847da6b8877d10,69a18850c4d395e0a69fcdc7,3384,3,attention
3236,bad,43,1,,,party,Graduated High-school,204957,1772205392817,1772205187860,female,true,english,66b73f9ba035651170b94c76,69a1b47586847da6b8877d10,69a18850c4d395e0a69fcdc7,2866,4,trial
3236,bad,43,6,,,party,Graduated High-school,204957,1772205392817,1772205187860,female,true,english,66b73f9ba035651170b94c76,69a1b47586847da6b8877d10,69a18850c4d395e0a69fcdc7,3650,2,trial
3236,okay,43,1,,,party,Graduated High-school,204957,1772205392817,1772205187860,female,true,english,66b73f9ba035651170b94c76,69a1b47586847da6b8877d10,69a18850c4d395e0a69fcdc7,3233,1,trial
3236,bad,43,9,,,party,Graduated High-school,204957,1772205392817,1772205187860,female,true,english,66b73f9ba035651170b94c76,69a1b47586847da6b8877d10,69a18850c4d395e0a69fcdc7,3216,1,trial
3236,terrible,43,1,,,movie,Graduated High-school,204957,1772205392817,1772205187860,female,true,english,66b73f9ba035651170b94c76,69a1b47586847da6b8877d10,69a18850c4d395e0a69fcdc7,3699,5,trial
3236,terrible,43,9,,,restaurant meal,Graduated High-school,204957,1772205392817,1772205187860,female,true,english,66b73f9ba035651170b94c76,69a1b47586847da6b8877d10,69a18850c4d395e0a69fcdc7,3267,1,trial
3236,amazing,43,1,,,movie,Graduated High-school,204957,1772205392817,1772205187860,female,true,english,66b73f9ba035651170b94c76,69a1b47586847da6b8877d10,69a18850c4d395e0a69fcdc7,3566,3,trial
3236,terrible,43,6,,,movie,Graduated High-school,204957,1772205392817,1772205187860,female,true,english,66b73f9ba035651170b94c76,69a1b47586847da6b8877d10,69a18850c4d395e0a69fcdc7,4767,2,trial
3236,amazing,43,3,3,,concert,Graduated High-school,204957,1772205392817,1772205187860,female,true,english,66b73f9ba035651170b94c76,69a1b47586847da6b8877d10,69a18850c4d395e0a69fcdc7,2816,1,attention
3236,good,43,6,,,party,Graduated High-school,204957,1772205392817,1772205187860,female,true,english,66b73f9ba035651170b94c76,69a1b47586847da6b8877d10,69a18850c4d395e0a69fcdc7,4133,5,trial
3236,good,43,3,,,cookie,Graduated High-school,204957,1772205392817,1772205187860,female,true,english,66b73f9ba035651170b94c76,69a1b47586847da6b8877d10,69a18850c4d395e0a69fcdc7,3967,3,trial
3236,okay,43,1,,,party,Graduated High-school,204957,1772205392817,1772205187860,female,true,english,66b73f9ba035651170b94c76,69a1b47586847da6b8877d10,69a18850c4d395e0a69fcdc7,2717,5,trial
3236,amazing,43,9,,,pizza,Graduated High-school,204957,1772205392817,1772205187860,female,true,english,66b73f9ba035651170b94c76,69a1b47586847da6b8877d10,69a18850c4d395e0a69fcdc7,2433,5,trial
3236,bad,43,1,,,restaurant meal,Graduated High-school,204957,1772205392817,1772205187860,female,true,english,66b73f9ba035651170b94c76,69a1b47586847da6b8877d10,69a18850c4d395e0a69fcdc7,2850,5,trial
3236,okay,43,4,,,movie,Graduated High-school,204957,1772205392817,1772205187860,female,true,english,66b73f9ba035651170b94c76,69a1b47586847da6b8877d10,69a18850c4d395e0a69fcdc7,3583,4,trial
3236,good,43,9,,,movie,Graduated High-school,204957,1772205392817,1772205187860,female,true,english,66b73f9ba035651170b94c76,69a1b47586847da6b8877d10,69a18850c4d395e0a69fcdc7,3100,4,trial
3236,terrible,43,1,,,party,Graduated High-school,204957,1772205392817,1772205187860,female,true,english,66b73f9ba035651170b94c76,69a1b47586847da6b8877d10,69a18850c4d395e0a69fcdc7,3784,3,trial
3236,good,43,2,,,restaurant meal,Graduated High-school,204957,1772205392817,1772205187860,female,true,english,66b73f9ba035651170b94c76,69a1b47586847da6b8877d10,69a18850c4d395e0a69fcdc7,3200,2,trial
3237,good,37,8,,,cookie,Higher degree,178702,1772205394440,1772205215738,female,true,English,69979fef59b226f225d82b9a,69a1b494db11686e2e2a813b,69a18850c4d395e0a69fcdc7,9477,4,trial
3237,okay,37,6,,,party,Higher degree,178702,1772205394440,1772205215738,female,true,English,69979fef59b226f225d82b9a,69a1b494db11686e2e2a813b,69a18850c4d395e0a69fcdc7,7023,4,trial
3237,good,37,5,,,movie,Higher degree,178702,1772205394440,1772205215738,female,true,English,69979fef59b226f225d82b9a,69a1b494db11686e2e2a813b,69a18850c4d395e0a69fcdc7,5948,5,trial
3237,okay,37,5,,,party,Higher degree,178702,1772205394440,1772205215738,female,true,English,69979fef59b226f225d82b9a,69a1b494db11686e2e2a813b,69a18850c4d395e0a69fcdc7,4941,5,trial
3237,good,37,6,,,party,Higher degree,178702,1772205394440,1772205215738,female,true,English,69979fef59b226f225d82b9a,69a1b494db11686e2e2a813b,69a18850c4d395e0a69fcdc7,6049,3,trial
3237,amazing,37,1,,,movie,Higher degree,178702,1772205394440,1772205215738,female,true,English,69979fef59b226f225d82b9a,69a1b494db11686e2e2a813b,69a18850c4d395e0a69fcdc7,4276,1,trial
3237,okay,37,8,,,coffee,Higher degree,178702,1772205394440,1772205215738,female,true,English,69979fef59b226f225d82b9a,69a1b494db11686e2e2a813b,69a18850c4d395e0a69fcdc7,5340,3,trial
3237,terrible,37,1,,,concert,Higher degree,178702,1772205394440,1772205215738,female,true,English,69979fef59b226f225d82b9a,69a1b494db11686e2e2a813b,69a18850c4d395e0a69fcdc7,3852,5,trial
3237,terrible,37,1,1,,party,Higher degree,178702,1772205394440,1772205215738,female,true,English,69979fef59b226f225d82b9a,69a1b494db11686e2e2a813b,69a18850c4d395e0a69fcdc7,5806,3,attention
3237,amazing,37,9,,,restaurant meal,Higher degree,178702,1772205394440,1772205215738,female,true,English,69979fef59b226f225d82b9a,69a1b494db11686e2e2a813b,69a18850c4d395e0a69fcdc7,4702,5,trial
3237,amazing,37,8,,,restaurant meal,Higher degree,178702,1772205394440,1772205215738,female,true,English,69979fef59b226f225d82b9a,69a1b494db11686e2e2a813b,69a18850c4d395e0a69fcdc7,3198,4,trial
3237,okay,37,3,,,concert,Higher degree,178702,1772205394440,1772205215738,female,true,English,69979fef59b226f225d82b9a,69a1b494db11686e2e2a813b,69a18850c4d395e0a69fcdc7,5038,1,trial
3237,good,37,1,,,movie,Higher degree,178702,1772205394440,1772205215738,female,true,English,69979fef59b226f225d82b9a,69a1b494db11686e2e2a813b,69a18850c4d395e0a69fcdc7,5546,1,trial
3237,good,37,3,,,party,Higher degree,178702,1772205394440,1772205215738,female,true,English,69979fef59b226f225d82b9a,69a1b494db11686e2e2a813b,69a18850c4d395e0a69fcdc7,3615,2,trial
3237,bad,37,1,,,movie,Higher degree,178702,1772205394440,1772205215738,female,true,English,69979fef59b226f225d82b9a,69a1b494db11686e2e2a813b,69a18850c4d395e0a69fcdc7,3092,4,trial
3237,bad,37,1,,,concert,Higher degree,178702,1772205394440,1772205215738,female,true,English,69979fef59b226f225d82b9a,69a1b494db11686e2e2a813b,69a18850c4d395e0a69fcdc7,3155,5,trial
3237,okay,37,4,,,party,Higher degree,178702,1772205394440,1772205215738,female,true,English,69979fef59b226f225d82b9a,69a1b494db11686e2e2a813b,69a18850c4d395e0a69fcdc7,3499,2,trial
3237,okay,37,3,3,,pizza,Higher degree,178702,1772205394440,1772205215738,female,true,English,69979fef59b226f225d82b9a,69a1b494db11686e2e2a813b,69a18850c4d395e0a69fcdc7,4246,3,attention
3237,bad,37,7,,,cookie,Higher degree,178702,1772205394440,1772205215738,female,true,English,69979fef59b226f225d82b9a,69a1b494db11686e2e2a813b,69a18850c4d395e0a69fcdc7,4947,2,trial
3237,terrible,37,1,,,cookie,Higher degree,178702,1772205394440,1772205215738,female,true,English,69979fef59b226f225d82b9a,69a1b494db11686e2e2a813b,69a18850c4d395e0a69fcdc7,3058,4,trial
3237,bad,37,2,,,pizza,Higher degree,178702,1772205394440,1772205215738,female,true,English,69979fef59b226f225d82b9a,69a1b494db11686e2e2a813b,69a18850c4d395e0a69fcdc7,7638,3,trial
3237,terrible,37,6,,,cookie,Higher degree,178702,1772205394440,1772205215738,female,true,English,69979fef59b226f225d82b9a,69a1b494db11686e2e2a813b,69a18850c4d395e0a69fcdc7,3981,2,trial
3237,terrible,37,1,,,concert,Higher degree,178702,1772205394440,1772205215738,female,true,English,69979fef59b226f225d82b9a,69a1b494db11686e2e2a813b,69a18850c4d395e0a69fcdc7,4441,3,trial
3237,terrible,37,9,,,party,Higher degree,178702,1772205394440,1772205215738,female,true,English,69979fef59b226f225d82b9a,69a1b494db11686e2e2a813b,69a18850c4d395e0a69fcdc7,2960,1,trial
3237,amazing,37,1,,,concert,Higher degree,178702,1772205394440,1772205215738,female,true,English,69979fef59b226f225d82b9a,69a1b494db11686e2e2a813b,69a18850c4d395e0a69fcdc7,5721,2,trial
3237,bad,37,8,,,pizza,Higher degree,178702,1772205394440,1772205215738,female,true,English,69979fef59b226f225d82b9a,69a1b494db11686e2e2a813b,69a18850c4d395e0a69fcdc7,3471,1,trial
3237,amazing,37,2,,,party,Higher degree,178702,1772205394440,1772205215738,female,true,English,69979fef59b226f225d82b9a,69a1b494db11686e2e2a813b,69a18850c4d395e0a69fcdc7,4632,3,trial
3239,amazing,31,7,,"Great study, thank you.",movie,Graduated College,234352,1772205431801,1772205197449,male,true,"English, Spanish",64309be1d7d085ed8ee4c129,69a1b48325907ba010abd2eb,69a18850c4d395e0a69fcdc7,10182,3,trial
3239,bad,31,9,,"Great study, thank you.",restaurant meal,Graduated College,234352,1772205431801,1772205197449,male,true,"English, Spanish",64309be1d7d085ed8ee4c129,69a1b48325907ba010abd2eb,69a18850c4d395e0a69fcdc7,10759,1,trial
3239,okay,31,9,,"Great study, thank you.",pizza,Graduated College,234352,1772205431801,1772205197449,male,true,"English, Spanish",64309be1d7d085ed8ee4c129,69a1b48325907ba010abd2eb,69a18850c4d395e0a69fcdc7,4382,3,trial
3239,okay,31,8,,"Great study, thank you.",pizza,Graduated College,234352,1772205431801,1772205197449,male,true,"English, Spanish",64309be1d7d085ed8ee4c129,69a1b48325907ba010abd2eb,69a18850c4d395e0a69fcdc7,7482,2,trial
3239,okay,31,3,,"Great study, thank you.",restaurant meal,Graduated College,234352,1772205431801,1772205197449,male,true,"English, Spanish",64309be1d7d085ed8ee4c129,69a1b48325907ba010abd2eb,69a18850c4d395e0a69fcdc7,7309,5,trial
3239,terrible,31,2,,"Great study, thank you.",movie,Graduated College,234352,1772205431801,1772205197449,male,true,"English, Spanish",64309be1d7d085ed8ee4c129,69a1b48325907ba010abd2eb,69a18850c4d395e0a69fcdc7,5885,4,trial
3239,okay,31,7,,"Great study, thank you.",cookie,Graduated College,234352,1772205431801,1772205197449,male,true,"English, Spanish",64309be1d7d085ed8ee4c129,69a1b48325907ba010abd2eb,69a18850c4d395e0a69fcdc7,8407,1,trial
3239,amazing,31,2,,"Great study, thank you.",movie,Graduated College,234352,1772205431801,1772205197449,male,true,"English, Spanish",64309be1d7d085ed8ee4c129,69a1b48325907ba010abd2eb,69a18850c4d395e0a69fcdc7,10526,2,trial
3239,bad,31,4,4,"Great study, thank you.",movie,Graduated College,234352,1772205431801,1772205197449,male,true,"English, Spanish",64309be1d7d085ed8ee4c129,69a1b48325907ba010abd2eb,69a18850c4d395e0a69fcdc7,3986,2,attention
3239,terrible,31,9,,"Great study, thank you.",party,Graduated College,234352,1772205431801,1772205197449,male,true,"English, Spanish",64309be1d7d085ed8ee4c129,69a1b48325907ba010abd2eb,69a18850c4d395e0a69fcdc7,4147,1,trial
3239,amazing,31,9,,"Great study, thank you.",coffee,Graduated College,234352,1772205431801,1772205197449,male,true,"English, Spanish",64309be1d7d085ed8ee4c129,69a1b48325907ba010abd2eb,69a18850c4d395e0a69fcdc7,3863,5,trial
3239,terrible,31,1,,"Great study, thank you.",restaurant meal,Graduated College,234352,1772205431801,1772205197449,male,true,"English, Spanish",64309be1d7d085ed8ee4c129,69a1b48325907ba010abd2eb,69a18850c4d395e0a69fcdc7,4838,5,trial
3239,bad,31,7,,"Great study, thank you.",movie,Graduated College,234352,1772205431801,1772205197449,male,true,"English, Spanish",64309be1d7d085ed8ee4c129,69a1b48325907ba010abd2eb,69a18850c4d395e0a69fcdc7,9760,3,trial
3239,bad,31,1,,"Great study, thank you.",party,Graduated College,234352,1772205431801,1772205197449,male,true,"English, Spanish",64309be1d7d085ed8ee4c129,69a1b48325907ba010abd2eb,69a18850c4d395e0a69fcdc7,3510,5,trial
3239,okay,31,7,,"Great study, thank you.",party,Graduated College,234352,1772205431801,1772205197449,male,true,"English, Spanish",64309be1d7d085ed8ee4c129,69a1b48325907ba010abd2eb,69a18850c4d395e0a69fcdc7,4662,4,trial
3239,good,31,9,,"Great study, thank you.",concert,Graduated College,234352,1772205431801,1772205197449,male,true,"English, Spanish",64309be1d7d085ed8ee4c129,69a1b48325907ba010abd2eb,69a18850c4d395e0a69fcdc7,8546,4,trial
3239,bad,31,9,,"Great study, thank you.",restaurant meal,Graduated College,234352,1772205431801,1772205197449,male,true,"English, Spanish",64309be1d7d085ed8ee4c129,69a1b48325907ba010abd2eb,69a18850c4d395e0a69fcdc7,7279,2,trial
3239,good,31,4,4,"Great study, thank you.",movie,Graduated College,234352,1772205431801,1772205197449,male,true,"English, Spanish",64309be1d7d085ed8ee4c129,69a1b48325907ba010abd2eb,69a18850c4d395e0a69fcdc7,3645,4,attention
3239,terrible,31,9,,"Great study, thank you.",restaurant meal,Graduated College,234352,1772205431801,1772205197449,male,true,"English, Spanish",64309be1d7d085ed8ee4c129,69a1b48325907ba010abd2eb,69a18850c4d395e0a69fcdc7,4290,2,trial
3239,good,31,2,,"Great study, thank you.",party,Graduated College,234352,1772205431801,1772205197449,male,true,"English, Spanish",64309be1d7d085ed8ee4c129,69a1b48325907ba010abd2eb,69a18850c4d395e0a69fcdc7,5640,2,trial
3239,good,31,8,,"Great study, thank you.",pizza,Graduated College,234352,1772205431801,1772205197449,male,true,"English, Spanish",64309be1d7d085ed8ee4c129,69a1b48325907ba010abd2eb,69a18850c4d395e0a69fcdc7,5566,5,trial
3239,amazing,31,1,,"Great study, thank you.",pizza,Graduated College,234352,1772205431801,1772205197449,male,true,"English, Spanish",64309be1d7d085ed8ee4c129,69a1b48325907ba010abd2eb,69a18850c4d395e0a69fcdc7,3639,1,trial
3239,terrible,31,7,,"Great study, thank you.",pizza,Graduated College,234352,1772205431801,1772205197449,male,true,"English, Spanish",64309be1d7d085ed8ee4c129,69a1b48325907ba010abd2eb,69a18850c4d395e0a69fcdc7,9735,3,trial
3239,bad,31,3,,"Great study, thank you.",coffee,Graduated College,234352,1772205431801,1772205197449,male,true,"English, Spanish",64309be1d7d085ed8ee4c129,69a1b48325907ba010abd2eb,69a18850c4d395e0a69fcdc7,34253,4,trial
3239,good,31,8,,"Great study, thank you.",coffee,Graduated College,234352,1772205431801,1772205197449,male,true,"English, Spanish",64309be1d7d085ed8ee4c129,69a1b48325907ba010abd2eb,69a18850c4d395e0a69fcdc7,6087,3,trial
3239,good,31,2,,"Great study, thank you.",restaurant meal,Graduated College,234352,1772205431801,1772205197449,male,true,"English, Spanish",64309be1d7d085ed8ee4c129,69a1b48325907ba010abd2eb,69a18850c4d395e0a69fcdc7,4740,1,trial
3239,amazing,31,8,,"Great study, thank you.",coffee,Graduated College,234352,1772205431801,1772205197449,male,true,"English, Spanish",64309be1d7d085ed8ee4c129,69a1b48325907ba010abd2eb,69a18850c4d395e0a69fcdc7,5758,4,trial
3241,good,53,1,,,restaurant meal,Graduated College,228423,1772205436357,1772205207934,male,true,english,5f3ec93efbd299158253f283,69a1b48f97bbfcd8b6f38273,69a18850c4d395e0a69fcdc7,8769,1,trial
3241,okay,53,5,,,movie,Graduated College,228423,1772205436357,1772205207934,male,true,english,5f3ec93efbd299158253f283,69a1b48f97bbfcd8b6f38273,69a18850c4d395e0a69fcdc7,4435,4,trial
3241,bad,53,8,,,restaurant meal,Graduated College,228423,1772205436357,1772205207934,male,true,english,5f3ec93efbd299158253f283,69a1b48f97bbfcd8b6f38273,69a18850c4d395e0a69fcdc7,4580,2,trial
3241,amazing,53,8,,,party,Graduated College,228423,1772205436357,1772205207934,male,true,english,5f3ec93efbd299158253f283,69a1b48f97bbfcd8b6f38273,69a18850c4d395e0a69fcdc7,3744,4,trial
3241,bad,53,2,,,concert,Graduated College,228423,1772205436357,1772205207934,male,true,english,5f3ec93efbd299158253f283,69a1b48f97bbfcd8b6f38273,69a18850c4d395e0a69fcdc7,3252,3,trial
3241,bad,53,1,,,cookie,Graduated College,228423,1772205436357,1772205207934,male,true,english,5f3ec93efbd299158253f283,69a1b48f97bbfcd8b6f38273,69a18850c4d395e0a69fcdc7,3028,5,trial
3241,terrible,53,1,,,concert,Graduated College,228423,1772205436357,1772205207934,male,true,english,5f3ec93efbd299158253f283,69a1b48f97bbfcd8b6f38273,69a18850c4d395e0a69fcdc7,3268,5,trial
3241,amazing,53,9,,,concert,Graduated College,228423,1772205436357,1772205207934,male,true,english,5f3ec93efbd299158253f283,69a1b48f97bbfcd8b6f38273,69a18850c4d395e0a69fcdc7,3200,5,trial
3241,okay,53,4,4,,pizza,Graduated College,228423,1772205436357,1772205207934,male,true,english,5f3ec93efbd299158253f283,69a1b48f97bbfcd8b6f38273,69a18850c4d395e0a69fcdc7,4204,3,attention
3241,okay,53,8,,,pizza,Graduated College,228423,1772205436357,1772205207934,male,true,english,5f3ec93efbd299158253f283,69a1b48f97bbfcd8b6f38273,69a18850c4d395e0a69fcdc7,4240,3,trial
3241,terrible,53,1,,,movie,Graduated College,228423,1772205436357,1772205207934,male,true,english,5f3ec93efbd299158253f283,69a1b48f97bbfcd8b6f38273,69a18850c4d395e0a69fcdc7,3544,4,trial
3241,amazing,53,4,,,party,Graduated College,228423,1772205436357,1772205207934,male,true,english,5f3ec93efbd299158253f283,69a1b48f97bbfcd8b6f38273,69a18850c4d395e0a69fcdc7,3919,3,trial
3241,amazing,53,1,,,restaurant meal,Graduated College,228423,1772205436357,1772205207934,male,true,english,5f3ec93efbd299158253f283,69a1b48f97bbfcd8b6f38273,69a18850c4d395e0a69fcdc7,3396,1,trial
3241,terrible,53,2,,,concert,Graduated College,228423,1772205436357,1772205207934,male,true,english,5f3ec93efbd299158253f283,69a1b48f97bbfcd8b6f38273,69a18850c4d395e0a69fcdc7,4684,3,trial
3241,okay,53,2,,,restaurant meal,Graduated College,228423,1772205436357,1772205207934,male,true,english,5f3ec93efbd299158253f283,69a1b48f97bbfcd8b6f38273,69a18850c4d395e0a69fcdc7,4312,1,trial
3241,okay,53,7,,,movie,Graduated College,228423,1772205436357,1772205207934,male,true,english,5f3ec93efbd299158253f283,69a1b48f97bbfcd8b6f38273,69a18850c4d395e0a69fcdc7,4432,2,trial
3241,okay,53,2,,,movie,Graduated College,228423,1772205436357,1772205207934,male,true,english,5f3ec93efbd299158253f283,69a1b48f97bbfcd8b6f38273,69a18850c4d395e0a69fcdc7,3164,5,trial
3241,amazing,53,1,1,,pizza,Graduated College,228423,1772205436357,1772205207934,male,true,english,5f3ec93efbd299158253f283,69a1b48f97bbfcd8b6f38273,69a18850c4d395e0a69fcdc7,3188,1,attention
3241,terrible,53,9,,,coffee,Graduated College,228423,1772205436357,1772205207934,male,true,english,5f3ec93efbd299158253f283,69a1b48f97bbfcd8b6f38273,69a18850c4d395e0a69fcdc7,3592,1,trial
3241,good,53,8,,,pizza,Graduated College,228423,1772205436357,1772205207934,male,true,english,5f3ec93efbd299158253f283,69a1b48f97bbfcd8b6f38273,69a18850c4d395e0a69fcdc7,2945,5,trial
3241,amazing,53,1,,,movie,Graduated College,228423,1772205436357,1772205207934,male,true,english,5f3ec93efbd299158253f283,69a1b48f97bbfcd8b6f38273,69a18850c4d395e0a69fcdc7,3607,2,trial
3241,good,53,4,,,pizza,Graduated College,228423,1772205436357,1772205207934,male,true,english,5f3ec93efbd299158253f283,69a1b48f97bbfcd8b6f38273,69a18850c4d395e0a69fcdc7,3600,3,trial
3241,terrible,53,7,,,restaurant meal,Graduated College,228423,1772205436357,1772205207934,male,true,english,5f3ec93efbd299158253f283,69a1b48f97bbfcd8b6f38273,69a18850c4d395e0a69fcdc7,3504,2,trial
3241,bad,53,9,,,concert,Graduated College,228423,1772205436357,1772205207934,male,true,english,5f3ec93efbd299158253f283,69a1b48f97bbfcd8b6f38273,69a18850c4d395e0a69fcdc7,2968,1,trial
3241,bad,53,1,,,cookie,Graduated College,228423,1772205436357,1772205207934,male,true,english,5f3ec93efbd299158253f283,69a1b48f97bbfcd8b6f38273,69a18850c4d395e0a69fcdc7,2680,4,trial
3241,good,53,2,,,movie,Graduated College,228423,1772205436357,1772205207934,male,true,english,5f3ec93efbd299158253f283,69a1b48f97bbfcd8b6f38273,69a18850c4d395e0a69fcdc7,2544,2,trial
3241,good,53,9,,,pizza,Graduated College,228423,1772205436357,1772205207934,male,true,english,5f3ec93efbd299158253f283,69a1b48f97bbfcd8b6f38273,69a18850c4d395e0a69fcdc7,2960,4,trial
3245,terrible,38,1,,,coffee,Graduated High-school,355860,1772205442272,1772205086412,male,true,"English, French",5c2b9ce5b337310001996c05,69a1b41d0bb77d5f694312ba,69a18850c4d395e0a69fcdc7,17381,5,trial
3245,okay,38,9,,,cookie,Graduated High-school,355860,1772205442272,1772205086412,male,true,"English, French",5c2b9ce5b337310001996c05,69a1b41d0bb77d5f694312ba,69a18850c4d395e0a69fcdc7,12476,3,trial
3245,good,38,6,,,party,Graduated High-school,355860,1772205442272,1772205086412,male,true,"English, French",5c2b9ce5b337310001996c05,69a1b41d0bb77d5f694312ba,69a18850c4d395e0a69fcdc7,10544,3,trial
3245,amazing,38,9,,,pizza,Graduated High-school,355860,1772205442272,1772205086412,male,true,"English, French",5c2b9ce5b337310001996c05,69a1b41d0bb77d5f694312ba,69a18850c4d395e0a69fcdc7,7980,5,trial
3245,amazing,38,1,,,movie,Graduated High-school,355860,1772205442272,1772205086412,male,true,"English, French",5c2b9ce5b337310001996c05,69a1b41d0bb77d5f694312ba,69a18850c4d395e0a69fcdc7,9171,2,trial
3245,terrible,38,7,,,concert,Graduated High-school,355860,1772205442272,1772205086412,male,true,"English, French",5c2b9ce5b337310001996c05,69a1b41d0bb77d5f694312ba,69a18850c4d395e0a69fcdc7,11966,2,trial
3245,good,38,9,,,pizza,Graduated High-school,355860,1772205442272,1772205086412,male,true,"English, French",5c2b9ce5b337310001996c05,69a1b41d0bb77d5f694312ba,69a18850c4d395e0a69fcdc7,9290,4,trial
3245,terrible,38,2,,,movie,Graduated High-school,355860,1772205442272,1772205086412,male,true,"English, French",5c2b9ce5b337310001996c05,69a1b41d0bb77d5f694312ba,69a18850c4d395e0a69fcdc7,13598,3,trial
3245,good,38,4,4,,party,Graduated High-school,355860,1772205442272,1772205086412,male,true,"English, French",5c2b9ce5b337310001996c05,69a1b41d0bb77d5f694312ba,69a18850c4d395e0a69fcdc7,10703,3,attention
3245,bad,38,9,,,party,Graduated High-school,355860,1772205442272,1772205086412,male,true,"English, French",5c2b9ce5b337310001996c05,69a1b41d0bb77d5f694312ba,69a18850c4d395e0a69fcdc7,16058,1,trial
3245,okay,38,1,,,restaurant meal,Graduated High-school,355860,1772205442272,1772205086412,male,true,"English, French",5c2b9ce5b337310001996c05,69a1b41d0bb77d5f694312ba,69a18850c4d395e0a69fcdc7,11210,4,trial
3245,okay,38,6,,,coffee,Graduated High-school,355860,1772205442272,1772205086412,male,true,"English, French",5c2b9ce5b337310001996c05,69a1b41d0bb77d5f694312ba,69a18850c4d395e0a69fcdc7,15976,2,trial
3245,terrible,38,9,,,cookie,Graduated High-school,355860,1772205442272,1772205086412,male,true,"English, French",5c2b9ce5b337310001996c05,69a1b41d0bb77d5f694312ba,69a18850c4d395e0a69fcdc7,6501,1,trial
3245,terrible,38,1,,,pizza,Graduated High-school,355860,1772205442272,1772205086412,male,true,"English, French",5c2b9ce5b337310001996c05,69a1b41d0bb77d5f694312ba,69a18850c4d395e0a69fcdc7,23458,4,trial
3245,good,38,9,,,cookie,Graduated High-school,355860,1772205442272,1772205086412,male,true,"English, French",5c2b9ce5b337310001996c05,69a1b41d0bb77d5f694312ba,69a18850c4d395e0a69fcdc7,25975,5,trial
3245,amazing,38,1,,,concert,Graduated High-school,355860,1772205442272,1772205086412,male,true,"English, French",5c2b9ce5b337310001996c05,69a1b41d0bb77d5f694312ba,69a18850c4d395e0a69fcdc7,9166,1,trial
3245,good,38,1,,,pizza,Graduated High-school,355860,1772205442272,1772205086412,male,true,"English, French",5c2b9ce5b337310001996c05,69a1b41d0bb77d5f694312ba,69a18850c4d395e0a69fcdc7,10328,2,trial
3245,amazing,38,5,5,,coffee,Graduated High-school,355860,1772205442272,1772205086412,male,true,"English, French",5c2b9ce5b337310001996c05,69a1b41d0bb77d5f694312ba,69a18850c4d395e0a69fcdc7,19178,4,attention
3245,amazing,38,5,,,coffee,Graduated High-school,355860,1772205442272,1772205086412,male,true,"English, French",5c2b9ce5b337310001996c05,69a1b41d0bb77d5f694312ba,69a18850c4d395e0a69fcdc7,7302,4,trial
3245,okay,38,1,,,coffee,Graduated High-school,355860,1772205442272,1772205086412,male,true,"English, French",5c2b9ce5b337310001996c05,69a1b41d0bb77d5f694312ba,69a18850c4d395e0a69fcdc7,5912,5,trial
3245,good,38,1,,,restaurant meal,Graduated High-school,355860,1772205442272,1772205086412,male,true,"English, French",5c2b9ce5b337310001996c05,69a1b41d0bb77d5f694312ba,69a18850c4d395e0a69fcdc7,5744,1,trial
3245,okay,38,1,,,concert,Graduated High-school,355860,1772205442272,1772205086412,male,true,"English, French",5c2b9ce5b337310001996c05,69a1b41d0bb77d5f694312ba,69a18850c4d395e0a69fcdc7,5088,1,trial
3245,bad,38,1,,,restaurant meal,Graduated High-school,355860,1772205442272,1772205086412,male,true,"English, French",5c2b9ce5b337310001996c05,69a1b41d0bb77d5f694312ba,69a18850c4d395e0a69fcdc7,7000,4,trial
3245,bad,38,1,,,coffee,Graduated High-school,355860,1772205442272,1772205086412,male,true,"English, French",5c2b9ce5b337310001996c05,69a1b41d0bb77d5f694312ba,69a18850c4d395e0a69fcdc7,5574,5,trial
3245,bad,38,9,,,party,Graduated High-school,355860,1772205442272,1772205086412,male,true,"English, French",5c2b9ce5b337310001996c05,69a1b41d0bb77d5f694312ba,69a18850c4d395e0a69fcdc7,6628,2,trial
3245,bad,38,3,,,movie,Graduated High-school,355860,1772205442272,1772205086412,male,true,"English, French",5c2b9ce5b337310001996c05,69a1b41d0bb77d5f694312ba,69a18850c4d395e0a69fcdc7,7184,3,trial
3245,amazing,38,1,,,cookie,Graduated High-school,355860,1772205442272,1772205086412,male,true,"English, French",5c2b9ce5b337310001996c05,69a1b41d0bb77d5f694312ba,69a18850c4d395e0a69fcdc7,6386,3,trial
3246,okay,30,2,,,coffee,Graduated College,172015,1772205449090,1772205277075,male,true,English,6930e7f8ab2ee7170d7ddf92,69a1b4d21738fcf159ef38a9,69a18850c4d395e0a69fcdc7,14423,1,trial
3246,okay,30,4,,,party,Graduated College,172015,1772205449090,1772205277075,male,true,English,6930e7f8ab2ee7170d7ddf92,69a1b4d21738fcf159ef38a9,69a18850c4d395e0a69fcdc7,10072,5,trial
3246,amazing,30,2,,,pizza,Graduated College,172015,1772205449090,1772205277075,male,true,English,6930e7f8ab2ee7170d7ddf92,69a1b4d21738fcf159ef38a9,69a18850c4d395e0a69fcdc7,7039,3,trial
3246,bad,30,1,,,pizza,Graduated College,172015,1772205449090,1772205277075,male,true,English,6930e7f8ab2ee7170d7ddf92,69a1b4d21738fcf159ef38a9,69a18850c4d395e0a69fcdc7,4681,5,trial
3246,bad,30,9,,,coffee,Graduated College,172015,1772205449090,1772205277075,male,true,English,6930e7f8ab2ee7170d7ddf92,69a1b4d21738fcf159ef38a9,69a18850c4d395e0a69fcdc7,5328,1,trial
3246,terrible,30,3,,,party,Graduated College,172015,1772205449090,1772205277075,male,true,English,6930e7f8ab2ee7170d7ddf92,69a1b4d21738fcf159ef38a9,69a18850c4d395e0a69fcdc7,5023,2,trial
3246,amazing,30,9,,,coffee,Graduated College,172015,1772205449090,1772205277075,male,true,English,6930e7f8ab2ee7170d7ddf92,69a1b4d21738fcf159ef38a9,69a18850c4d395e0a69fcdc7,4049,5,trial
3246,good,30,2,,,cookie,Graduated College,172015,1772205449090,1772205277075,male,true,English,6930e7f8ab2ee7170d7ddf92,69a1b4d21738fcf159ef38a9,69a18850c4d395e0a69fcdc7,5536,1,trial
3246,okay,30,2,2,,pizza,Graduated College,172015,1772205449090,1772205277075,male,true,English,6930e7f8ab2ee7170d7ddf92,69a1b4d21738fcf159ef38a9,69a18850c4d395e0a69fcdc7,6257,2,attention
3246,terrible,30,1,,,coffee,Graduated College,172015,1772205449090,1772205277075,male,true,English,6930e7f8ab2ee7170d7ddf92,69a1b4d21738fcf159ef38a9,69a18850c4d395e0a69fcdc7,4847,4,trial
3246,amazing,30,7,,,concert,Graduated College,172015,1772205449090,1772205277075,male,true,English,6930e7f8ab2ee7170d7ddf92,69a1b4d21738fcf159ef38a9,69a18850c4d395e0a69fcdc7,5280,4,trial
3246,bad,30,1,,,restaurant meal,Graduated College,172015,1772205449090,1772205277075,male,true,English,6930e7f8ab2ee7170d7ddf92,69a1b4d21738fcf159ef38a9,69a18850c4d395e0a69fcdc7,3599,4,trial
3246,amazing,30,2,,,party,Graduated College,172015,1772205449090,1772205277075,male,true,English,6930e7f8ab2ee7170d7ddf92,69a1b4d21738fcf159ef38a9,69a18850c4d395e0a69fcdc7,3576,2,trial
3246,okay,30,8,,,concert,Graduated College,172015,1772205449090,1772205277075,male,true,English,6930e7f8ab2ee7170d7ddf92,69a1b4d21738fcf159ef38a9,69a18850c4d395e0a69fcdc7,5272,2,trial
3246,okay,30,3,,,party,Graduated College,172015,1772205449090,1772205277075,male,true,English,6930e7f8ab2ee7170d7ddf92,69a1b4d21738fcf159ef38a9,69a18850c4d395e0a69fcdc7,3479,4,trial
3246,terrible,30,3,,,party,Graduated College,172015,1772205449090,1772205277075,male,true,English,6930e7f8ab2ee7170d7ddf92,69a1b4d21738fcf159ef38a9,69a18850c4d395e0a69fcdc7,4360,3,trial
3246,good,30,5,,,party,Graduated College,172015,1772205449090,1772205277075,male,true,English,6930e7f8ab2ee7170d7ddf92,69a1b4d21738fcf159ef38a9,69a18850c4d395e0a69fcdc7,3505,2,trial
3246,good,30,3,3,,coffee,Graduated College,172015,1772205449090,1772205277075,male,true,English,6930e7f8ab2ee7170d7ddf92,69a1b4d21738fcf159ef38a9,69a18850c4d395e0a69fcdc7,4320,4,attention
3246,bad,30,8,,,cookie,Graduated College,172015,1772205449090,1772205277075,male,true,English,6930e7f8ab2ee7170d7ddf92,69a1b4d21738fcf159ef38a9,69a18850c4d395e0a69fcdc7,4656,2,trial
3246,amazing,30,1,,,cookie,Graduated College,172015,1772205449090,1772205277075,male,true,English,6930e7f8ab2ee7170d7ddf92,69a1b4d21738fcf159ef38a9,69a18850c4d395e0a69fcdc7,3296,1,trial
3246,good,30,8,,,concert,Graduated College,172015,1772205449090,1772205277075,male,true,English,6930e7f8ab2ee7170d7ddf92,69a1b4d21738fcf159ef38a9,69a18850c4d395e0a69fcdc7,3304,5,trial
3246,okay,30,7,,,pizza,Graduated College,172015,1772205449090,1772205277075,male,true,English,6930e7f8ab2ee7170d7ddf92,69a1b4d21738fcf159ef38a9,69a18850c4d395e0a69fcdc7,4632,3,trial
3246,terrible,30,1,,,party,Graduated College,172015,1772205449090,1772205277075,male,true,English,6930e7f8ab2ee7170d7ddf92,69a1b4d21738fcf159ef38a9,69a18850c4d395e0a69fcdc7,2600,5,trial
3246,terrible,30,9,,,party,Graduated College,172015,1772205449090,1772205277075,male,true,English,6930e7f8ab2ee7170d7ddf92,69a1b4d21738fcf159ef38a9,69a18850c4d395e0a69fcdc7,3016,1,trial
3246,good,30,9,,,concert,Graduated College,172015,1772205449090,1772205277075,male,true,English,6930e7f8ab2ee7170d7ddf92,69a1b4d21738fcf159ef38a9,69a18850c4d395e0a69fcdc7,4064,3,trial
3246,bad,30,5,,,concert,Graduated College,172015,1772205449090,1772205277075,male,true,English,6930e7f8ab2ee7170d7ddf92,69a1b4d21738fcf159ef38a9,69a18850c4d395e0a69fcdc7,2608,3,trial
3246,good,30,7,,,concert,Graduated College,172015,1772205449090,1772205277075,male,true,English,6930e7f8ab2ee7170d7ddf92,69a1b4d21738fcf159ef38a9,69a18850c4d395e0a69fcdc7,3936,4,trial
3256,bad,51,9,,None,concert,Graduated High-school,191738,1772205496966,1772205305228,male,true,English,67237e8fe4d32fbb53aabc67,69a1b4f4148525a04d21ba04,69a18850c4d395e0a69fcdc7,13257,1,trial
3256,good,51,6,,None,concert,Graduated High-school,191738,1772205496966,1772205305228,male,true,English,67237e8fe4d32fbb53aabc67,69a1b4f4148525a04d21ba04,69a18850c4d395e0a69fcdc7,6415,3,trial
3256,amazing,51,8,,None,coffee,Graduated High-school,191738,1772205496966,1772205305228,male,true,English,67237e8fe4d32fbb53aabc67,69a1b4f4148525a04d21ba04,69a18850c4d395e0a69fcdc7,6032,4,trial
3256,bad,51,1,,None,party,Graduated High-school,191738,1772205496966,1772205305228,male,true,English,67237e8fe4d32fbb53aabc67,69a1b4f4148525a04d21ba04,69a18850c4d395e0a69fcdc7,5658,5,trial
3256,terrible,51,1,,None,concert,Graduated High-school,191738,1772205496966,1772205305228,male,true,English,67237e8fe4d32fbb53aabc67,69a1b4f4148525a04d21ba04,69a18850c4d395e0a69fcdc7,5985,4,trial
3256,okay,51,5,,None,cookie,Graduated High-school,191738,1772205496966,1772205305228,male,true,English,67237e8fe4d32fbb53aabc67,69a1b4f4148525a04d21ba04,69a18850c4d395e0a69fcdc7,7198,2,trial
3256,bad,51,2,,None,party,Graduated High-school,191738,1772205496966,1772205305228,male,true,English,67237e8fe4d32fbb53aabc67,69a1b4f4148525a04d21ba04,69a18850c4d395e0a69fcdc7,6080,3,trial
3256,good,51,1,,None,movie,Graduated High-school,191738,1772205496966,1772205305228,male,true,English,67237e8fe4d32fbb53aabc67,69a1b4f4148525a04d21ba04,69a18850c4d395e0a69fcdc7,4763,1,trial
3256,okay,51,1,1,None,concert,Graduated High-school,191738,1772205496966,1772205305228,male,true,English,67237e8fe4d32fbb53aabc67,69a1b4f4148525a04d21ba04,69a18850c4d395e0a69fcdc7,4279,3,attention
3256,good,51,6,,None,concert,Graduated High-school,191738,1772205496966,1772205305228,male,true,English,67237e8fe4d32fbb53aabc67,69a1b4f4148525a04d21ba04,69a18850c4d395e0a69fcdc7,5300,5,trial
3256,okay,51,3,,None,coffee,Graduated High-school,191738,1772205496966,1772205305228,male,true,English,67237e8fe4d32fbb53aabc67,69a1b4f4148525a04d21ba04,69a18850c4d395e0a69fcdc7,7350,1,trial
3256,good,51,3,,None,coffee,Graduated High-school,191738,1772205496966,1772205305228,male,true,English,67237e8fe4d32fbb53aabc67,69a1b4f4148525a04d21ba04,69a18850c4d395e0a69fcdc7,6094,2,trial
3256,amazing,51,9,,None,party,Graduated High-school,191738,1772205496966,1772205305228,male,true,English,67237e8fe4d32fbb53aabc67,69a1b4f4148525a04d21ba04,69a18850c4d395e0a69fcdc7,3722,5,trial
3256,terrible,51,9,,None,movie,Graduated High-school,191738,1772205496966,1772205305228,male,true,English,67237e8fe4d32fbb53aabc67,69a1b4f4148525a04d21ba04,69a18850c4d395e0a69fcdc7,4892,1,trial
3256,amazing,51,3,,None,coffee,Graduated High-school,191738,1772205496966,1772205305228,male,true,English,67237e8fe4d32fbb53aabc67,69a1b4f4148525a04d21ba04,69a18850c4d395e0a69fcdc7,6296,2,trial
3256,terrible,51,8,,None,movie,Graduated High-school,191738,1772205496966,1772205305228,male,true,English,67237e8fe4d32fbb53aabc67,69a1b4f4148525a04d21ba04,69a18850c4d395e0a69fcdc7,3294,2,trial
3256,amazing,51,1,,None,restaurant meal,Graduated High-school,191738,1772205496966,1772205305228,male,true,English,67237e8fe4d32fbb53aabc67,69a1b4f4148525a04d21ba04,69a18850c4d395e0a69fcdc7,4930,1,trial
3256,terrible,51,1,1,None,concert,Graduated High-school,191738,1772205496966,1772205305228,male,true,English,67237e8fe4d32fbb53aabc67,69a1b4f4148525a04d21ba04,69a18850c4d395e0a69fcdc7,8785,1,attention
3256,okay,51,8,,None,pizza,Graduated High-school,191738,1772205496966,1772205305228,male,true,English,67237e8fe4d32fbb53aabc67,69a1b4f4148525a04d21ba04,69a18850c4d395e0a69fcdc7,7951,3,trial
3256,okay,51,5,,None,coffee,Graduated High-school,191738,1772205496966,1772205305228,male,true,English,67237e8fe4d32fbb53aabc67,69a1b4f4148525a04d21ba04,69a18850c4d395e0a69fcdc7,7435,4,trial
3256,terrible,51,1,,None,movie,Graduated High-school,191738,1772205496966,1772205305228,male,true,English,67237e8fe4d32fbb53aabc67,69a1b4f4148525a04d21ba04,69a18850c4d395e0a69fcdc7,7109,3,trial
3256,good,51,6,,None,party,Graduated High-school,191738,1772205496966,1772205305228,male,true,English,67237e8fe4d32fbb53aabc67,69a1b4f4148525a04d21ba04,69a18850c4d395e0a69fcdc7,3052,4,trial
3256,bad,51,8,,None,coffee,Graduated High-school,191738,1772205496966,1772205305228,male,true,English,67237e8fe4d32fbb53aabc67,69a1b4f4148525a04d21ba04,69a18850c4d395e0a69fcdc7,6676,2,trial
3256,amazing,51,4,,None,concert,Graduated High-school,191738,1772205496966,1772205305228,male,true,English,67237e8fe4d32fbb53aabc67,69a1b4f4148525a04d21ba04,69a18850c4d395e0a69fcdc7,4126,3,trial
3256,terrible,51,1,,None,concert,Graduated High-school,191738,1772205496966,1772205305228,male,true,English,67237e8fe4d32fbb53aabc67,69a1b4f4148525a04d21ba04,69a18850c4d395e0a69fcdc7,3497,5,trial
3256,okay,51,3,,None,pizza,Graduated High-school,191738,1772205496966,1772205305228,male,true,English,67237e8fe4d32fbb53aabc67,69a1b4f4148525a04d21ba04,69a18850c4d395e0a69fcdc7,4545,5,trial
3256,bad,51,2,,None,concert,Graduated High-school,191738,1772205496966,1772205305228,male,true,English,67237e8fe4d32fbb53aabc67,69a1b4f4148525a04d21ba04,69a18850c4d395e0a69fcdc7,3612,4,trial
3257,okay,32,9,,,party,Graduated College,412177,1772205500387,1772205088210,male,true,English,5d34862748bf98000146b64f,69a1b418f40f837b4ec2d7d7,69a18850c4d395e0a69fcdc7,9199,2,trial
3257,bad,32,9,,,coffee,Graduated College,412177,1772205500387,1772205088210,male,true,English,5d34862748bf98000146b64f,69a1b418f40f837b4ec2d7d7,69a18850c4d395e0a69fcdc7,23828,1,trial
3257,bad,32,1,,,restaurant meal,Graduated College,412177,1772205500387,1772205088210,male,true,English,5d34862748bf98000146b64f,69a1b418f40f837b4ec2d7d7,69a18850c4d395e0a69fcdc7,15852,5,trial
3257,good,32,8,,,coffee,Graduated College,412177,1772205500387,1772205088210,male,true,English,5d34862748bf98000146b64f,69a1b418f40f837b4ec2d7d7,69a18850c4d395e0a69fcdc7,11300,3,trial
3257,amazing,32,9,,,pizza,Graduated College,412177,1772205500387,1772205088210,male,true,English,5d34862748bf98000146b64f,69a1b418f40f837b4ec2d7d7,69a18850c4d395e0a69fcdc7,4867,5,trial
3257,bad,32,2,,,coffee,Graduated College,412177,1772205500387,1772205088210,male,true,English,5d34862748bf98000146b64f,69a1b418f40f837b4ec2d7d7,69a18850c4d395e0a69fcdc7,3400,3,trial
3257,amazing,32,3,,,party,Graduated College,412177,1772205500387,1772205088210,male,true,English,5d34862748bf98000146b64f,69a1b418f40f837b4ec2d7d7,69a18850c4d395e0a69fcdc7,2895,3,trial
3257,good,32,1,,,restaurant meal,Graduated College,412177,1772205500387,1772205088210,male,true,English,5d34862748bf98000146b64f,69a1b418f40f837b4ec2d7d7,69a18850c4d395e0a69fcdc7,2783,1,trial
3257,terrible,32,3,3,,cookie,Graduated College,412177,1772205500387,1772205088210,male,true,English,5d34862748bf98000146b64f,69a1b418f40f837b4ec2d7d7,69a18850c4d395e0a69fcdc7,11960,3,attention
3257,terrible,32,7,,,coffee,Graduated College,412177,1772205500387,1772205088210,male,true,English,5d34862748bf98000146b64f,69a1b418f40f837b4ec2d7d7,69a18850c4d395e0a69fcdc7,5442,2,trial
3257,terrible,32,1,,,pizza,Graduated College,412177,1772205500387,1772205088210,male,true,English,5d34862748bf98000146b64f,69a1b418f40f837b4ec2d7d7,69a18850c4d395e0a69fcdc7,6165,4,trial
3257,good,32,9,,,coffee,Graduated College,412177,1772205500387,1772205088210,male,true,English,5d34862748bf98000146b64f,69a1b418f40f837b4ec2d7d7,69a18850c4d395e0a69fcdc7,8879,4,trial
3257,terrible,32,1,,,restaurant meal,Graduated College,412177,1772205500387,1772205088210,male,true,English,5d34862748bf98000146b64f,69a1b418f40f837b4ec2d7d7,69a18850c4d395e0a69fcdc7,2639,5,trial
3257,terrible,32,1,,,concert,Graduated College,412177,1772205500387,1772205088210,male,true,English,5d34862748bf98000146b64f,69a1b418f40f837b4ec2d7d7,69a18850c4d395e0a69fcdc7,2084,3,trial
3257,bad,32,8,,,movie,Graduated College,412177,1772205500387,1772205088210,male,true,English,5d34862748bf98000146b64f,69a1b418f40f837b4ec2d7d7,69a18850c4d395e0a69fcdc7,3856,2,trial
3257,amazing,32,1,,,coffee,Graduated College,412177,1772205500387,1772205088210,male,true,English,5d34862748bf98000146b64f,69a1b418f40f837b4ec2d7d7,69a18850c4d395e0a69fcdc7,3927,2,trial
3257,bad,32,1,,,concert,Graduated College,412177,1772205500387,1772205088210,male,true,English,5d34862748bf98000146b64f,69a1b418f40f837b4ec2d7d7,69a18850c4d395e0a69fcdc7,16656,4,trial
3257,bad,32,2,2,,coffee,Graduated College,412177,1772205500387,1772205088210,male,true,English,5d34862748bf98000146b64f,69a1b418f40f837b4ec2d7d7,69a18850c4d395e0a69fcdc7,2385,3,attention
3257,okay,32,1,,,concert,Graduated College,412177,1772205500387,1772205088210,male,true,English,5d34862748bf98000146b64f,69a1b418f40f837b4ec2d7d7,69a18850c4d395e0a69fcdc7,2470,5,trial
3257,good,32,3,,,pizza,Graduated College,412177,1772205500387,1772205088210,male,true,English,5d34862748bf98000146b64f,69a1b418f40f837b4ec2d7d7,69a18850c4d395e0a69fcdc7,2426,2,trial
3257,amazing,32,8,,,concert,Graduated College,412177,1772205500387,1772205088210,male,true,English,5d34862748bf98000146b64f,69a1b418f40f837b4ec2d7d7,69a18850c4d395e0a69fcdc7,6807,4,trial
3257,okay,32,5,,,restaurant meal,Graduated College,412177,1772205500387,1772205088210,male,true,English,5d34862748bf98000146b64f,69a1b418f40f837b4ec2d7d7,69a18850c4d395e0a69fcdc7,2345,4,trial
3257,okay,32,3,,,restaurant meal,Graduated College,412177,1772205500387,1772205088210,male,true,English,5d34862748bf98000146b64f,69a1b418f40f837b4ec2d7d7,69a18850c4d395e0a69fcdc7,2917,1,trial
3257,good,32,9,,,pizza,Graduated College,412177,1772205500387,1772205088210,male,true,English,5d34862748bf98000146b64f,69a1b418f40f837b4ec2d7d7,69a18850c4d395e0a69fcdc7,16552,5,trial
3257,terrible,32,9,,,concert,Graduated College,412177,1772205500387,1772205088210,male,true,English,5d34862748bf98000146b64f,69a1b418f40f837b4ec2d7d7,69a18850c4d395e0a69fcdc7,2398,1,trial
3257,amazing,32,1,,,party,Graduated College,412177,1772205500387,1772205088210,male,true,English,5d34862748bf98000146b64f,69a1b418f40f837b4ec2d7d7,69a18850c4d395e0a69fcdc7,2133,1,trial
3257,okay,32,7,,,party,Graduated College,412177,1772205500387,1772205088210,male,true,English,5d34862748bf98000146b64f,69a1b418f40f837b4ec2d7d7,69a18850c4d395e0a69fcdc7,3002,3,trial
3262,good,49,1,,fun!,movie,Graduated College,169050,1772205524843,1772205355793,female,true,English,5f8e2a9201810e1f2b9f63a2,69a1b51fb0e33509ecb4de16,69a18850c4d395e0a69fcdc7,6872,1,trial
3262,amazing,49,4,,fun!,restaurant meal,Graduated College,169050,1772205524843,1772205355793,female,true,English,5f8e2a9201810e1f2b9f63a2,69a1b51fb0e33509ecb4de16,69a18850c4d395e0a69fcdc7,10951,3,trial
3262,okay,49,1,,fun!,pizza,Graduated College,169050,1772205524843,1772205355793,female,true,English,5f8e2a9201810e1f2b9f63a2,69a1b51fb0e33509ecb4de16,69a18850c4d395e0a69fcdc7,10440,1,trial
3262,terrible,49,1,,fun!,party,Graduated College,169050,1772205524843,1772205355793,female,true,English,5f8e2a9201810e1f2b9f63a2,69a1b51fb0e33509ecb4de16,69a18850c4d395e0a69fcdc7,8175,4,trial
3262,amazing,49,1,,fun!,cookie,Graduated College,169050,1772205524843,1772205355793,female,true,English,5f8e2a9201810e1f2b9f63a2,69a1b51fb0e33509ecb4de16,69a18850c4d395e0a69fcdc7,3369,1,trial
3262,okay,49,7,,fun!,movie,Graduated College,169050,1772205524843,1772205355793,female,true,English,5f8e2a9201810e1f2b9f63a2,69a1b51fb0e33509ecb4de16,69a18850c4d395e0a69fcdc7,4471,3,trial
3262,bad,49,1,,fun!,coffee,Graduated College,169050,1772205524843,1772205355793,female,true,English,5f8e2a9201810e1f2b9f63a2,69a1b51fb0e33509ecb4de16,69a18850c4d395e0a69fcdc7,4960,4,trial
3262,amazing,49,9,,fun!,cookie,Graduated College,169050,1772205524843,1772205355793,female,true,English,5f8e2a9201810e1f2b9f63a2,69a1b51fb0e33509ecb4de16,69a18850c4d395e0a69fcdc7,3952,5,trial
3262,good,49,5,5,fun!,movie,Graduated College,169050,1772205524843,1772205355793,female,true,English,5f8e2a9201810e1f2b9f63a2,69a1b51fb0e33509ecb4de16,69a18850c4d395e0a69fcdc7,4975,1,attention
3262,terrible,49,3,,fun!,party,Graduated College,169050,1772205524843,1772205355793,female,true,English,5f8e2a9201810e1f2b9f63a2,69a1b51fb0e33509ecb4de16,69a18850c4d395e0a69fcdc7,11760,2,trial
3262,terrible,49,1,,fun!,pizza,Graduated College,169050,1772205524843,1772205355793,female,true,English,5f8e2a9201810e1f2b9f63a2,69a1b51fb0e33509ecb4de16,69a18850c4d395e0a69fcdc7,3104,5,trial
3262,okay,49,1,,fun!,party,Graduated College,169050,1772205524843,1772205355793,female,true,English,5f8e2a9201810e1f2b9f63a2,69a1b51fb0e33509ecb4de16,69a18850c4d395e0a69fcdc7,4752,4,trial
3262,bad,49,1,,fun!,pizza,Graduated College,169050,1772205524843,1772205355793,female,true,English,5f8e2a9201810e1f2b9f63a2,69a1b51fb0e33509ecb4de16,69a18850c4d395e0a69fcdc7,3505,5,trial
3262,good,49,8,,fun!,movie,Graduated College,169050,1772205524843,1772205355793,female,true,English,5f8e2a9201810e1f2b9f63a2,69a1b51fb0e33509ecb4de16,69a18850c4d395e0a69fcdc7,5247,3,trial
3262,bad,49,2,,fun!,cookie,Graduated College,169050,1772205524843,1772205355793,female,true,English,5f8e2a9201810e1f2b9f63a2,69a1b51fb0e33509ecb4de16,69a18850c4d395e0a69fcdc7,3640,3,trial
3262,terrible,49,9,,fun!,restaurant meal,Graduated College,169050,1772205524843,1772205355793,female,true,English,5f8e2a9201810e1f2b9f63a2,69a1b51fb0e33509ecb4de16,69a18850c4d395e0a69fcdc7,4127,1,trial
3262,amazing,49,1,,fun!,coffee,Graduated College,169050,1772205524843,1772205355793,female,true,English,5f8e2a9201810e1f2b9f63a2,69a1b51fb0e33509ecb4de16,69a18850c4d395e0a69fcdc7,3664,2,trial
3262,terrible,49,4,4,fun!,party,Graduated College,169050,1772205524843,1772205355793,female,true,English,5f8e2a9201810e1f2b9f63a2,69a1b51fb0e33509ecb4de16,69a18850c4d395e0a69fcdc7,3096,5,attention
3262,amazing,49,7,,fun!,restaurant meal,Graduated College,169050,1772205524843,1772205355793,female,true,English,5f8e2a9201810e1f2b9f63a2,69a1b51fb0e33509ecb4de16,69a18850c4d395e0a69fcdc7,3960,4,trial
3262,bad,49,9,,fun!,movie,Graduated College,169050,1772205524843,1772205355793,female,true,English,5f8e2a9201810e1f2b9f63a2,69a1b51fb0e33509ecb4de16,69a18850c4d395e0a69fcdc7,2936,1,trial
3262,good,49,9,,fun!,cookie,Graduated College,169050,1772205524843,1772205355793,female,true,English,5f8e2a9201810e1f2b9f63a2,69a1b51fb0e33509ecb4de16,69a18850c4d395e0a69fcdc7,3616,4,trial
3262,okay,49,1,,fun!,cookie,Graduated College,169050,1772205524843,1772205355793,female,true,English,5f8e2a9201810e1f2b9f63a2,69a1b51fb0e33509ecb4de16,69a18850c4d395e0a69fcdc7,3352,5,trial
3262,okay,49,6,,fun!,concert,Graduated College,169050,1772205524843,1772205355793,female,true,English,5f8e2a9201810e1f2b9f63a2,69a1b51fb0e33509ecb4de16,69a18850c4d395e0a69fcdc7,3832,2,trial
3262,bad,49,8,,fun!,cookie,Graduated College,169050,1772205524843,1772205355793,female,true,English,5f8e2a9201810e1f2b9f63a2,69a1b51fb0e33509ecb4de16,69a18850c4d395e0a69fcdc7,3479,2,trial
3262,terrible,49,2,,fun!,coffee,Graduated College,169050,1772205524843,1772205355793,female,true,English,5f8e2a9201810e1f2b9f63a2,69a1b51fb0e33509ecb4de16,69a18850c4d395e0a69fcdc7,3560,3,trial
3262,good,49,8,,fun!,party,Graduated College,169050,1772205524843,1772205355793,female,true,English,5f8e2a9201810e1f2b9f63a2,69a1b51fb0e33509ecb4de16,69a18850c4d395e0a69fcdc7,4360,5,trial
3262,good,49,2,,fun!,coffee,Graduated College,169050,1772205524843,1772205355793,female,true,English,5f8e2a9201810e1f2b9f63a2,69a1b51fb0e33509ecb4de16,69a18850c4d395e0a69fcdc7,3096,2,trial
3264,bad,30,9,,,concert,Higher degree,200594,1772205530928,1772205330334,female,true,English ,6978c457ed039d215eea38c4,69a1b50a55826b83e4df672f,69a18850c4d395e0a69fcdc7,38543,2,trial
3264,terrible,30,2,,,concert,Higher degree,200594,1772205530928,1772205330334,female,true,English ,6978c457ed039d215eea38c4,69a1b50a55826b83e4df672f,69a18850c4d395e0a69fcdc7,12537,4,trial
3264,good,30,5,,,movie,Higher degree,200594,1772205530928,1772205330334,female,true,English ,6978c457ed039d215eea38c4,69a1b50a55826b83e4df672f,69a18850c4d395e0a69fcdc7,4492,3,trial
3264,bad,30,9,,,coffee,Higher degree,200594,1772205530928,1772205330334,female,true,English ,6978c457ed039d215eea38c4,69a1b50a55826b83e4df672f,69a18850c4d395e0a69fcdc7,9151,1,trial
3264,bad,30,1,,,concert,Higher degree,200594,1772205530928,1772205330334,female,true,English ,6978c457ed039d215eea38c4,69a1b50a55826b83e4df672f,69a18850c4d395e0a69fcdc7,4665,4,trial
3264,bad,30,5,,,cookie,Higher degree,200594,1772205530928,1772205330334,female,true,English ,6978c457ed039d215eea38c4,69a1b50a55826b83e4df672f,69a18850c4d395e0a69fcdc7,3803,3,trial
3264,okay,30,1,,,coffee,Higher degree,200594,1772205530928,1772205330334,female,true,English ,6978c457ed039d215eea38c4,69a1b50a55826b83e4df672f,69a18850c4d395e0a69fcdc7,6602,1,trial
3264,good,30,1,,,coffee,Higher degree,200594,1772205530928,1772205330334,female,true,English ,6978c457ed039d215eea38c4,69a1b50a55826b83e4df672f,69a18850c4d395e0a69fcdc7,4446,1,trial
3264,amazing,30,1,1,,restaurant meal,Higher degree,200594,1772205530928,1772205330334,female,true,English ,6978c457ed039d215eea38c4,69a1b50a55826b83e4df672f,69a18850c4d395e0a69fcdc7,7896,2,attention
3264,good,30,1,,,coffee,Higher degree,200594,1772205530928,1772205330334,female,true,English ,6978c457ed039d215eea38c4,69a1b50a55826b83e4df672f,69a18850c4d395e0a69fcdc7,5288,2,trial
3264,amazing,30,1,,,restaurant meal,Higher degree,200594,1772205530928,1772205330334,female,true,English ,6978c457ed039d215eea38c4,69a1b50a55826b83e4df672f,69a18850c4d395e0a69fcdc7,4467,2,trial
3264,amazing,30,9,,,pizza,Higher degree,200594,1772205530928,1772205330334,female,true,English ,6978c457ed039d215eea38c4,69a1b50a55826b83e4df672f,69a18850c4d395e0a69fcdc7,5480,4,trial
3264,okay,30,9,,,pizza,Higher degree,200594,1772205530928,1772205330334,female,true,English ,6978c457ed039d215eea38c4,69a1b50a55826b83e4df672f,69a18850c4d395e0a69fcdc7,3567,4,trial
3264,terrible,30,1,,,restaurant meal,Higher degree,200594,1772205530928,1772205330334,female,true,English ,6978c457ed039d215eea38c4,69a1b50a55826b83e4df672f,69a18850c4d395e0a69fcdc7,4701,5,trial
3264,terrible,30,8,,,cookie,Higher degree,200594,1772205530928,1772205330334,female,true,English ,6978c457ed039d215eea38c4,69a1b50a55826b83e4df672f,69a18850c4d395e0a69fcdc7,4612,2,trial
3264,terrible,30,5,,,party,Higher degree,200594,1772205530928,1772205330334,female,true,English ,6978c457ed039d215eea38c4,69a1b50a55826b83e4df672f,69a18850c4d395e0a69fcdc7,3751,3,trial
3264,terrible,30,9,,,pizza,Higher degree,200594,1772205530928,1772205330334,female,true,English ,6978c457ed039d215eea38c4,69a1b50a55826b83e4df672f,69a18850c4d395e0a69fcdc7,3849,1,trial
3264,terrible,30,1,1,,pizza,Higher degree,200594,1772205530928,1772205330334,female,true,English ,6978c457ed039d215eea38c4,69a1b50a55826b83e4df672f,69a18850c4d395e0a69fcdc7,7072,3,attention
3264,amazing,30,4,,,pizza,Higher degree,200594,1772205530928,1772205330334,female,true,English ,6978c457ed039d215eea38c4,69a1b50a55826b83e4df672f,69a18850c4d395e0a69fcdc7,5657,3,trial
3264,okay,30,8,,,cookie,Higher degree,200594,1772205530928,1772205330334,female,true,English ,6978c457ed039d215eea38c4,69a1b50a55826b83e4df672f,69a18850c4d395e0a69fcdc7,4894,5,trial
3264,bad,30,1,,,movie,Higher degree,200594,1772205530928,1772205330334,female,true,English ,6978c457ed039d215eea38c4,69a1b50a55826b83e4df672f,69a18850c4d395e0a69fcdc7,4558,5,trial
3264,amazing,30,9,,,party,Higher degree,200594,1772205530928,1772205330334,female,true,English ,6978c457ed039d215eea38c4,69a1b50a55826b83e4df672f,69a18850c4d395e0a69fcdc7,3351,5,trial
3264,good,30,8,,,coffee,Higher degree,200594,1772205530928,1772205330334,female,true,English ,6978c457ed039d215eea38c4,69a1b50a55826b83e4df672f,69a18850c4d395e0a69fcdc7,3864,4,trial
3264,good,30,9,,,concert,Higher degree,200594,1772205530928,1772205330334,female,true,English ,6978c457ed039d215eea38c4,69a1b50a55826b83e4df672f,69a18850c4d395e0a69fcdc7,3018,5,trial
3264,okay,30,3,,,cookie,Higher degree,200594,1772205530928,1772205330334,female,true,English ,6978c457ed039d215eea38c4,69a1b50a55826b83e4df672f,69a18850c4d395e0a69fcdc7,4368,2,trial
3264,okay,30,4,,,cookie,Higher degree,200594,1772205530928,1772205330334,female,true,English ,6978c457ed039d215eea38c4,69a1b50a55826b83e4df672f,69a18850c4d395e0a69fcdc7,6241,3,trial
3264,amazing,30,1,,,cookie,Higher degree,200594,1772205530928,1772205330334,female,true,English ,6978c457ed039d215eea38c4,69a1b50a55826b83e4df672f,69a18850c4d395e0a69fcdc7,5488,1,trial
3267,okay,60,7,,,pizza,Graduated High-school,311398,1772205540546,1772205229148,female,true,English,5cdd4befd3651c001950e539,69a1b49873965aa98ec2f408,69a18850c4d395e0a69fcdc7,17343,2,trial
3267,terrible,60,9,,,coffee,Graduated High-school,311398,1772205540546,1772205229148,female,true,English,5cdd4befd3651c001950e539,69a1b49873965aa98ec2f408,69a18850c4d395e0a69fcdc7,8515,1,trial
3267,amazing,60,9,,,restaurant meal,Graduated High-school,311398,1772205540546,1772205229148,female,true,English,5cdd4befd3651c001950e539,69a1b49873965aa98ec2f408,69a18850c4d395e0a69fcdc7,8385,5,trial
3267,good,60,1,,,concert,Graduated High-school,311398,1772205540546,1772205229148,female,true,English,5cdd4befd3651c001950e539,69a1b49873965aa98ec2f408,69a18850c4d395e0a69fcdc7,8255,1,trial
3267,terrible,60,1,,,cookie,Graduated High-school,311398,1772205540546,1772205229148,female,true,English,5cdd4befd3651c001950e539,69a1b49873965aa98ec2f408,69a18850c4d395e0a69fcdc7,7888,4,trial
3267,bad,60,9,,,party,Graduated High-school,311398,1772205540546,1772205229148,female,true,English,5cdd4befd3651c001950e539,69a1b49873965aa98ec2f408,69a18850c4d395e0a69fcdc7,9360,1,trial
3267,good,60,2,,,concert,Graduated High-school,311398,1772205540546,1772205229148,female,true,English,5cdd4befd3651c001950e539,69a1b49873965aa98ec2f408,69a18850c4d395e0a69fcdc7,10253,2,trial
3267,amazing,60,8,,,coffee,Graduated High-school,311398,1772205540546,1772205229148,female,true,English,5cdd4befd3651c001950e539,69a1b49873965aa98ec2f408,69a18850c4d395e0a69fcdc7,9295,4,trial
3267,bad,60,4,4,,party,Graduated High-school,311398,1772205540546,1772205229148,female,true,English,5cdd4befd3651c001950e539,69a1b49873965aa98ec2f408,69a18850c4d395e0a69fcdc7,9657,5,attention
3267,good,60,8,,,cookie,Graduated High-school,311398,1772205540546,1772205229148,female,true,English,5cdd4befd3651c001950e539,69a1b49873965aa98ec2f408,69a18850c4d395e0a69fcdc7,9888,3,trial
3267,good,60,8,,,restaurant meal,Graduated High-school,311398,1772205540546,1772205229148,female,true,English,5cdd4befd3651c001950e539,69a1b49873965aa98ec2f408,69a18850c4d395e0a69fcdc7,10384,4,trial
3267,bad,60,1,,,cookie,Graduated High-school,311398,1772205540546,1772205229148,female,true,English,5cdd4befd3651c001950e539,69a1b49873965aa98ec2f408,69a18850c4d395e0a69fcdc7,8175,5,trial
3267,okay,60,9,,,restaurant meal,Graduated High-school,311398,1772205540546,1772205229148,female,true,English,5cdd4befd3651c001950e539,69a1b49873965aa98ec2f408,69a18850c4d395e0a69fcdc7,8905,3,trial
3267,terrible,60,1,,,party,Graduated High-school,311398,1772205540546,1772205229148,female,true,English,5cdd4befd3651c001950e539,69a1b49873965aa98ec2f408,69a18850c4d395e0a69fcdc7,7428,5,trial
3267,amazing,60,1,,,coffee,Graduated High-school,311398,1772205540546,1772205229148,female,true,English,5cdd4befd3651c001950e539,69a1b49873965aa98ec2f408,69a18850c4d395e0a69fcdc7,7248,1,trial
3267,good,60,7,,,cookie,Graduated High-school,311398,1772205540546,1772205229148,female,true,English,5cdd4befd3651c001950e539,69a1b49873965aa98ec2f408,69a18850c4d395e0a69fcdc7,7911,5,trial
3267,okay,60,3,,,pizza,Graduated High-school,311398,1772205540546,1772205229148,female,true,English,5cdd4befd3651c001950e539,69a1b49873965aa98ec2f408,69a18850c4d395e0a69fcdc7,9504,4,trial
3267,terrible,60,3,3,,concert,Graduated High-school,311398,1772205540546,1772205229148,female,true,English,5cdd4befd3651c001950e539,69a1b49873965aa98ec2f408,69a18850c4d395e0a69fcdc7,8247,5,attention
3267,okay,60,2,,,cookie,Graduated High-school,311398,1772205540546,1772205229148,female,true,English,5cdd4befd3651c001950e539,69a1b49873965aa98ec2f408,69a18850c4d395e0a69fcdc7,7340,5,trial
3267,bad,60,1,,,pizza,Graduated High-school,311398,1772205540546,1772205229148,female,true,English,5cdd4befd3651c001950e539,69a1b49873965aa98ec2f408,69a18850c4d395e0a69fcdc7,8707,4,trial
3267,terrible,60,8,,,restaurant meal,Graduated High-school,311398,1772205540546,1772205229148,female,true,English,5cdd4befd3651c001950e539,69a1b49873965aa98ec2f408,69a18850c4d395e0a69fcdc7,28864,2,trial
3267,bad,60,8,,,cookie,Graduated High-school,311398,1772205540546,1772205229148,female,true,English,5cdd4befd3651c001950e539,69a1b49873965aa98ec2f408,69a18850c4d395e0a69fcdc7,15289,2,trial
3267,amazing,60,1,,,party,Graduated High-school,311398,1772205540546,1772205229148,female,true,English,5cdd4befd3651c001950e539,69a1b49873965aa98ec2f408,69a18850c4d395e0a69fcdc7,7783,2,trial
3267,terrible,60,1,,,cookie,Graduated High-school,311398,1772205540546,1772205229148,female,true,English,5cdd4befd3651c001950e539,69a1b49873965aa98ec2f408,69a18850c4d395e0a69fcdc7,7800,3,trial
3267,okay,60,1,,,cookie,Graduated High-school,311398,1772205540546,1772205229148,female,true,English,5cdd4befd3651c001950e539,69a1b49873965aa98ec2f408,69a18850c4d395e0a69fcdc7,6559,1,trial
3267,bad,60,1,,,concert,Graduated High-school,311398,1772205540546,1772205229148,female,true,English,5cdd4befd3651c001950e539,69a1b49873965aa98ec2f408,69a18850c4d395e0a69fcdc7,6488,3,trial
3267,amazing,60,1,,,movie,Graduated High-school,311398,1772205540546,1772205229148,female,true,English,5cdd4befd3651c001950e539,69a1b49873965aa98ec2f408,69a18850c4d395e0a69fcdc7,7685,3,trial
3278,bad,35,1,,"No issues, questions, comments, or concerns, thanks!",restaurant meal,Graduated High-school,226947,1772205557983,1772205331036,male,true,English,56cc78e3ccc0e20006b82a7d,69a1b50d5ae03bcbfbe7f275,69a18850c4d395e0a69fcdc7,11100,5,trial
3278,good,35,7,,"No issues, questions, comments, or concerns, thanks!",coffee,Graduated High-school,226947,1772205557983,1772205331036,male,true,English,56cc78e3ccc0e20006b82a7d,69a1b50d5ae03bcbfbe7f275,69a18850c4d395e0a69fcdc7,3583,3,trial
3278,amazing,35,5,,"No issues, questions, comments, or concerns, thanks!",concert,Graduated High-school,226947,1772205557983,1772205331036,male,true,English,56cc78e3ccc0e20006b82a7d,69a1b50d5ae03bcbfbe7f275,69a18850c4d395e0a69fcdc7,2802,4,trial
3278,amazing,35,1,,"No issues, questions, comments, or concerns, thanks!",concert,Graduated High-school,226947,1772205557983,1772205331036,male,true,English,56cc78e3ccc0e20006b82a7d,69a1b50d5ae03bcbfbe7f275,69a18850c4d395e0a69fcdc7,2315,1,trial
3278,okay,35,6,,"No issues, questions, comments, or concerns, thanks!",concert,Graduated High-school,226947,1772205557983,1772205331036,male,true,English,56cc78e3ccc0e20006b82a7d,69a1b50d5ae03bcbfbe7f275,69a18850c4d395e0a69fcdc7,8001,5,trial
3278,terrible,35,1,,"No issues, questions, comments, or concerns, thanks!",party,Graduated High-school,226947,1772205557983,1772205331036,male,true,English,56cc78e3ccc0e20006b82a7d,69a1b50d5ae03bcbfbe7f275,69a18850c4d395e0a69fcdc7,8781,4,trial
3278,amazing,35,1,,"No issues, questions, comments, or concerns, thanks!",concert,Graduated High-school,226947,1772205557983,1772205331036,male,true,English,56cc78e3ccc0e20006b82a7d,69a1b50d5ae03bcbfbe7f275,69a18850c4d395e0a69fcdc7,3523,2,trial
3278,terrible,35,1,,"No issues, questions, comments, or concerns, thanks!",movie,Graduated High-school,226947,1772205557983,1772205331036,male,true,English,56cc78e3ccc0e20006b82a7d,69a1b50d5ae03bcbfbe7f275,69a18850c4d395e0a69fcdc7,34487,5,trial
3278,amazing,35,1,1,"No issues, questions, comments, or concerns, thanks!",restaurant meal,Graduated High-school,226947,1772205557983,1772205331036,male,true,English,56cc78e3ccc0e20006b82a7d,69a1b50d5ae03bcbfbe7f275,69a18850c4d395e0a69fcdc7,6416,5,attention
3278,okay,35,4,,"No issues, questions, comments, or concerns, thanks!",concert,Graduated High-school,226947,1772205557983,1772205331036,male,true,English,56cc78e3ccc0e20006b82a7d,69a1b50d5ae03bcbfbe7f275,69a18850c4d395e0a69fcdc7,3976,2,trial
3278,okay,35,9,,"No issues, questions, comments, or concerns, thanks!",party,Graduated High-school,226947,1772205557983,1772205331036,male,true,English,56cc78e3ccc0e20006b82a7d,69a1b50d5ae03bcbfbe7f275,69a18850c4d395e0a69fcdc7,2045,3,trial
3278,terrible,35,9,,"No issues, questions, comments, or concerns, thanks!",movie,Graduated High-school,226947,1772205557983,1772205331036,male,true,English,56cc78e3ccc0e20006b82a7d,69a1b50d5ae03bcbfbe7f275,69a18850c4d395e0a69fcdc7,1849,1,trial
3278,terrible,35,7,,"No issues, questions, comments, or concerns, thanks!",pizza,Graduated High-school,226947,1772205557983,1772205331036,male,true,English,56cc78e3ccc0e20006b82a7d,69a1b50d5ae03bcbfbe7f275,69a18850c4d395e0a69fcdc7,2905,2,trial
3278,bad,35,8,,"No issues, questions, comments, or concerns, thanks!",coffee,Graduated High-school,226947,1772205557983,1772205331036,male,true,English,56cc78e3ccc0e20006b82a7d,69a1b50d5ae03bcbfbe7f275,69a18850c4d395e0a69fcdc7,3284,2,trial
3278,bad,35,4,,"No issues, questions, comments, or concerns, thanks!",movie,Graduated High-school,226947,1772205557983,1772205331036,male,true,English,56cc78e3ccc0e20006b82a7d,69a1b50d5ae03bcbfbe7f275,69a18850c4d395e0a69fcdc7,2512,3,trial
3278,amazing,35,9,,"No issues, questions, comments, or concerns, thanks!",cookie,Graduated High-school,226947,1772205557983,1772205331036,male,true,English,56cc78e3ccc0e20006b82a7d,69a1b50d5ae03bcbfbe7f275,69a18850c4d395e0a69fcdc7,2124,5,trial
3278,okay,35,1,,"No issues, questions, comments, or concerns, thanks!",pizza,Graduated High-school,226947,1772205557983,1772205331036,male,true,English,56cc78e3ccc0e20006b82a7d,69a1b50d5ae03bcbfbe7f275,69a18850c4d395e0a69fcdc7,18925,1,trial
3278,amazing,35,2,2,"No issues, questions, comments, or concerns, thanks!",coffee,Graduated High-school,226947,1772205557983,1772205331036,male,true,English,56cc78e3ccc0e20006b82a7d,69a1b50d5ae03bcbfbe7f275,69a18850c4d395e0a69fcdc7,3560,3,attention
3278,bad,35,9,,"No issues, questions, comments, or concerns, thanks!",cookie,Graduated High-school,226947,1772205557983,1772205331036,male,true,English,56cc78e3ccc0e20006b82a7d,69a1b50d5ae03bcbfbe7f275,69a18850c4d395e0a69fcdc7,4607,1,trial
3278,bad,35,1,,"No issues, questions, comments, or concerns, thanks!",coffee,Graduated High-school,226947,1772205557983,1772205331036,male,true,English,56cc78e3ccc0e20006b82a7d,69a1b50d5ae03bcbfbe7f275,69a18850c4d395e0a69fcdc7,2052,4,trial
3278,good,35,9,,"No issues, questions, comments, or concerns, thanks!",coffee,Graduated High-school,226947,1772205557983,1772205331036,male,true,English,56cc78e3ccc0e20006b82a7d,69a1b50d5ae03bcbfbe7f275,69a18850c4d395e0a69fcdc7,7715,4,trial
3278,good,35,1,,"No issues, questions, comments, or concerns, thanks!",restaurant meal,Graduated High-school,226947,1772205557983,1772205331036,male,true,English,56cc78e3ccc0e20006b82a7d,69a1b50d5ae03bcbfbe7f275,69a18850c4d395e0a69fcdc7,28869,2,trial
3278,good,35,9,,"No issues, questions, comments, or concerns, thanks!",coffee,Graduated High-school,226947,1772205557983,1772205331036,male,true,English,56cc78e3ccc0e20006b82a7d,69a1b50d5ae03bcbfbe7f275,69a18850c4d395e0a69fcdc7,26481,5,trial
3278,amazing,35,3,,"No issues, questions, comments, or concerns, thanks!",cookie,Graduated High-school,226947,1772205557983,1772205331036,male,true,English,56cc78e3ccc0e20006b82a7d,69a1b50d5ae03bcbfbe7f275,69a18850c4d395e0a69fcdc7,2481,3,trial
3278,okay,35,9,,"No issues, questions, comments, or concerns, thanks!",coffee,Graduated High-school,226947,1772205557983,1772205331036,male,true,English,56cc78e3ccc0e20006b82a7d,69a1b50d5ae03bcbfbe7f275,69a18850c4d395e0a69fcdc7,2092,4,trial
3278,terrible,35,1,,"No issues, questions, comments, or concerns, thanks!",pizza,Graduated High-school,226947,1772205557983,1772205331036,male,true,English,56cc78e3ccc0e20006b82a7d,69a1b50d5ae03bcbfbe7f275,69a18850c4d395e0a69fcdc7,2437,3,trial
3278,good,35,1,,"No issues, questions, comments, or concerns, thanks!",movie,Graduated High-school,226947,1772205557983,1772205331036,male,true,English,56cc78e3ccc0e20006b82a7d,69a1b50d5ae03bcbfbe7f275,69a18850c4d395e0a69fcdc7,2754,1,trial
3288,good,54,3,,nice study,concert,Graduated College,296998,1772205585498,1772205288500,male,true,English,5ec96e3609117f0a67231842,69a1b4b3b396386b17422f2d,69a18850c4d395e0a69fcdc7,9424,2,trial
3288,terrible,54,1,,nice study,movie,Graduated College,296998,1772205585498,1772205288500,male,true,English,5ec96e3609117f0a67231842,69a1b4b3b396386b17422f2d,69a18850c4d395e0a69fcdc7,6384,5,trial
3288,amazing,54,9,,nice study,restaurant meal,Graduated College,296998,1772205585498,1772205288500,male,true,English,5ec96e3609117f0a67231842,69a1b4b3b396386b17422f2d,69a18850c4d395e0a69fcdc7,5384,5,trial
3288,okay,54,4,,nice study,pizza,Graduated College,296998,1772205585498,1772205288500,male,true,English,5ec96e3609117f0a67231842,69a1b4b3b396386b17422f2d,69a18850c4d395e0a69fcdc7,3872,4,trial
3288,bad,54,8,,nice study,concert,Graduated College,296998,1772205585498,1772205288500,male,true,English,5ec96e3609117f0a67231842,69a1b4b3b396386b17422f2d,69a18850c4d395e0a69fcdc7,4872,2,trial
3288,okay,54,4,,nice study,restaurant meal,Graduated College,296998,1772205585498,1772205288500,male,true,English,5ec96e3609117f0a67231842,69a1b4b3b396386b17422f2d,69a18850c4d395e0a69fcdc7,4032,2,trial
3288,good,54,8,,nice study,coffee,Graduated College,296998,1772205585498,1772205288500,male,true,English,5ec96e3609117f0a67231842,69a1b4b3b396386b17422f2d,69a18850c4d395e0a69fcdc7,4952,4,trial
3288,good,54,6,,nice study,coffee,Graduated College,296998,1772205585498,1772205288500,male,true,English,5ec96e3609117f0a67231842,69a1b4b3b396386b17422f2d,69a18850c4d395e0a69fcdc7,4496,3,trial
3288,amazing,54,4,4,nice study,pizza,Graduated College,296998,1772205585498,1772205288500,male,true,English,5ec96e3609117f0a67231842,69a1b4b3b396386b17422f2d,69a18850c4d395e0a69fcdc7,3656,1,attention
3288,okay,54,3,,nice study,restaurant meal,Graduated College,296998,1772205585498,1772205288500,male,true,English,5ec96e3609117f0a67231842,69a1b4b3b396386b17422f2d,69a18850c4d395e0a69fcdc7,4824,1,trial
3288,terrible,54,1,,nice study,party,Graduated College,296998,1772205585498,1772205288500,male,true,English,5ec96e3609117f0a67231842,69a1b4b3b396386b17422f2d,69a18850c4d395e0a69fcdc7,4136,4,trial
3288,amazing,54,1,,nice study,movie,Graduated College,296998,1772205585498,1772205288500,male,true,English,5ec96e3609117f0a67231842,69a1b4b3b396386b17422f2d,69a18850c4d395e0a69fcdc7,3248,3,trial
3288,bad,54,1,,nice study,party,Graduated College,296998,1772205585498,1772205288500,male,true,English,5ec96e3609117f0a67231842,69a1b4b3b396386b17422f2d,69a18850c4d395e0a69fcdc7,3392,4,trial
3288,bad,54,1,,nice study,pizza,Graduated College,296998,1772205585498,1772205288500,male,true,English,5ec96e3609117f0a67231842,69a1b4b3b396386b17422f2d,69a18850c4d395e0a69fcdc7,3424,5,trial
3288,good,54,5,,nice study,movie,Graduated College,296998,1772205585498,1772205288500,male,true,English,5ec96e3609117f0a67231842,69a1b4b3b396386b17422f2d,69a18850c4d395e0a69fcdc7,4512,5,trial
3288,terrible,54,9,,nice study,concert,Graduated College,296998,1772205585498,1772205288500,male,true,English,5ec96e3609117f0a67231842,69a1b4b3b396386b17422f2d,69a18850c4d395e0a69fcdc7,3368,1,trial
3288,okay,54,9,,nice study,restaurant meal,Graduated College,296998,1772205585498,1772205288500,male,true,English,5ec96e3609117f0a67231842,69a1b4b3b396386b17422f2d,69a18850c4d395e0a69fcdc7,3592,3,trial
3288,amazing,54,5,5,nice study,pizza,Graduated College,296998,1772205585498,1772205288500,male,true,English,5ec96e3609117f0a67231842,69a1b4b3b396386b17422f2d,69a18850c4d395e0a69fcdc7,3728,2,attention
3288,amazing,54,1,,nice study,pizza,Graduated College,296998,1772205585498,1772205288500,male,true,English,5ec96e3609117f0a67231842,69a1b4b3b396386b17422f2d,69a18850c4d395e0a69fcdc7,4520,1,trial
3288,bad,54,2,,nice study,pizza,Graduated College,296998,1772205585498,1772205288500,male,true,English,5ec96e3609117f0a67231842,69a1b4b3b396386b17422f2d,69a18850c4d395e0a69fcdc7,4592,3,trial
3288,bad,54,9,,nice study,pizza,Graduated College,296998,1772205585498,1772205288500,male,true,English,5ec96e3609117f0a67231842,69a1b4b3b396386b17422f2d,69a18850c4d395e0a69fcdc7,3240,1,trial
3288,okay,54,3,,nice study,cookie,Graduated College,296998,1772205585498,1772205288500,male,true,English,5ec96e3609117f0a67231842,69a1b4b3b396386b17422f2d,69a18850c4d395e0a69fcdc7,3320,5,trial
3288,amazing,54,2,,nice study,pizza,Graduated College,296998,1772205585498,1772205288500,male,true,English,5ec96e3609117f0a67231842,69a1b4b3b396386b17422f2d,69a18850c4d395e0a69fcdc7,4664,2,trial
3288,terrible,54,2,,nice study,pizza,Graduated College,296998,1772205585498,1772205288500,male,true,English,5ec96e3609117f0a67231842,69a1b4b3b396386b17422f2d,69a18850c4d395e0a69fcdc7,3408,2,trial
3288,good,54,1,,nice study,concert,Graduated College,296998,1772205585498,1772205288500,male,true,English,5ec96e3609117f0a67231842,69a1b4b3b396386b17422f2d,69a18850c4d395e0a69fcdc7,3559,1,trial
3288,terrible,54,3,,nice study,pizza,Graduated College,296998,1772205585498,1772205288500,male,true,English,5ec96e3609117f0a67231842,69a1b4b3b396386b17422f2d,69a18850c4d395e0a69fcdc7,3752,3,trial
3288,amazing,54,6,,nice study,concert,Graduated College,296998,1772205585498,1772205288500,male,true,English,5ec96e3609117f0a67231842,69a1b4b3b396386b17422f2d,69a18850c4d395e0a69fcdc7,3927,4,trial
3300,okay,55,5,,,coffee,Graduated High-school,169421,1772205612886,1772205443465,male,true,english,67913bb270c5970717520975,69a1b57aee905455b97d613a,69a18850c4d395e0a69fcdc7,23109,4,trial
3300,good,55,1,,,concert,Graduated High-school,169421,1772205612886,1772205443465,male,true,english,67913bb270c5970717520975,69a1b57aee905455b97d613a,69a18850c4d395e0a69fcdc7,5552,1,trial
3300,terrible,55,1,,,party,Graduated High-school,169421,1772205612886,1772205443465,male,true,english,67913bb270c5970717520975,69a1b57aee905455b97d613a,69a18850c4d395e0a69fcdc7,7257,5,trial
3300,bad,55,1,,,concert,Graduated High-school,169421,1772205612886,1772205443465,male,true,english,67913bb270c5970717520975,69a1b57aee905455b97d613a,69a18850c4d395e0a69fcdc7,4704,5,trial
3300,good,55,7,,,pizza,Graduated High-school,169421,1772205612886,1772205443465,male,true,english,67913bb270c5970717520975,69a1b57aee905455b97d613a,69a18850c4d395e0a69fcdc7,9299,5,trial
3300,amazing,55,9,,,coffee,Graduated High-school,169421,1772205612886,1772205443465,male,true,english,67913bb270c5970717520975,69a1b57aee905455b97d613a,69a18850c4d395e0a69fcdc7,3779,5,trial
3300,okay,55,5,,,restaurant meal,Graduated High-school,169421,1772205612886,1772205443465,male,true,english,67913bb270c5970717520975,69a1b57aee905455b97d613a,69a18850c4d395e0a69fcdc7,3668,5,trial
3300,amazing,55,1,,,restaurant meal,Graduated High-school,169421,1772205612886,1772205443465,male,true,english,67913bb270c5970717520975,69a1b57aee905455b97d613a,69a18850c4d395e0a69fcdc7,3991,1,trial
3300,good,55,2,2,,concert,Graduated High-school,169421,1772205612886,1772205443465,male,true,english,67913bb270c5970717520975,69a1b57aee905455b97d613a,69a18850c4d395e0a69fcdc7,7135,1,attention
3300,okay,55,9,,,party,Graduated High-school,169421,1772205612886,1772205443465,male,true,english,67913bb270c5970717520975,69a1b57aee905455b97d613a,69a18850c4d395e0a69fcdc7,4692,3,trial
3300,bad,55,1,,,concert,Graduated High-school,169421,1772205612886,1772205443465,male,true,english,67913bb270c5970717520975,69a1b57aee905455b97d613a,69a18850c4d395e0a69fcdc7,3765,4,trial
3300,bad,55,2,,,concert,Graduated High-school,169421,1772205612886,1772205443465,male,true,english,67913bb270c5970717520975,69a1b57aee905455b97d613a,69a18850c4d395e0a69fcdc7,3773,2,trial
3300,good,55,8,,,cookie,Graduated High-school,169421,1772205612886,1772205443465,male,true,english,67913bb270c5970717520975,69a1b57aee905455b97d613a,69a18850c4d395e0a69fcdc7,3509,4,trial
3300,bad,55,4,,,restaurant meal,Graduated High-school,169421,1772205612886,1772205443465,male,true,english,67913bb270c5970717520975,69a1b57aee905455b97d613a,69a18850c4d395e0a69fcdc7,5998,3,trial
3300,okay,55,2,,,restaurant meal,Graduated High-school,169421,1772205612886,1772205443465,male,true,english,67913bb270c5970717520975,69a1b57aee905455b97d613a,69a18850c4d395e0a69fcdc7,3936,2,trial
3300,good,55,2,,,movie,Graduated High-school,169421,1772205612886,1772205443465,male,true,english,67913bb270c5970717520975,69a1b57aee905455b97d613a,69a18850c4d395e0a69fcdc7,3348,2,trial
3300,amazing,55,7,,,restaurant meal,Graduated High-school,169421,1772205612886,1772205443465,male,true,english,67913bb270c5970717520975,69a1b57aee905455b97d613a,69a18850c4d395e0a69fcdc7,4400,4,trial
3300,amazing,55,3,3,,party,Graduated High-school,169421,1772205612886,1772205443465,male,true,english,67913bb270c5970717520975,69a1b57aee905455b97d613a,69a18850c4d395e0a69fcdc7,3590,2,attention
3300,okay,55,1,,,coffee,Graduated High-school,169421,1772205612886,1772205443465,male,true,english,67913bb270c5970717520975,69a1b57aee905455b97d613a,69a18850c4d395e0a69fcdc7,4359,1,trial
3300,amazing,55,2,,,pizza,Graduated High-school,169421,1772205612886,1772205443465,male,true,english,67913bb270c5970717520975,69a1b57aee905455b97d613a,69a18850c4d395e0a69fcdc7,3438,2,trial
3300,amazing,55,3,,,pizza,Graduated High-school,169421,1772205612886,1772205443465,male,true,english,67913bb270c5970717520975,69a1b57aee905455b97d613a,69a18850c4d395e0a69fcdc7,2885,3,trial
3300,terrible,55,2,,,coffee,Graduated High-school,169421,1772205612886,1772205443465,male,true,english,67913bb270c5970717520975,69a1b57aee905455b97d613a,69a18850c4d395e0a69fcdc7,4227,4,trial
3300,terrible,55,3,,,party,Graduated High-school,169421,1772205612886,1772205443465,male,true,english,67913bb270c5970717520975,69a1b57aee905455b97d613a,69a18850c4d395e0a69fcdc7,3734,3,trial
3300,good,55,8,,,coffee,Graduated High-school,169421,1772205612886,1772205443465,male,true,english,67913bb270c5970717520975,69a1b57aee905455b97d613a,69a18850c4d395e0a69fcdc7,5412,3,trial
3300,bad,55,8,,,concert,Graduated High-school,169421,1772205612886,1772205443465,male,true,english,67913bb270c5970717520975,69a1b57aee905455b97d613a,69a18850c4d395e0a69fcdc7,4437,1,trial
3300,terrible,55,9,,,party,Graduated High-school,169421,1772205612886,1772205443465,male,true,english,67913bb270c5970717520975,69a1b57aee905455b97d613a,69a18850c4d395e0a69fcdc7,3596,1,trial
3300,terrible,55,6,,,cookie,Graduated High-school,169421,1772205612886,1772205443465,male,true,english,67913bb270c5970717520975,69a1b57aee905455b97d613a,69a18850c4d395e0a69fcdc7,3511,2,trial
3305,okay,58,5,,,pizza,Higher degree,302305,1772205645497,1772205343192,male,true,English,6566513f9e98445866f964f1,69a1b50e86847da6b8877d2a,69a18850c4d395e0a69fcdc7,18785,5,trial
3305,terrible,58,2,,,movie,Higher degree,302305,1772205645497,1772205343192,male,true,English,6566513f9e98445866f964f1,69a1b50e86847da6b8877d2a,69a18850c4d395e0a69fcdc7,10982,3,trial
3305,good,58,8,,,concert,Higher degree,302305,1772205645497,1772205343192,male,true,English,6566513f9e98445866f964f1,69a1b50e86847da6b8877d2a,69a18850c4d395e0a69fcdc7,10158,3,trial
3305,bad,58,9,,,cookie,Higher degree,302305,1772205645497,1772205343192,male,true,English,6566513f9e98445866f964f1,69a1b50e86847da6b8877d2a,69a18850c4d395e0a69fcdc7,10778,1,trial
3305,amazing,58,1,,,coffee,Higher degree,302305,1772205645497,1772205343192,male,true,English,6566513f9e98445866f964f1,69a1b50e86847da6b8877d2a,69a18850c4d395e0a69fcdc7,18408,1,trial
3305,bad,58,1,,,movie,Higher degree,302305,1772205645497,1772205343192,male,true,English,6566513f9e98445866f964f1,69a1b50e86847da6b8877d2a,69a18850c4d395e0a69fcdc7,17216,3,trial
3305,okay,58,3,,,concert,Higher degree,302305,1772205645497,1772205343192,male,true,English,6566513f9e98445866f964f1,69a1b50e86847da6b8877d2a,69a18850c4d395e0a69fcdc7,6623,4,trial
3305,terrible,58,9,,,party,Higher degree,302305,1772205645497,1772205343192,male,true,English,6566513f9e98445866f964f1,69a1b50e86847da6b8877d2a,69a18850c4d395e0a69fcdc7,4638,1,trial
3305,bad,58,4,4,,cookie,Higher degree,302305,1772205645497,1772205343192,male,true,English,6566513f9e98445866f964f1,69a1b50e86847da6b8877d2a,69a18850c4d395e0a69fcdc7,8450,3,attention
3305,good,58,2,,,restaurant meal,Higher degree,302305,1772205645497,1772205343192,male,true,English,6566513f9e98445866f964f1,69a1b50e86847da6b8877d2a,69a18850c4d395e0a69fcdc7,7520,2,trial
3305,good,58,9,,,movie,Higher degree,302305,1772205645497,1772205343192,male,true,English,6566513f9e98445866f964f1,69a1b50e86847da6b8877d2a,69a18850c4d395e0a69fcdc7,8561,4,trial
3305,amazing,58,8,,,cookie,Higher degree,302305,1772205645497,1772205343192,male,true,English,6566513f9e98445866f964f1,69a1b50e86847da6b8877d2a,69a18850c4d395e0a69fcdc7,7183,4,trial
3305,amazing,58,5,,,concert,Higher degree,302305,1772205645497,1772205343192,male,true,English,6566513f9e98445866f964f1,69a1b50e86847da6b8877d2a,69a18850c4d395e0a69fcdc7,5904,3,trial
3305,bad,58,1,,,cookie,Higher degree,302305,1772205645497,1772205343192,male,true,English,6566513f9e98445866f964f1,69a1b50e86847da6b8877d2a,69a18850c4d395e0a69fcdc7,4070,5,trial
3305,okay,58,4,,,pizza,Higher degree,302305,1772205645497,1772205343192,male,true,English,6566513f9e98445866f964f1,69a1b50e86847da6b8877d2a,69a18850c4d395e0a69fcdc7,7872,2,trial
3305,terrible,58,1,,,coffee,Higher degree,302305,1772205645497,1772205343192,male,true,English,6566513f9e98445866f964f1,69a1b50e86847da6b8877d2a,69a18850c4d395e0a69fcdc7,5610,5,trial
3305,amazing,58,1,,,restaurant meal,Higher degree,302305,1772205645497,1772205343192,male,true,English,6566513f9e98445866f964f1,69a1b50e86847da6b8877d2a,69a18850c4d395e0a69fcdc7,21014,2,trial
3305,terrible,58,3,3,,coffee,Higher degree,302305,1772205645497,1772205343192,male,true,English,6566513f9e98445866f964f1,69a1b50e86847da6b8877d2a,69a18850c4d395e0a69fcdc7,7635,4,attention
3305,terrible,58,8,,,pizza,Higher degree,302305,1772205645497,1772205343192,male,true,English,6566513f9e98445866f964f1,69a1b50e86847da6b8877d2a,69a18850c4d395e0a69fcdc7,12156,2,trial
3305,bad,58,8,,,pizza,Higher degree,302305,1772205645497,1772205343192,male,true,English,6566513f9e98445866f964f1,69a1b50e86847da6b8877d2a,69a18850c4d395e0a69fcdc7,7034,2,trial
3305,terrible,58,1,,,pizza,Higher degree,302305,1772205645497,1772205343192,male,true,English,6566513f9e98445866f964f1,69a1b50e86847da6b8877d2a,69a18850c4d395e0a69fcdc7,9064,4,trial
3305,bad,58,1,,,restaurant meal,Higher degree,302305,1772205645497,1772205343192,male,true,English,6566513f9e98445866f964f1,69a1b50e86847da6b8877d2a,69a18850c4d395e0a69fcdc7,5089,4,trial
3305,good,58,8,,,movie,Higher degree,302305,1772205645497,1772205343192,male,true,English,6566513f9e98445866f964f1,69a1b50e86847da6b8877d2a,69a18850c4d395e0a69fcdc7,3870,5,trial
3305,amazing,58,9,,,party,Higher degree,302305,1772205645497,1772205343192,male,true,English,6566513f9e98445866f964f1,69a1b50e86847da6b8877d2a,69a18850c4d395e0a69fcdc7,4650,5,trial
3305,okay,58,9,,,coffee,Higher degree,302305,1772205645497,1772205343192,male,true,English,6566513f9e98445866f964f1,69a1b50e86847da6b8877d2a,69a18850c4d395e0a69fcdc7,7368,3,trial
3305,okay,58,1,,,movie,Higher degree,302305,1772205645497,1772205343192,male,true,English,6566513f9e98445866f964f1,69a1b50e86847da6b8877d2a,69a18850c4d395e0a69fcdc7,6440,1,trial
3305,good,58,1,,,pizza,Higher degree,302305,1772205645497,1772205343192,male,true,English,6566513f9e98445866f964f1,69a1b50e86847da6b8877d2a,69a18850c4d395e0a69fcdc7,7869,1,trial
3310,amazing,29,1,,,restaurant meal,Graduated College,227477,1772205681296,1772205453819,male,true,English,64135a80ed7a7b6ef5b8262d,69a1b58729c6f4d94d6643d1,69a18850c4d395e0a69fcdc7,10924,3,trial
3310,amazing,29,1,,,concert,Graduated College,227477,1772205681296,1772205453819,male,true,English,64135a80ed7a7b6ef5b8262d,69a1b58729c6f4d94d6643d1,69a18850c4d395e0a69fcdc7,8106,2,trial
3310,good,29,9,,,movie,Graduated College,227477,1772205681296,1772205453819,male,true,English,64135a80ed7a7b6ef5b8262d,69a1b58729c6f4d94d6643d1,69a18850c4d395e0a69fcdc7,4927,5,trial
3310,bad,29,1,,,pizza,Graduated College,227477,1772205681296,1772205453819,male,true,English,64135a80ed7a7b6ef5b8262d,69a1b58729c6f4d94d6643d1,69a18850c4d395e0a69fcdc7,6628,5,trial
3310,good,29,8,,,coffee,Graduated College,227477,1772205681296,1772205453819,male,true,English,64135a80ed7a7b6ef5b8262d,69a1b58729c6f4d94d6643d1,69a18850c4d395e0a69fcdc7,14542,3,trial
3310,terrible,29,9,,,restaurant meal,Graduated College,227477,1772205681296,1772205453819,male,true,English,64135a80ed7a7b6ef5b8262d,69a1b58729c6f4d94d6643d1,69a18850c4d395e0a69fcdc7,11022,1,trial
3310,good,29,1,,,coffee,Graduated College,227477,1772205681296,1772205453819,male,true,English,64135a80ed7a7b6ef5b8262d,69a1b58729c6f4d94d6643d1,69a18850c4d395e0a69fcdc7,4701,1,trial
3310,okay,29,4,,,coffee,Graduated College,227477,1772205681296,1772205453819,male,true,English,64135a80ed7a7b6ef5b8262d,69a1b58729c6f4d94d6643d1,69a18850c4d395e0a69fcdc7,5237,2,trial
3310,good,29,1,1,,restaurant meal,Graduated College,227477,1772205681296,1772205453819,male,true,English,64135a80ed7a7b6ef5b8262d,69a1b58729c6f4d94d6643d1,69a18850c4d395e0a69fcdc7,11739,5,attention
3310,okay,29,9,,,coffee,Graduated College,227477,1772205681296,1772205453819,male,true,English,64135a80ed7a7b6ef5b8262d,69a1b58729c6f4d94d6643d1,69a18850c4d395e0a69fcdc7,8793,3,trial
3310,good,29,9,,,restaurant meal,Graduated College,227477,1772205681296,1772205453819,male,true,English,64135a80ed7a7b6ef5b8262d,69a1b58729c6f4d94d6643d1,69a18850c4d395e0a69fcdc7,7765,4,trial
3310,bad,29,1,,,pizza,Graduated College,227477,1772205681296,1772205453819,male,true,English,64135a80ed7a7b6ef5b8262d,69a1b58729c6f4d94d6643d1,69a18850c4d395e0a69fcdc7,5765,4,trial
3310,bad,29,3,,,party,Graduated College,227477,1772205681296,1772205453819,male,true,English,64135a80ed7a7b6ef5b8262d,69a1b58729c6f4d94d6643d1,69a18850c4d395e0a69fcdc7,5658,2,trial
3310,good,29,2,,,party,Graduated College,227477,1772205681296,1772205453819,male,true,English,64135a80ed7a7b6ef5b8262d,69a1b58729c6f4d94d6643d1,69a18850c4d395e0a69fcdc7,4538,2,trial
3310,okay,29,3,,,coffee,Graduated College,227477,1772205681296,1772205453819,male,true,English,64135a80ed7a7b6ef5b8262d,69a1b58729c6f4d94d6643d1,69a18850c4d395e0a69fcdc7,7606,5,trial
3310,amazing,29,1,,,movie,Graduated College,227477,1772205681296,1772205453819,male,true,English,64135a80ed7a7b6ef5b8262d,69a1b58729c6f4d94d6643d1,69a18850c4d395e0a69fcdc7,4340,1,trial
3310,amazing,29,9,,,party,Graduated College,227477,1772205681296,1772205453819,male,true,English,64135a80ed7a7b6ef5b8262d,69a1b58729c6f4d94d6643d1,69a18850c4d395e0a69fcdc7,10289,5,trial
3310,amazing,29,5,5,,concert,Graduated College,227477,1772205681296,1772205453819,male,true,English,64135a80ed7a7b6ef5b8262d,69a1b58729c6f4d94d6643d1,69a18850c4d395e0a69fcdc7,6640,4,attention
3310,amazing,29,8,,,concert,Graduated College,227477,1772205681296,1772205453819,male,true,English,64135a80ed7a7b6ef5b8262d,69a1b58729c6f4d94d6643d1,69a18850c4d395e0a69fcdc7,8745,4,trial
3310,okay,29,1,,,movie,Graduated College,227477,1772205681296,1772205453819,male,true,English,64135a80ed7a7b6ef5b8262d,69a1b58729c6f4d94d6643d1,69a18850c4d395e0a69fcdc7,4196,4,trial
3310,terrible,29,1,,,pizza,Graduated College,227477,1772205681296,1772205453819,male,true,English,64135a80ed7a7b6ef5b8262d,69a1b58729c6f4d94d6643d1,69a18850c4d395e0a69fcdc7,7563,3,trial
3310,okay,29,1,,,coffee,Graduated College,227477,1772205681296,1772205453819,male,true,English,64135a80ed7a7b6ef5b8262d,69a1b58729c6f4d94d6643d1,69a18850c4d395e0a69fcdc7,3025,1,trial
3310,terrible,29,1,,,cookie,Graduated College,227477,1772205681296,1772205453819,male,true,English,64135a80ed7a7b6ef5b8262d,69a1b58729c6f4d94d6643d1,69a18850c4d395e0a69fcdc7,3878,5,trial
3310,bad,29,1,,,restaurant meal,Graduated College,227477,1772205681296,1772205453819,male,true,English,64135a80ed7a7b6ef5b8262d,69a1b58729c6f4d94d6643d1,69a18850c4d395e0a69fcdc7,6031,3,trial
3310,terrible,29,1,,,concert,Graduated College,227477,1772205681296,1772205453819,male,true,English,64135a80ed7a7b6ef5b8262d,69a1b58729c6f4d94d6643d1,69a18850c4d395e0a69fcdc7,2980,4,trial
3310,terrible,29,2,,,coffee,Graduated College,227477,1772205681296,1772205453819,male,true,English,64135a80ed7a7b6ef5b8262d,69a1b58729c6f4d94d6643d1,69a18850c4d395e0a69fcdc7,4594,2,trial
3310,bad,29,9,,,coffee,Graduated College,227477,1772205681296,1772205453819,male,true,English,64135a80ed7a7b6ef5b8262d,69a1b58729c6f4d94d6643d1,69a18850c4d395e0a69fcdc7,9681,1,trial
3315,good,59,6,,,restaurant meal,Graduated College,263481,1772205715913,1772205452432,male,true,English,5fe469705312ca1c46a69898,69a1b5865133f94c145f17cf,69a18850c4d395e0a69fcdc7,18583,4,trial
3315,good,59,7,,,party,Graduated College,263481,1772205715913,1772205452432,male,true,English,5fe469705312ca1c46a69898,69a1b5865133f94c145f17cf,69a18850c4d395e0a69fcdc7,11549,3,trial
3315,terrible,59,1,,,cookie,Graduated College,263481,1772205715913,1772205452432,male,true,English,5fe469705312ca1c46a69898,69a1b5865133f94c145f17cf,69a18850c4d395e0a69fcdc7,6350,4,trial
3315,bad,59,1,,,pizza,Graduated College,263481,1772205715913,1772205452432,male,true,English,5fe469705312ca1c46a69898,69a1b5865133f94c145f17cf,69a18850c4d395e0a69fcdc7,7133,4,trial
3315,amazing,59,3,,,cookie,Graduated College,263481,1772205715913,1772205452432,male,true,English,5fe469705312ca1c46a69898,69a1b5865133f94c145f17cf,69a18850c4d395e0a69fcdc7,7350,3,trial
3315,good,59,6,,,cookie,Graduated College,263481,1772205715913,1772205452432,male,true,English,5fe469705312ca1c46a69898,69a1b5865133f94c145f17cf,69a18850c4d395e0a69fcdc7,8366,5,trial
3315,okay,59,8,,,coffee,Graduated College,263481,1772205715913,1772205452432,male,true,English,5fe469705312ca1c46a69898,69a1b5865133f94c145f17cf,69a18850c4d395e0a69fcdc7,8084,3,trial
3315,okay,59,3,,,cookie,Graduated College,263481,1772205715913,1772205452432,male,true,English,5fe469705312ca1c46a69898,69a1b5865133f94c145f17cf,69a18850c4d395e0a69fcdc7,5383,1,trial
3315,bad,59,1,1,,pizza,Graduated College,263481,1772205715913,1772205452432,male,true,English,5fe469705312ca1c46a69898,69a1b5865133f94c145f17cf,69a18850c4d395e0a69fcdc7,5899,5,attention
3315,terrible,59,9,,,concert,Graduated College,263481,1772205715913,1772205452432,male,true,English,5fe469705312ca1c46a69898,69a1b5865133f94c145f17cf,69a18850c4d395e0a69fcdc7,13818,1,trial
3315,terrible,59,8,,,movie,Graduated College,263481,1772205715913,1772205452432,male,true,English,5fe469705312ca1c46a69898,69a1b5865133f94c145f17cf,69a18850c4d395e0a69fcdc7,11865,2,trial
3315,terrible,59,1,,,movie,Graduated College,263481,1772205715913,1772205452432,male,true,English,5fe469705312ca1c46a69898,69a1b5865133f94c145f17cf,69a18850c4d395e0a69fcdc7,4118,5,trial
3315,terrible,59,2,,,cookie,Graduated College,263481,1772205715913,1772205452432,male,true,English,5fe469705312ca1c46a69898,69a1b5865133f94c145f17cf,69a18850c4d395e0a69fcdc7,5450,3,trial
3315,amazing,59,2,,,party,Graduated College,263481,1772205715913,1772205452432,male,true,English,5fe469705312ca1c46a69898,69a1b5865133f94c145f17cf,69a18850c4d395e0a69fcdc7,4400,2,trial
3315,amazing,59,9,,,movie,Graduated College,263481,1772205715913,1772205452432,male,true,English,5fe469705312ca1c46a69898,69a1b5865133f94c145f17cf,69a18850c4d395e0a69fcdc7,5300,5,trial
3315,okay,59,4,,,restaurant meal,Graduated College,263481,1772205715913,1772205452432,male,true,English,5fe469705312ca1c46a69898,69a1b5865133f94c145f17cf,69a18850c4d395e0a69fcdc7,5133,2,trial
3315,amazing,59,1,,,party,Graduated College,263481,1772205715913,1772205452432,male,true,English,5fe469705312ca1c46a69898,69a1b5865133f94c145f17cf,69a18850c4d395e0a69fcdc7,4584,1,trial
3315,terrible,59,1,1,,movie,Graduated College,263481,1772205715913,1772205452432,male,true,English,5fe469705312ca1c46a69898,69a1b5865133f94c145f17cf,69a18850c4d395e0a69fcdc7,4133,4,attention
3315,bad,59,8,,,party,Graduated College,263481,1772205715913,1772205452432,male,true,English,5fe469705312ca1c46a69898,69a1b5865133f94c145f17cf,69a18850c4d395e0a69fcdc7,6650,2,trial
3315,bad,59,3,,,restaurant meal,Graduated College,263481,1772205715913,1772205452432,male,true,English,5fe469705312ca1c46a69898,69a1b5865133f94c145f17cf,69a18850c4d395e0a69fcdc7,6232,3,trial
3315,good,59,4,,,movie,Graduated College,263481,1772205715913,1772205452432,male,true,English,5fe469705312ca1c46a69898,69a1b5865133f94c145f17cf,69a18850c4d395e0a69fcdc7,5967,2,trial
3315,okay,59,1,,,coffee,Graduated College,263481,1772205715913,1772205452432,male,true,English,5fe469705312ca1c46a69898,69a1b5865133f94c145f17cf,69a18850c4d395e0a69fcdc7,5651,5,trial
3315,bad,59,9,,,concert,Graduated College,263481,1772205715913,1772205452432,male,true,English,5fe469705312ca1c46a69898,69a1b5865133f94c145f17cf,69a18850c4d395e0a69fcdc7,4582,1,trial
3315,bad,59,1,,,cookie,Graduated College,263481,1772205715913,1772205452432,male,true,English,5fe469705312ca1c46a69898,69a1b5865133f94c145f17cf,69a18850c4d395e0a69fcdc7,4734,5,trial
3315,okay,59,3,,,movie,Graduated College,263481,1772205715913,1772205452432,male,true,English,5fe469705312ca1c46a69898,69a1b5865133f94c145f17cf,69a18850c4d395e0a69fcdc7,51099,4,trial
3315,good,59,1,,,concert,Graduated College,263481,1772205715913,1772205452432,male,true,English,5fe469705312ca1c46a69898,69a1b5865133f94c145f17cf,69a18850c4d395e0a69fcdc7,3587,1,trial
3315,amazing,59,7,,,restaurant meal,Graduated College,263481,1772205715913,1772205452432,male,true,English,5fe469705312ca1c46a69898,69a1b5865133f94c145f17cf,69a18850c4d395e0a69fcdc7,5098,4,trial
3320,bad,34,5,,,concert,Graduated College,534595,1772205729544,1772205194949,female,true,English,67ae36e6472072f99199d636,69a1b412e5eec6ad44bd5ec0,69a18850c4d395e0a69fcdc7,62466,3,trial
3320,terrible,34,1,,,party,Graduated College,534595,1772205729544,1772205194949,female,true,English,67ae36e6472072f99199d636,69a1b412e5eec6ad44bd5ec0,69a18850c4d395e0a69fcdc7,28562,5,trial
3320,okay,34,7,,,coffee,Graduated College,534595,1772205729544,1772205194949,female,true,English,67ae36e6472072f99199d636,69a1b412e5eec6ad44bd5ec0,69a18850c4d395e0a69fcdc7,30157,4,trial
3320,terrible,34,1,,,pizza,Graduated College,534595,1772205729544,1772205194949,female,true,English,67ae36e6472072f99199d636,69a1b412e5eec6ad44bd5ec0,69a18850c4d395e0a69fcdc7,18153,4,trial
3320,amazing,34,2,,,pizza,Graduated College,534595,1772205729544,1772205194949,female,true,English,67ae36e6472072f99199d636,69a1b412e5eec6ad44bd5ec0,69a18850c4d395e0a69fcdc7,11147,2,trial
3320,good,34,4,,,pizza,Graduated College,534595,1772205729544,1772205194949,female,true,English,67ae36e6472072f99199d636,69a1b412e5eec6ad44bd5ec0,69a18850c4d395e0a69fcdc7,10850,3,trial
3320,amazing,34,1,,,restaurant meal,Graduated College,534595,1772205729544,1772205194949,female,true,English,67ae36e6472072f99199d636,69a1b412e5eec6ad44bd5ec0,69a18850c4d395e0a69fcdc7,12970,1,trial
3320,amazing,34,4,,,pizza,Graduated College,534595,1772205729544,1772205194949,female,true,English,67ae36e6472072f99199d636,69a1b412e5eec6ad44bd5ec0,69a18850c4d395e0a69fcdc7,10593,3,trial
3320,good,34,1,1,,movie,Graduated College,534595,1772205729544,1772205194949,female,true,English,67ae36e6472072f99199d636,69a1b412e5eec6ad44bd5ec0,69a18850c4d395e0a69fcdc7,12508,5,attention
3320,bad,34,7,,,coffee,Graduated College,534595,1772205729544,1772205194949,female,true,English,67ae36e6472072f99199d636,69a1b412e5eec6ad44bd5ec0,69a18850c4d395e0a69fcdc7,12229,2,trial
3320,okay,34,8,,,cookie,Graduated College,534595,1772205729544,1772205194949,female,true,English,67ae36e6472072f99199d636,69a1b412e5eec6ad44bd5ec0,69a18850c4d395e0a69fcdc7,13772,5,trial
3320,good,34,8,,,cookie,Graduated College,534595,1772205729544,1772205194949,female,true,English,67ae36e6472072f99199d636,69a1b412e5eec6ad44bd5ec0,69a18850c4d395e0a69fcdc7,8182,5,trial
3320,bad,34,9,,,cookie,Graduated College,534595,1772205729544,1772205194949,female,true,English,67ae36e6472072f99199d636,69a1b412e5eec6ad44bd5ec0,69a18850c4d395e0a69fcdc7,12307,1,trial
3320,bad,34,3,,,restaurant meal,Graduated College,534595,1772205729544,1772205194949,female,true,English,67ae36e6472072f99199d636,69a1b412e5eec6ad44bd5ec0,69a18850c4d395e0a69fcdc7,52090,4,trial
3320,bad,34,1,,,pizza,Graduated College,534595,1772205729544,1772205194949,female,true,English,67ae36e6472072f99199d636,69a1b412e5eec6ad44bd5ec0,69a18850c4d395e0a69fcdc7,11060,5,trial
3320,terrible,34,4,,,cookie,Graduated College,534595,1772205729544,1772205194949,female,true,English,67ae36e6472072f99199d636,69a1b412e5eec6ad44bd5ec0,69a18850c4d395e0a69fcdc7,11374,3,trial
3320,terrible,34,7,,,party,Graduated College,534595,1772205729544,1772205194949,female,true,English,67ae36e6472072f99199d636,69a1b412e5eec6ad44bd5ec0,69a18850c4d395e0a69fcdc7,8387,2,trial
3320,amazing,34,5,5,,cookie,Graduated College,534595,1772205729544,1772205194949,female,true,English,67ae36e6472072f99199d636,69a1b412e5eec6ad44bd5ec0,69a18850c4d395e0a69fcdc7,19729,1,attention
3320,amazing,34,9,,,coffee,Graduated College,534595,1772205729544,1772205194949,female,true,English,67ae36e6472072f99199d636,69a1b412e5eec6ad44bd5ec0,69a18850c4d395e0a69fcdc7,25489,5,trial
3320,good,34,2,,,pizza,Graduated College,534595,1772205729544,1772205194949,female,true,English,67ae36e6472072f99199d636,69a1b412e5eec6ad44bd5ec0,69a18850c4d395e0a69fcdc7,14856,2,trial
3320,amazing,34,7,,,cookie,Graduated College,534595,1772205729544,1772205194949,female,true,English,67ae36e6472072f99199d636,69a1b412e5eec6ad44bd5ec0,69a18850c4d395e0a69fcdc7,10761,4,trial
3320,okay,34,8,,,pizza,Graduated College,534595,1772205729544,1772205194949,female,true,English,67ae36e6472072f99199d636,69a1b412e5eec6ad44bd5ec0,69a18850c4d395e0a69fcdc7,18685,3,trial
3320,okay,34,2,,,coffee,Graduated College,534595,1772205729544,1772205194949,female,true,English,67ae36e6472072f99199d636,69a1b412e5eec6ad44bd5ec0,69a18850c4d395e0a69fcdc7,6135,1,trial
3320,good,34,2,,,cookie,Graduated College,534595,1772205729544,1772205194949,female,true,English,67ae36e6472072f99199d636,69a1b412e5eec6ad44bd5ec0,69a18850c4d395e0a69fcdc7,3944,1,trial
3320,good,34,8,,,restaurant meal,Graduated College,534595,1772205729544,1772205194949,female,true,English,67ae36e6472072f99199d636,69a1b412e5eec6ad44bd5ec0,69a18850c4d395e0a69fcdc7,8126,4,trial
3320,terrible,34,9,,,pizza,Graduated College,534595,1772205729544,1772205194949,female,true,English,67ae36e6472072f99199d636,69a1b412e5eec6ad44bd5ec0,69a18850c4d395e0a69fcdc7,6605,1,trial
3320,okay,34,6,,,restaurant meal,Graduated College,534595,1772205729544,1772205194949,female,true,English,67ae36e6472072f99199d636,69a1b412e5eec6ad44bd5ec0,69a18850c4d395e0a69fcdc7,5438,2,trial
3325,good,41,1,,,movie,Graduated College,503215,1772205767450,1772205264235,male,true,English,6968cedf5fa6422047e51499,69a1b4c6f6ca8cd6ce023c24,69a18850c4d395e0a69fcdc7,7339,1,trial
3325,amazing,41,1,,,party,Graduated College,503215,1772205767450,1772205264235,male,true,English,6968cedf5fa6422047e51499,69a1b4c6f6ca8cd6ce023c24,69a18850c4d395e0a69fcdc7,3233,1,trial
3325,terrible,41,1,,,coffee,Graduated College,503215,1772205767450,1772205264235,male,true,English,6968cedf5fa6422047e51499,69a1b4c6f6ca8cd6ce023c24,69a18850c4d395e0a69fcdc7,2582,4,trial
3325,terrible,41,9,,,cookie,Graduated College,503215,1772205767450,1772205264235,male,true,English,6968cedf5fa6422047e51499,69a1b4c6f6ca8cd6ce023c24,69a18850c4d395e0a69fcdc7,5470,1,trial
3325,terrible,41,7,,,concert,Graduated College,503215,1772205767450,1772205264235,male,true,English,6968cedf5fa6422047e51499,69a1b4c6f6ca8cd6ce023c24,69a18850c4d395e0a69fcdc7,6754,2,trial
3325,okay,41,1,,,restaurant meal,Graduated College,503215,1772205767450,1772205264235,male,true,English,6968cedf5fa6422047e51499,69a1b4c6f6ca8cd6ce023c24,69a18850c4d395e0a69fcdc7,2792,5,trial
3325,bad,41,2,,,coffee,Graduated College,503215,1772205767450,1772205264235,male,true,English,6968cedf5fa6422047e51499,69a1b4c6f6ca8cd6ce023c24,69a18850c4d395e0a69fcdc7,4199,4,trial
3325,good,41,9,,,restaurant meal,Graduated College,503215,1772205767450,1772205264235,male,true,English,6968cedf5fa6422047e51499,69a1b4c6f6ca8cd6ce023c24,69a18850c4d395e0a69fcdc7,6944,4,trial
3325,bad,41,1,1,,restaurant meal,Graduated College,503215,1772205767450,1772205264235,male,true,English,6968cedf5fa6422047e51499,69a1b4c6f6ca8cd6ce023c24,69a18850c4d395e0a69fcdc7,4060,3,attention
3325,amazing,41,5,,,party,Graduated College,503215,1772205767450,1772205264235,male,true,English,6968cedf5fa6422047e51499,69a1b4c6f6ca8cd6ce023c24,69a18850c4d395e0a69fcdc7,4105,3,trial
3325,okay,41,3,,,party,Graduated College,503215,1772205767450,1772205264235,male,true,English,6968cedf5fa6422047e51499,69a1b4c6f6ca8cd6ce023c24,69a18850c4d395e0a69fcdc7,5864,1,trial
3325,okay,41,3,,,coffee,Graduated College,503215,1772205767450,1772205264235,male,true,English,6968cedf5fa6422047e51499,69a1b4c6f6ca8cd6ce023c24,69a18850c4d395e0a69fcdc7,4187,4,trial
3325,good,41,9,,,movie,Graduated College,503215,1772205767450,1772205264235,male,true,English,6968cedf5fa6422047e51499,69a1b4c6f6ca8cd6ce023c24,69a18850c4d395e0a69fcdc7,5910,3,trial
3325,good,41,7,,,coffee,Graduated College,503215,1772205767450,1772205264235,male,true,English,6968cedf5fa6422047e51499,69a1b4c6f6ca8cd6ce023c24,69a18850c4d395e0a69fcdc7,5920,2,trial
3325,good,41,9,,,concert,Graduated College,503215,1772205767450,1772205264235,male,true,English,6968cedf5fa6422047e51499,69a1b4c6f6ca8cd6ce023c24,69a18850c4d395e0a69fcdc7,3339,5,trial
3325,terrible,41,1,,,pizza,Graduated College,503215,1772205767450,1772205264235,male,true,English,6968cedf5fa6422047e51499,69a1b4c6f6ca8cd6ce023c24,69a18850c4d395e0a69fcdc7,2175,5,trial
3325,amazing,41,2,,,cookie,Graduated College,503215,1772205767450,1772205264235,male,true,English,6968cedf5fa6422047e51499,69a1b4c6f6ca8cd6ce023c24,69a18850c4d395e0a69fcdc7,3746,2,trial
3325,amazing,41,3,3,,pizza,Graduated College,503215,1772205767450,1772205264235,male,true,English,6968cedf5fa6422047e51499,69a1b4c6f6ca8cd6ce023c24,69a18850c4d395e0a69fcdc7,3013,4,attention
3325,bad,41,2,,,concert,Graduated College,503215,1772205767450,1772205264235,male,true,English,6968cedf5fa6422047e51499,69a1b4c6f6ca8cd6ce023c24,69a18850c4d395e0a69fcdc7,6664,3,trial
3325,bad,41,9,,,coffee,Graduated College,503215,1772205767450,1772205264235,male,true,English,6968cedf5fa6422047e51499,69a1b4c6f6ca8cd6ce023c24,69a18850c4d395e0a69fcdc7,2780,1,trial
3325,amazing,41,7,,,coffee,Graduated College,503215,1772205767450,1772205264235,male,true,English,6968cedf5fa6422047e51499,69a1b4c6f6ca8cd6ce023c24,69a18850c4d395e0a69fcdc7,6154,4,trial
3325,terrible,41,2,,,cookie,Graduated College,503215,1772205767450,1772205264235,male,true,English,6968cedf5fa6422047e51499,69a1b4c6f6ca8cd6ce023c24,69a18850c4d395e0a69fcdc7,3118,3,trial
3325,bad,41,1,,,cookie,Graduated College,503215,1772205767450,1772205264235,male,true,English,6968cedf5fa6422047e51499,69a1b4c6f6ca8cd6ce023c24,69a18850c4d395e0a69fcdc7,2117,5,trial
3325,bad,41,5,,,movie,Graduated College,503215,1772205767450,1772205264235,male,true,English,6968cedf5fa6422047e51499,69a1b4c6f6ca8cd6ce023c24,69a18850c4d395e0a69fcdc7,3630,2,trial
3325,okay,41,7,,,cookie,Graduated College,503215,1772205767450,1772205264235,male,true,English,6968cedf5fa6422047e51499,69a1b4c6f6ca8cd6ce023c24,69a18850c4d395e0a69fcdc7,8807,3,trial
3325,amazing,41,9,,,movie,Graduated College,503215,1772205767450,1772205264235,male,true,English,6968cedf5fa6422047e51499,69a1b4c6f6ca8cd6ce023c24,69a18850c4d395e0a69fcdc7,2525,5,trial
3325,okay,41,8,,,party,Graduated College,503215,1772205767450,1772205264235,male,true,English,6968cedf5fa6422047e51499,69a1b4c6f6ca8cd6ce023c24,69a18850c4d395e0a69fcdc7,92877,2,trial
3333,amazing,55,4,,,pizza,Graduated College,314961,1772205797368,1772205482407,female,true,English,60fb26e75427cb8125f2e4a4,69a1b4b1fce98aa575aa55e2,69a18850c4d395e0a69fcdc7,27847,3,trial
3333,amazing,55,2,,,concert,Graduated College,314961,1772205797368,1772205482407,female,true,English,60fb26e75427cb8125f2e4a4,69a1b4b1fce98aa575aa55e2,69a18850c4d395e0a69fcdc7,7432,2,trial
3333,amazing,55,1,,,restaurant meal,Graduated College,314961,1772205797368,1772205482407,female,true,English,60fb26e75427cb8125f2e4a4,69a1b4b1fce98aa575aa55e2,69a18850c4d395e0a69fcdc7,5692,1,trial
3333,bad,55,1,,,coffee,Graduated College,314961,1772205797368,1772205482407,female,true,English,60fb26e75427cb8125f2e4a4,69a1b4b1fce98aa575aa55e2,69a18850c4d395e0a69fcdc7,4792,4,trial
3333,bad,55,3,,,coffee,Graduated College,314961,1772205797368,1772205482407,female,true,English,60fb26e75427cb8125f2e4a4,69a1b4b1fce98aa575aa55e2,69a18850c4d395e0a69fcdc7,9632,3,trial
3333,okay,55,7,,,restaurant meal,Graduated College,314961,1772205797368,1772205482407,female,true,English,60fb26e75427cb8125f2e4a4,69a1b4b1fce98aa575aa55e2,69a18850c4d395e0a69fcdc7,7040,2,trial
3333,terrible,55,9,,,concert,Graduated College,314961,1772205797368,1772205482407,female,true,English,60fb26e75427cb8125f2e4a4,69a1b4b1fce98aa575aa55e2,69a18850c4d395e0a69fcdc7,6993,1,trial
3333,terrible,55,1,,,pizza,Graduated College,314961,1772205797368,1772205482407,female,true,English,60fb26e75427cb8125f2e4a4,69a1b4b1fce98aa575aa55e2,69a18850c4d395e0a69fcdc7,5727,5,trial
3333,amazing,55,2,2,,cookie,Graduated College,314961,1772205797368,1772205482407,female,true,English,60fb26e75427cb8125f2e4a4,69a1b4b1fce98aa575aa55e2,69a18850c4d395e0a69fcdc7,7616,3,attention
3333,amazing,55,7,,,restaurant meal,Graduated College,314961,1772205797368,1772205482407,female,true,English,60fb26e75427cb8125f2e4a4,69a1b4b1fce98aa575aa55e2,69a18850c4d395e0a69fcdc7,7456,4,trial
3333,good,55,5,,,movie,Graduated College,314961,1772205797368,1772205482407,female,true,English,60fb26e75427cb8125f2e4a4,69a1b4b1fce98aa575aa55e2,69a18850c4d395e0a69fcdc7,5392,2,trial
3333,good,55,2,,,party,Graduated College,314961,1772205797368,1772205482407,female,true,English,60fb26e75427cb8125f2e4a4,69a1b4b1fce98aa575aa55e2,69a18850c4d395e0a69fcdc7,5220,1,trial
3333,good,55,7,,,pizza,Graduated College,314961,1772205797368,1772205482407,female,true,English,60fb26e75427cb8125f2e4a4,69a1b4b1fce98aa575aa55e2,69a18850c4d395e0a69fcdc7,5584,5,trial
3333,okay,55,4,,,restaurant meal,Graduated College,314961,1772205797368,1772205482407,female,true,English,60fb26e75427cb8125f2e4a4,69a1b4b1fce98aa575aa55e2,69a18850c4d395e0a69fcdc7,7468,1,trial
3333,okay,55,5,,,concert,Graduated College,314961,1772205797368,1772205482407,female,true,English,60fb26e75427cb8125f2e4a4,69a1b4b1fce98aa575aa55e2,69a18850c4d395e0a69fcdc7,7684,4,trial
3333,good,55,9,,,cookie,Graduated College,314961,1772205797368,1772205482407,female,true,English,60fb26e75427cb8125f2e4a4,69a1b4b1fce98aa575aa55e2,69a18850c4d395e0a69fcdc7,5424,4,trial
3333,good,55,7,,,pizza,Graduated College,314961,1772205797368,1772205482407,female,true,English,60fb26e75427cb8125f2e4a4,69a1b4b1fce98aa575aa55e2,69a18850c4d395e0a69fcdc7,6910,3,trial
3333,good,55,4,4,,movie,Graduated College,314961,1772205797368,1772205482407,female,true,English,60fb26e75427cb8125f2e4a4,69a1b4b1fce98aa575aa55e2,69a18850c4d395e0a69fcdc7,5569,5,attention
3333,okay,55,4,,,pizza,Graduated College,314961,1772205797368,1772205482407,female,true,English,60fb26e75427cb8125f2e4a4,69a1b4b1fce98aa575aa55e2,69a18850c4d395e0a69fcdc7,9672,5,trial
3333,amazing,55,9,,,pizza,Graduated College,314961,1772205797368,1772205482407,female,true,English,60fb26e75427cb8125f2e4a4,69a1b4b1fce98aa575aa55e2,69a18850c4d395e0a69fcdc7,6764,5,trial
3333,terrible,55,3,,,movie,Graduated College,314961,1772205797368,1772205482407,female,true,English,60fb26e75427cb8125f2e4a4,69a1b4b1fce98aa575aa55e2,69a18850c4d395e0a69fcdc7,5432,4,trial
3333,bad,55,8,,,restaurant meal,Graduated College,314961,1772205797368,1772205482407,female,true,English,60fb26e75427cb8125f2e4a4,69a1b4b1fce98aa575aa55e2,69a18850c4d395e0a69fcdc7,10027,2,trial
3333,bad,55,9,,,coffee,Graduated College,314961,1772205797368,1772205482407,female,true,English,60fb26e75427cb8125f2e4a4,69a1b4b1fce98aa575aa55e2,69a18850c4d395e0a69fcdc7,4468,1,trial
3333,bad,55,1,,,party,Graduated College,314961,1772205797368,1772205482407,female,true,English,60fb26e75427cb8125f2e4a4,69a1b4b1fce98aa575aa55e2,69a18850c4d395e0a69fcdc7,4905,5,trial
3333,terrible,55,4,,,coffee,Graduated College,314961,1772205797368,1772205482407,female,true,English,60fb26e75427cb8125f2e4a4,69a1b4b1fce98aa575aa55e2,69a18850c4d395e0a69fcdc7,27918,3,trial
3333,okay,55,8,,,movie,Graduated College,314961,1772205797368,1772205482407,female,true,English,60fb26e75427cb8125f2e4a4,69a1b4b1fce98aa575aa55e2,69a18850c4d395e0a69fcdc7,33500,3,trial
3333,terrible,55,6,,,coffee,Graduated College,314961,1772205797368,1772205482407,female,true,English,60fb26e75427cb8125f2e4a4,69a1b4b1fce98aa575aa55e2,69a18850c4d395e0a69fcdc7,13144,2,trial
3345,okay,45,3,,,coffee,Graduated College,151850,1772205846940,1772205695090,female,true,English,571bdaa76b0894001362f780,69a1b48898089a7370bcb37f,69a18850c4d395e0a69fcdc7,6975,4,trial
3345,terrible,45,1,,,party,Graduated College,151850,1772205846940,1772205695090,female,true,English,571bdaa76b0894001362f780,69a1b48898089a7370bcb37f,69a18850c4d395e0a69fcdc7,4673,4,trial
3345,amazing,45,2,,,coffee,Graduated College,151850,1772205846940,1772205695090,female,true,English,571bdaa76b0894001362f780,69a1b48898089a7370bcb37f,69a18850c4d395e0a69fcdc7,5350,2,trial
3345,okay,45,3,,,party,Graduated College,151850,1772205846940,1772205695090,female,true,English,571bdaa76b0894001362f780,69a1b48898089a7370bcb37f,69a18850c4d395e0a69fcdc7,10555,5,trial
3345,amazing,45,4,,,cookie,Graduated College,151850,1772205846940,1772205695090,female,true,English,571bdaa76b0894001362f780,69a1b48898089a7370bcb37f,69a18850c4d395e0a69fcdc7,5164,3,trial
3345,amazing,45,1,,,concert,Graduated College,151850,1772205846940,1772205695090,female,true,English,571bdaa76b0894001362f780,69a1b48898089a7370bcb37f,69a18850c4d395e0a69fcdc7,4636,1,trial
3345,amazing,45,9,,,party,Graduated College,151850,1772205846940,1772205695090,female,true,English,571bdaa76b0894001362f780,69a1b48898089a7370bcb37f,69a18850c4d395e0a69fcdc7,6334,5,trial
3345,good,45,2,,,concert,Graduated College,151850,1772205846940,1772205695090,female,true,English,571bdaa76b0894001362f780,69a1b48898089a7370bcb37f,69a18850c4d395e0a69fcdc7,3575,1,trial
3345,okay,45,1,1,,restaurant meal,Graduated College,151850,1772205846940,1772205695090,female,true,English,571bdaa76b0894001362f780,69a1b48898089a7370bcb37f,69a18850c4d395e0a69fcdc7,3716,1,attention
3345,bad,45,1,,,coffee,Graduated College,151850,1772205846940,1772205695090,female,true,English,571bdaa76b0894001362f780,69a1b48898089a7370bcb37f,69a18850c4d395e0a69fcdc7,3062,5,trial
3345,good,45,2,,,pizza,Graduated College,151850,1772205846940,1772205695090,female,true,English,571bdaa76b0894001362f780,69a1b48898089a7370bcb37f,69a18850c4d395e0a69fcdc7,4205,2,trial
3345,bad,45,5,,,cookie,Graduated College,151850,1772205846940,1772205695090,female,true,English,571bdaa76b0894001362f780,69a1b48898089a7370bcb37f,69a18850c4d395e0a69fcdc7,9529,2,trial
3345,okay,45,5,,,restaurant meal,Graduated College,151850,1772205846940,1772205695090,female,true,English,571bdaa76b0894001362f780,69a1b48898089a7370bcb37f,69a18850c4d395e0a69fcdc7,4717,2,trial
3345,terrible,45,2,,,concert,Graduated College,151850,1772205846940,1772205695090,female,true,English,571bdaa76b0894001362f780,69a1b48898089a7370bcb37f,69a18850c4d395e0a69fcdc7,6252,2,trial
3345,terrible,45,1,,,party,Graduated College,151850,1772205846940,1772205695090,female,true,English,571bdaa76b0894001362f780,69a1b48898089a7370bcb37f,69a18850c4d395e0a69fcdc7,4039,5,trial
3345,good,45,7,,,coffee,Graduated College,151850,1772205846940,1772205695090,female,true,English,571bdaa76b0894001362f780,69a1b48898089a7370bcb37f,69a18850c4d395e0a69fcdc7,3433,5,trial
3345,terrible,45,8,,,cookie,Graduated College,151850,1772205846940,1772205695090,female,true,English,571bdaa76b0894001362f780,69a1b48898089a7370bcb37f,69a18850c4d395e0a69fcdc7,4581,1,trial
3345,bad,45,3,3,,cookie,Graduated College,151850,1772205846940,1772205695090,female,true,English,571bdaa76b0894001362f780,69a1b48898089a7370bcb37f,69a18850c4d395e0a69fcdc7,3610,3,attention
3345,okay,45,3,,,movie,Graduated College,151850,1772205846940,1772205695090,female,true,English,571bdaa76b0894001362f780,69a1b48898089a7370bcb37f,69a18850c4d395e0a69fcdc7,4176,1,trial
3345,bad,45,2,,,party,Graduated College,151850,1772205846940,1772205695090,female,true,English,571bdaa76b0894001362f780,69a1b48898089a7370bcb37f,69a18850c4d395e0a69fcdc7,5493,3,trial
3345,bad,45,1,,,pizza,Graduated College,151850,1772205846940,1772205695090,female,true,English,571bdaa76b0894001362f780,69a1b48898089a7370bcb37f,69a18850c4d395e0a69fcdc7,3971,4,trial
3345,good,45,8,,,movie,Graduated College,151850,1772205846940,1772205695090,female,true,English,571bdaa76b0894001362f780,69a1b48898089a7370bcb37f,69a18850c4d395e0a69fcdc7,3079,3,trial
3345,bad,45,9,,,cookie,Graduated College,151850,1772205846940,1772205695090,female,true,English,571bdaa76b0894001362f780,69a1b48898089a7370bcb37f,69a18850c4d395e0a69fcdc7,3864,1,trial
3345,terrible,45,2,,,movie,Graduated College,151850,1772205846940,1772205695090,female,true,English,571bdaa76b0894001362f780,69a1b48898089a7370bcb37f,69a18850c4d395e0a69fcdc7,3591,3,trial
3345,good,45,8,,,pizza,Graduated College,151850,1772205846940,1772205695090,female,true,English,571bdaa76b0894001362f780,69a1b48898089a7370bcb37f,69a18850c4d395e0a69fcdc7,3197,4,trial
3345,amazing,45,6,,,movie,Graduated College,151850,1772205846940,1772205695090,female,true,English,571bdaa76b0894001362f780,69a1b48898089a7370bcb37f,69a18850c4d395e0a69fcdc7,3887,4,trial
3345,okay,45,9,,,movie,Graduated College,151850,1772205846940,1772205695090,female,true,English,571bdaa76b0894001362f780,69a1b48898089a7370bcb37f,69a18850c4d395e0a69fcdc7,4609,3,trial
3350,okay,39,8,,,movie,Higher degree,295249,1772205892263,1772205597014,female,true,English,5f994db35d140f02b07f6faa,69a1b60dec178b5b8a01cb18,69a18850c4d395e0a69fcdc7,17981,2,trial
3350,amazing,39,6,,,restaurant meal,Higher degree,295249,1772205892263,1772205597014,female,true,English,5f994db35d140f02b07f6faa,69a1b60dec178b5b8a01cb18,69a18850c4d395e0a69fcdc7,13020,4,trial
3350,amazing,39,1,,,restaurant meal,Higher degree,295249,1772205892263,1772205597014,female,true,English,5f994db35d140f02b07f6faa,69a1b60dec178b5b8a01cb18,69a18850c4d395e0a69fcdc7,8676,1,trial
3350,bad,39,9,,,movie,Higher degree,295249,1772205892263,1772205597014,female,true,English,5f994db35d140f02b07f6faa,69a1b60dec178b5b8a01cb18,69a18850c4d395e0a69fcdc7,5312,1,trial
3350,good,39,2,,,movie,Higher degree,295249,1772205892263,1772205597014,female,true,English,5f994db35d140f02b07f6faa,69a1b60dec178b5b8a01cb18,69a18850c4d395e0a69fcdc7,7554,1,trial
3350,okay,39,8,,,coffee,Higher degree,295249,1772205892263,1772205597014,female,true,English,5f994db35d140f02b07f6faa,69a1b60dec178b5b8a01cb18,69a18850c4d395e0a69fcdc7,9382,3,trial
3350,terrible,39,9,,,concert,Higher degree,295249,1772205892263,1772205597014,female,true,English,5f994db35d140f02b07f6faa,69a1b60dec178b5b8a01cb18,69a18850c4d395e0a69fcdc7,17600,1,trial
3350,terrible,39,1,,,cookie,Higher degree,295249,1772205892263,1772205597014,female,true,English,5f994db35d140f02b07f6faa,69a1b60dec178b5b8a01cb18,69a18850c4d395e0a69fcdc7,16629,3,trial
3350,terrible,39,2,2,,movie,Higher degree,295249,1772205892263,1772205597014,female,true,English,5f994db35d140f02b07f6faa,69a1b60dec178b5b8a01cb18,69a18850c4d395e0a69fcdc7,10981,4,attention
3350,bad,39,2,,,party,Higher degree,295249,1772205892263,1772205597014,female,true,English,5f994db35d140f02b07f6faa,69a1b60dec178b5b8a01cb18,69a18850c4d395e0a69fcdc7,10854,4,trial
3350,okay,39,4,,,concert,Higher degree,295249,1772205892263,1772205597014,female,true,English,5f994db35d140f02b07f6faa,69a1b60dec178b5b8a01cb18,69a18850c4d395e0a69fcdc7,6166,4,trial
3350,amazing,39,9,,,concert,Higher degree,295249,1772205892263,1772205597014,female,true,English,5f994db35d140f02b07f6faa,69a1b60dec178b5b8a01cb18,69a18850c4d395e0a69fcdc7,4984,5,trial
3350,amazing,39,2,,,movie,Higher degree,295249,1772205892263,1772205597014,female,true,English,5f994db35d140f02b07f6faa,69a1b60dec178b5b8a01cb18,69a18850c4d395e0a69fcdc7,5589,2,trial
3350,okay,39,1,,,concert,Higher degree,295249,1772205892263,1772205597014,female,true,English,5f994db35d140f02b07f6faa,69a1b60dec178b5b8a01cb18,69a18850c4d395e0a69fcdc7,7352,5,trial
3350,terrible,39,3,,,coffee,Higher degree,295249,1772205892263,1772205597014,female,true,English,5f994db35d140f02b07f6faa,69a1b60dec178b5b8a01cb18,69a18850c4d395e0a69fcdc7,9293,2,trial
3350,good,39,5,,,pizza,Higher degree,295249,1772205892263,1772205597014,female,true,English,5f994db35d140f02b07f6faa,69a1b60dec178b5b8a01cb18,69a18850c4d395e0a69fcdc7,10632,5,trial
3350,bad,39,4,,,party,Higher degree,295249,1772205892263,1772205597014,female,true,English,5f994db35d140f02b07f6faa,69a1b60dec178b5b8a01cb18,69a18850c4d395e0a69fcdc7,8557,2,trial
3350,amazing,39,2,2,,concert,Higher degree,295249,1772205892263,1772205597014,female,true,English,5f994db35d140f02b07f6faa,69a1b60dec178b5b8a01cb18,69a18850c4d395e0a69fcdc7,4280,3,attention
3350,terrible,39,1,,,restaurant meal,Higher degree,295249,1772205892263,1772205597014,female,true,English,5f994db35d140f02b07f6faa,69a1b60dec178b5b8a01cb18,69a18850c4d395e0a69fcdc7,5936,5,trial
3350,good,39,4,,,coffee,Higher degree,295249,1772205892263,1772205597014,female,true,English,5f994db35d140f02b07f6faa,69a1b60dec178b5b8a01cb18,69a18850c4d395e0a69fcdc7,8754,4,trial
3350,bad,39,1,,,coffee,Higher degree,295249,1772205892263,1772205597014,female,true,English,5f994db35d140f02b07f6faa,69a1b60dec178b5b8a01cb18,69a18850c4d395e0a69fcdc7,9322,5,trial
3350,terrible,39,2,,,coffee,Higher degree,295249,1772205892263,1772205597014,female,true,English,5f994db35d140f02b07f6faa,69a1b60dec178b5b8a01cb18,69a18850c4d395e0a69fcdc7,5591,4,trial
3350,good,39,6,,,party,Higher degree,295249,1772205892263,1772205597014,female,true,English,5f994db35d140f02b07f6faa,69a1b60dec178b5b8a01cb18,69a18850c4d395e0a69fcdc7,8836,3,trial
3350,amazing,39,4,,,concert,Higher degree,295249,1772205892263,1772205597014,female,true,English,5f994db35d140f02b07f6faa,69a1b60dec178b5b8a01cb18,69a18850c4d395e0a69fcdc7,6155,3,trial
3350,good,39,7,,,cookie,Higher degree,295249,1772205892263,1772205597014,female,true,English,5f994db35d140f02b07f6faa,69a1b60dec178b5b8a01cb18,69a18850c4d395e0a69fcdc7,9069,2,trial
3350,okay,39,3,,,coffee,Higher degree,295249,1772205892263,1772205597014,female,true,English,5f994db35d140f02b07f6faa,69a1b60dec178b5b8a01cb18,69a18850c4d395e0a69fcdc7,5863,1,trial
3350,bad,39,2,,,coffee,Higher degree,295249,1772205892263,1772205597014,female,true,English,5f994db35d140f02b07f6faa,69a1b60dec178b5b8a01cb18,69a18850c4d395e0a69fcdc7,5142,3,trial
3337,bad,47,1,,,movie,Graduated College,728424,1772205817503,1772205089079,male,true,English,5980fff19bf4fe0001070984,69a1b41dab23eca8cef382df,69a18850c4d395e0a69fcdc7,7248,5,trial
3337,good,47,6,,,party,Graduated College,728424,1772205817503,1772205089079,male,true,English,5980fff19bf4fe0001070984,69a1b41dab23eca8cef382df,69a18850c4d395e0a69fcdc7,42488,3,trial
3337,amazing,47,1,,,cookie,Graduated College,728424,1772205817503,1772205089079,male,true,English,5980fff19bf4fe0001070984,69a1b41dab23eca8cef382df,69a18850c4d395e0a69fcdc7,5280,2,trial
3337,good,47,3,,,restaurant meal,Graduated College,728424,1772205817503,1772205089079,male,true,English,5980fff19bf4fe0001070984,69a1b41dab23eca8cef382df,69a18850c4d395e0a69fcdc7,4007,2,trial
3337,okay,47,4,,,pizza,Graduated College,728424,1772205817503,1772205089079,male,true,English,5980fff19bf4fe0001070984,69a1b41dab23eca8cef382df,69a18850c4d395e0a69fcdc7,4608,5,trial
3337,bad,47,1,,,concert,Graduated College,728424,1772205817503,1772205089079,male,true,English,5980fff19bf4fe0001070984,69a1b41dab23eca8cef382df,69a18850c4d395e0a69fcdc7,4041,4,trial
3337,bad,47,9,,,pizza,Graduated College,728424,1772205817503,1772205089079,male,true,English,5980fff19bf4fe0001070984,69a1b41dab23eca8cef382df,69a18850c4d395e0a69fcdc7,6279,1,trial
3337,amazing,47,5,,,restaurant meal,Graduated College,728424,1772205817503,1772205089079,male,true,English,5980fff19bf4fe0001070984,69a1b41dab23eca8cef382df,69a18850c4d395e0a69fcdc7,4183,4,trial
3337,terrible,47,3,3,,concert,Graduated College,728424,1772205817503,1772205089079,male,true,English,5980fff19bf4fe0001070984,69a1b41dab23eca8cef382df,69a18850c4d395e0a69fcdc7,4616,3,attention
3337,okay,47,7,,,restaurant meal,Graduated College,728424,1772205817503,1772205089079,male,true,English,5980fff19bf4fe0001070984,69a1b41dab23eca8cef382df,69a18850c4d395e0a69fcdc7,8039,3,trial
3337,okay,47,4,,,coffee,Graduated College,728424,1772205817503,1772205089079,male,true,English,5980fff19bf4fe0001070984,69a1b41dab23eca8cef382df,69a18850c4d395e0a69fcdc7,3473,2,trial
3337,amazing,47,1,,,coffee,Graduated College,728424,1772205817503,1772205089079,male,true,English,5980fff19bf4fe0001070984,69a1b41dab23eca8cef382df,69a18850c4d395e0a69fcdc7,3568,1,trial
3337,terrible,47,9,,,restaurant meal,Graduated College,728424,1772205817503,1772205089079,male,true,English,5980fff19bf4fe0001070984,69a1b41dab23eca8cef382df,69a18850c4d395e0a69fcdc7,7616,1,trial
3337,terrible,47,1,,,cookie,Graduated College,728424,1772205817503,1772205089079,male,true,English,5980fff19bf4fe0001070984,69a1b41dab23eca8cef382df,69a18850c4d395e0a69fcdc7,3687,4,trial
3337,good,47,1,,,movie,Graduated College,728424,1772205817503,1772205089079,male,true,English,5980fff19bf4fe0001070984,69a1b41dab23eca8cef382df,69a18850c4d395e0a69fcdc7,3097,1,trial
3337,amazing,47,3,,,concert,Graduated College,728424,1772205817503,1772205089079,male,true,English,5980fff19bf4fe0001070984,69a1b41dab23eca8cef382df,69a18850c4d395e0a69fcdc7,4351,3,trial
3337,terrible,47,1,,,cookie,Graduated College,728424,1772205817503,1772205089079,male,true,English,5980fff19bf4fe0001070984,69a1b41dab23eca8cef382df,69a18850c4d395e0a69fcdc7,3257,5,trial
3337,okay,47,3,3,,coffee,Graduated College,728424,1772205817503,1772205089079,male,true,English,5980fff19bf4fe0001070984,69a1b41dab23eca8cef382df,69a18850c4d395e0a69fcdc7,3160,1,attention
3337,okay,47,3,,,movie,Graduated College,728424,1772205817503,1772205089079,male,true,English,5980fff19bf4fe0001070984,69a1b41dab23eca8cef382df,69a18850c4d395e0a69fcdc7,6232,1,trial
3337,good,47,6,,,pizza,Graduated College,728424,1772205817503,1772205089079,male,true,English,5980fff19bf4fe0001070984,69a1b41dab23eca8cef382df,69a18850c4d395e0a69fcdc7,3319,5,trial
3337,terrible,47,2,,,concert,Graduated College,728424,1772205817503,1772205089079,male,true,English,5980fff19bf4fe0001070984,69a1b41dab23eca8cef382df,69a18850c4d395e0a69fcdc7,2645,3,trial
3337,okay,47,6,,,restaurant meal,Graduated College,728424,1772205817503,1772205089079,male,true,English,5980fff19bf4fe0001070984,69a1b41dab23eca8cef382df,69a18850c4d395e0a69fcdc7,3196,4,trial
3337,bad,47,7,,,concert,Graduated College,728424,1772205817503,1772205089079,male,true,English,5980fff19bf4fe0001070984,69a1b41dab23eca8cef382df,69a18850c4d395e0a69fcdc7,4313,2,trial
3337,good,47,8,,,party,Graduated College,728424,1772205817503,1772205089079,male,true,English,5980fff19bf4fe0001070984,69a1b41dab23eca8cef382df,69a18850c4d395e0a69fcdc7,3357,4,trial
3337,bad,47,2,,,movie,Graduated College,728424,1772205817503,1772205089079,male,true,English,5980fff19bf4fe0001070984,69a1b41dab23eca8cef382df,69a18850c4d395e0a69fcdc7,3136,3,trial
3337,terrible,47,7,,,cookie,Graduated College,728424,1772205817503,1772205089079,male,true,English,5980fff19bf4fe0001070984,69a1b41dab23eca8cef382df,69a18850c4d395e0a69fcdc7,3792,2,trial
3337,amazing,47,9,,,party,Graduated College,728424,1772205817503,1772205089079,male,true,English,5980fff19bf4fe0001070984,69a1b41dab23eca8cef382df,69a18850c4d395e0a69fcdc7,2623,5,trial
3360,terrible,39,1,,,cookie,Higher degree,206170,1772206026793,1772205820623,male,true,English,62ead930d596b021e1e12007,69a1b6f5bcad0217804bb2ed,69a18850c4d395e0a69fcdc7,11504,4,trial
3360,okay,39,1,,,pizza,Higher degree,206170,1772206026793,1772205820623,male,true,English,62ead930d596b021e1e12007,69a1b6f5bcad0217804bb2ed,69a18850c4d395e0a69fcdc7,10712,1,trial
3360,good,39,9,,,cookie,Higher degree,206170,1772206026793,1772205820623,male,true,English,62ead930d596b021e1e12007,69a1b6f5bcad0217804bb2ed,69a18850c4d395e0a69fcdc7,7536,4,trial
3360,terrible,39,4,,,coffee,Higher degree,206170,1772206026793,1772205820623,male,true,English,62ead930d596b021e1e12007,69a1b6f5bcad0217804bb2ed,69a18850c4d395e0a69fcdc7,9390,2,trial
3360,amazing,39,7,,,concert,Higher degree,206170,1772206026793,1772205820623,male,true,English,62ead930d596b021e1e12007,69a1b6f5bcad0217804bb2ed,69a18850c4d395e0a69fcdc7,6504,4,trial
3360,bad,39,1,,,concert,Higher degree,206170,1772206026793,1772205820623,male,true,English,62ead930d596b021e1e12007,69a1b6f5bcad0217804bb2ed,69a18850c4d395e0a69fcdc7,3496,5,trial
3360,amazing,39,1,,,concert,Higher degree,206170,1772206026793,1772205820623,male,true,English,62ead930d596b021e1e12007,69a1b6f5bcad0217804bb2ed,69a18850c4d395e0a69fcdc7,5264,2,trial
3360,bad,39,1,,,coffee,Higher degree,206170,1772206026793,1772205820623,male,true,English,62ead930d596b021e1e12007,69a1b6f5bcad0217804bb2ed,69a18850c4d395e0a69fcdc7,5152,4,trial
3360,good,39,3,3,,movie,Higher degree,206170,1772206026793,1772205820623,male,true,English,62ead930d596b021e1e12007,69a1b6f5bcad0217804bb2ed,69a18850c4d395e0a69fcdc7,5212,4,attention
3360,good,39,1,,,restaurant meal,Higher degree,206170,1772206026793,1772205820623,male,true,English,62ead930d596b021e1e12007,69a1b6f5bcad0217804bb2ed,69a18850c4d395e0a69fcdc7,5501,2,trial
3360,good,39,8,,,concert,Higher degree,206170,1772206026793,1772205820623,male,true,English,62ead930d596b021e1e12007,69a1b6f5bcad0217804bb2ed,69a18850c4d395e0a69fcdc7,19336,5,trial
3360,bad,39,9,,,cookie,Higher degree,206170,1772206026793,1772205820623,male,true,English,62ead930d596b021e1e12007,69a1b6f5bcad0217804bb2ed,69a18850c4d395e0a69fcdc7,4552,2,trial
3360,terrible,39,9,,,pizza,Higher degree,206170,1772206026793,1772205820623,male,true,English,62ead930d596b021e1e12007,69a1b6f5bcad0217804bb2ed,69a18850c4d395e0a69fcdc7,3360,1,trial
3360,amazing,39,1,,,party,Higher degree,206170,1772206026793,1772205820623,male,true,English,62ead930d596b021e1e12007,69a1b6f5bcad0217804bb2ed,69a18850c4d395e0a69fcdc7,8280,3,trial
3360,okay,39,7,,,party,Higher degree,206170,1772206026793,1772205820623,male,true,English,62ead930d596b021e1e12007,69a1b6f5bcad0217804bb2ed,69a18850c4d395e0a69fcdc7,6488,2,trial
3360,terrible,39,1,,,restaurant meal,Higher degree,206170,1772206026793,1772205820623,male,true,English,62ead930d596b021e1e12007,69a1b6f5bcad0217804bb2ed,69a18850c4d395e0a69fcdc7,3184,5,trial
3360,amazing,39,1,,,party,Higher degree,206170,1772206026793,1772205820623,male,true,English,62ead930d596b021e1e12007,69a1b6f5bcad0217804bb2ed,69a18850c4d395e0a69fcdc7,2880,1,trial
3360,terrible,39,4,4,,movie,Higher degree,206170,1772206026793,1772205820623,male,true,English,62ead930d596b021e1e12007,69a1b6f5bcad0217804bb2ed,69a18850c4d395e0a69fcdc7,2724,2,attention
3360,okay,39,3,,,concert,Higher degree,206170,1772206026793,1772205820623,male,true,English,62ead930d596b021e1e12007,69a1b6f5bcad0217804bb2ed,69a18850c4d395e0a69fcdc7,6452,5,trial
3360,bad,39,6,,,cookie,Higher degree,206170,1772206026793,1772205820623,male,true,English,62ead930d596b021e1e12007,69a1b6f5bcad0217804bb2ed,69a18850c4d395e0a69fcdc7,7152,3,trial
3360,okay,39,9,,,coffee,Higher degree,206170,1772206026793,1772205820623,male,true,English,62ead930d596b021e1e12007,69a1b6f5bcad0217804bb2ed,69a18850c4d395e0a69fcdc7,3496,3,trial
3360,good,39,1,,,movie,Higher degree,206170,1772206026793,1772205820623,male,true,English,62ead930d596b021e1e12007,69a1b6f5bcad0217804bb2ed,69a18850c4d395e0a69fcdc7,3184,1,trial
3360,terrible,39,2,,,pizza,Higher degree,206170,1772206026793,1772205820623,male,true,English,62ead930d596b021e1e12007,69a1b6f5bcad0217804bb2ed,69a18850c4d395e0a69fcdc7,6216,3,trial
3360,bad,39,7,,,cookie,Higher degree,206170,1772206026793,1772205820623,male,true,English,62ead930d596b021e1e12007,69a1b6f5bcad0217804bb2ed,69a18850c4d395e0a69fcdc7,5505,1,trial
3360,good,39,5,,,movie,Higher degree,206170,1772206026793,1772205820623,male,true,English,62ead930d596b021e1e12007,69a1b6f5bcad0217804bb2ed,69a18850c4d395e0a69fcdc7,6619,3,trial
3360,amazing,39,9,,,restaurant meal,Higher degree,206170,1772206026793,1772205820623,male,true,English,62ead930d596b021e1e12007,69a1b6f5bcad0217804bb2ed,69a18850c4d395e0a69fcdc7,2884,5,trial
3360,okay,39,7,,,concert,Higher degree,206170,1772206026793,1772205820623,male,true,English,62ead930d596b021e1e12007,69a1b6f5bcad0217804bb2ed,69a18850c4d395e0a69fcdc7,6360,4,trial
3365,terrible,28,2,,,party,Graduated College,367582,1772206059629,1772205692047,male,true,English ,61446a1ecda939d3c22d9787,69a1b673f8e6f6380b9e92e6,69a18850c4d395e0a69fcdc7,17599,4,trial
3365,okay,28,5,,,coffee,Graduated College,367582,1772206059629,1772205692047,male,true,English ,61446a1ecda939d3c22d9787,69a1b673f8e6f6380b9e92e6,69a18850c4d395e0a69fcdc7,7477,4,trial
3365,terrible,28,4,,,pizza,Graduated College,367582,1772206059629,1772205692047,male,true,English ,61446a1ecda939d3c22d9787,69a1b673f8e6f6380b9e92e6,69a18850c4d395e0a69fcdc7,45546,3,trial
3365,bad,28,4,,,cookie,Graduated College,367582,1772206059629,1772205692047,male,true,English ,61446a1ecda939d3c22d9787,69a1b673f8e6f6380b9e92e6,69a18850c4d395e0a69fcdc7,17139,3,trial
3365,okay,28,3,,,cookie,Graduated College,367582,1772206059629,1772205692047,male,true,English ,61446a1ecda939d3c22d9787,69a1b673f8e6f6380b9e92e6,69a18850c4d395e0a69fcdc7,6155,1,trial
3365,good,28,3,,,restaurant meal,Graduated College,367582,1772206059629,1772205692047,male,true,English ,61446a1ecda939d3c22d9787,69a1b673f8e6f6380b9e92e6,69a18850c4d395e0a69fcdc7,9974,2,trial
3365,terrible,28,8,,,concert,Graduated College,367582,1772206059629,1772205692047,male,true,English ,61446a1ecda939d3c22d9787,69a1b673f8e6f6380b9e92e6,69a18850c4d395e0a69fcdc7,5795,2,trial
3365,amazing,28,2,,,cookie,Graduated College,367582,1772206059629,1772205692047,male,true,English ,61446a1ecda939d3c22d9787,69a1b673f8e6f6380b9e92e6,69a18850c4d395e0a69fcdc7,10640,2,trial
3365,amazing,28,3,3,,cookie,Graduated College,367582,1772206059629,1772205692047,male,true,English ,61446a1ecda939d3c22d9787,69a1b673f8e6f6380b9e92e6,69a18850c4d395e0a69fcdc7,6283,3,attention
3365,terrible,28,2,,,party,Graduated College,367582,1772206059629,1772205692047,male,true,English ,61446a1ecda939d3c22d9787,69a1b673f8e6f6380b9e92e6,69a18850c4d395e0a69fcdc7,4974,5,trial
3365,good,28,2,,,movie,Graduated College,367582,1772206059629,1772205692047,male,true,English ,61446a1ecda939d3c22d9787,69a1b673f8e6f6380b9e92e6,69a18850c4d395e0a69fcdc7,20023,1,trial
3365,amazing,28,1,,,party,Graduated College,367582,1772206059629,1772205692047,male,true,English ,61446a1ecda939d3c22d9787,69a1b673f8e6f6380b9e92e6,69a18850c4d395e0a69fcdc7,27338,1,trial
3365,okay,28,6,,,coffee,Graduated College,367582,1772206059629,1772205692047,male,true,English ,61446a1ecda939d3c22d9787,69a1b673f8e6f6380b9e92e6,69a18850c4d395e0a69fcdc7,12030,3,trial
3365,good,28,5,,,cookie,Graduated College,367582,1772206059629,1772205692047,male,true,English ,61446a1ecda939d3c22d9787,69a1b673f8e6f6380b9e92e6,69a18850c4d395e0a69fcdc7,3740,5,trial
3365,amazing,28,8,,,coffee,Graduated College,367582,1772206059629,1772205692047,male,true,English ,61446a1ecda939d3c22d9787,69a1b673f8e6f6380b9e92e6,69a18850c4d395e0a69fcdc7,10336,5,trial
3365,bad,28,9,,,movie,Graduated College,367582,1772206059629,1772205692047,male,true,English ,61446a1ecda939d3c22d9787,69a1b673f8e6f6380b9e92e6,69a18850c4d395e0a69fcdc7,15990,1,trial
3365,bad,28,2,,,cookie,Graduated College,367582,1772206059629,1772205692047,male,true,English ,61446a1ecda939d3c22d9787,69a1b673f8e6f6380b9e92e6,69a18850c4d395e0a69fcdc7,6860,5,trial
3365,terrible,28,1,1,,coffee,Graduated College,367582,1772206059629,1772205692047,male,true,English ,61446a1ecda939d3c22d9787,69a1b673f8e6f6380b9e92e6,69a18850c4d395e0a69fcdc7,4399,2,attention
3365,okay,28,3,,,concert,Graduated College,367582,1772206059629,1772205692047,male,true,English ,61446a1ecda939d3c22d9787,69a1b673f8e6f6380b9e92e6,69a18850c4d395e0a69fcdc7,10698,5,trial
3365,good,28,7,,,cookie,Graduated College,367582,1772206059629,1772205692047,male,true,English ,61446a1ecda939d3c22d9787,69a1b673f8e6f6380b9e92e6,69a18850c4d395e0a69fcdc7,24595,4,trial
3365,amazing,28,6,,,party,Graduated College,367582,1772206059629,1772205692047,male,true,English ,61446a1ecda939d3c22d9787,69a1b673f8e6f6380b9e92e6,69a18850c4d395e0a69fcdc7,8156,4,trial
3365,bad,28,2,,,concert,Graduated College,367582,1772206059629,1772205692047,male,true,English ,61446a1ecda939d3c22d9787,69a1b673f8e6f6380b9e92e6,69a18850c4d395e0a69fcdc7,6157,4,trial
3365,amazing,28,3,,,party,Graduated College,367582,1772206059629,1772205692047,male,true,English ,61446a1ecda939d3c22d9787,69a1b673f8e6f6380b9e92e6,69a18850c4d395e0a69fcdc7,8438,3,trial
3365,okay,28,3,,,coffee,Graduated College,367582,1772206059629,1772205692047,male,true,English ,61446a1ecda939d3c22d9787,69a1b673f8e6f6380b9e92e6,69a18850c4d395e0a69fcdc7,6818,2,trial
3365,terrible,28,8,,,movie,Graduated College,367582,1772206059629,1772205692047,male,true,English ,61446a1ecda939d3c22d9787,69a1b673f8e6f6380b9e92e6,69a18850c4d395e0a69fcdc7,11318,1,trial
3365,good,28,2,,,coffee,Graduated College,367582,1772206059629,1772205692047,male,true,English ,61446a1ecda939d3c22d9787,69a1b673f8e6f6380b9e92e6,69a18850c4d395e0a69fcdc7,15079,3,trial
3365,bad,28,8,,,movie,Graduated College,367582,1772206059629,1772205692047,male,true,English ,61446a1ecda939d3c22d9787,69a1b673f8e6f6380b9e92e6,69a18850c4d395e0a69fcdc7,13029,2,trial
3338,amazing,47,1,,,pizza,Graduated High-school,597169,1772205816792,1772205219623,male,true,English (British),5ebd5fa512c47d04402403da,69a1b49ce36e5957691bfaca,69a18850c4d395e0a69fcdc7,34867,1,trial
3338,terrible,47,2,,,party,Graduated High-school,597169,1772205816792,1772205219623,male,true,English (British),5ebd5fa512c47d04402403da,69a1b49ce36e5957691bfaca,69a18850c4d395e0a69fcdc7,34163,3,trial
3338,okay,47,8,,,pizza,Graduated High-school,597169,1772205816792,1772205219623,male,true,English (British),5ebd5fa512c47d04402403da,69a1b49ce36e5957691bfaca,69a18850c4d395e0a69fcdc7,29597,4,trial
3338,bad,47,9,,,concert,Graduated High-school,597169,1772205816792,1772205219623,male,true,English (British),5ebd5fa512c47d04402403da,69a1b49ce36e5957691bfaca,69a18850c4d395e0a69fcdc7,19014,1,trial
3338,good,47,9,,,concert,Graduated High-school,597169,1772205816792,1772205219623,male,true,English (British),5ebd5fa512c47d04402403da,69a1b49ce36e5957691bfaca,69a18850c4d395e0a69fcdc7,18043,4,trial
3338,terrible,47,9,,,pizza,Graduated High-school,597169,1772205816792,1772205219623,male,true,English (British),5ebd5fa512c47d04402403da,69a1b49ce36e5957691bfaca,69a18850c4d395e0a69fcdc7,15688,1,trial
3338,bad,47,1,,,movie,Graduated High-school,597169,1772205816792,1772205219623,male,true,English (British),5ebd5fa512c47d04402403da,69a1b49ce36e5957691bfaca,69a18850c4d395e0a69fcdc7,18068,4,trial
3338,bad,47,1,,,restaurant meal,Graduated High-school,597169,1772205816792,1772205219623,male,true,English (British),5ebd5fa512c47d04402403da,69a1b49ce36e5957691bfaca,69a18850c4d395e0a69fcdc7,17178,5,trial
3338,amazing,47,2,2,,coffee,Graduated High-school,597169,1772205816792,1772205219623,male,true,English (British),5ebd5fa512c47d04402403da,69a1b49ce36e5957691bfaca,69a18850c4d395e0a69fcdc7,33106,1,attention
3338,terrible,47,1,,,cookie,Graduated High-school,597169,1772205816792,1772205219623,male,true,English (British),5ebd5fa512c47d04402403da,69a1b49ce36e5957691bfaca,69a18850c4d395e0a69fcdc7,13147,5,trial
3338,okay,47,9,,,party,Graduated High-school,597169,1772205816792,1772205219623,male,true,English (British),5ebd5fa512c47d04402403da,69a1b49ce36e5957691bfaca,69a18850c4d395e0a69fcdc7,18258,3,trial
3338,amazing,47,1,,,restaurant meal,Graduated High-school,597169,1772205816792,1772205219623,male,true,English (British),5ebd5fa512c47d04402403da,69a1b49ce36e5957691bfaca,69a18850c4d395e0a69fcdc7,15464,3,trial
3338,okay,47,1,,,cookie,Graduated High-school,597169,1772205816792,1772205219623,male,true,English (British),5ebd5fa512c47d04402403da,69a1b49ce36e5957691bfaca,69a18850c4d395e0a69fcdc7,13969,1,trial
3338,good,47,1,,,cookie,Graduated High-school,597169,1772205816792,1772205219623,male,true,English (British),5ebd5fa512c47d04402403da,69a1b49ce36e5957691bfaca,69a18850c4d395e0a69fcdc7,12819,1,trial
3338,good,47,7,,,cookie,Graduated High-school,597169,1772205816792,1772205219623,male,true,English (British),5ebd5fa512c47d04402403da,69a1b49ce36e5957691bfaca,69a18850c4d395e0a69fcdc7,18994,3,trial
3338,amazing,47,1,,,movie,Graduated High-school,597169,1772205816792,1772205219623,male,true,English (British),5ebd5fa512c47d04402403da,69a1b49ce36e5957691bfaca,69a18850c4d395e0a69fcdc7,11113,2,trial
3338,okay,47,1,,,cookie,Graduated High-school,597169,1772205816792,1772205219623,male,true,English (British),5ebd5fa512c47d04402403da,69a1b49ce36e5957691bfaca,69a18850c4d395e0a69fcdc7,14947,5,trial
3338,terrible,47,2,2,,coffee,Graduated High-school,597169,1772205816792,1772205219623,male,true,English (British),5ebd5fa512c47d04402403da,69a1b49ce36e5957691bfaca,69a18850c4d395e0a69fcdc7,15205,5,attention
3338,good,47,7,,,movie,Graduated High-school,597169,1772205816792,1772205219623,male,true,English (British),5ebd5fa512c47d04402403da,69a1b49ce36e5957691bfaca,69a18850c4d395e0a69fcdc7,22178,5,trial
3338,good,47,1,,,cookie,Graduated High-school,597169,1772205816792,1772205219623,male,true,English (British),5ebd5fa512c47d04402403da,69a1b49ce36e5957691bfaca,69a18850c4d395e0a69fcdc7,14684,2,trial
3338,okay,47,4,,,cookie,Graduated High-school,597169,1772205816792,1772205219623,male,true,English (British),5ebd5fa512c47d04402403da,69a1b49ce36e5957691bfaca,69a18850c4d395e0a69fcdc7,15032,2,trial
3338,terrible,47,1,,,pizza,Graduated High-school,597169,1772205816792,1772205219623,male,true,English (British),5ebd5fa512c47d04402403da,69a1b49ce36e5957691bfaca,69a18850c4d395e0a69fcdc7,12672,4,trial
3338,bad,47,8,,,party,Graduated High-school,597169,1772205816792,1772205219623,male,true,English (British),5ebd5fa512c47d04402403da,69a1b49ce36e5957691bfaca,69a18850c4d395e0a69fcdc7,21096,2,trial
3338,terrible,47,7,,,cookie,Graduated High-school,597169,1772205816792,1772205219623,male,true,English (British),5ebd5fa512c47d04402403da,69a1b49ce36e5957691bfaca,69a18850c4d395e0a69fcdc7,29677,2,trial
3338,bad,47,3,,,coffee,Graduated High-school,597169,1772205816792,1772205219623,male,true,English (British),5ebd5fa512c47d04402403da,69a1b49ce36e5957691bfaca,69a18850c4d395e0a69fcdc7,14512,3,trial
3338,amazing,47,9,,,party,Graduated High-school,597169,1772205816792,1772205219623,male,true,English (British),5ebd5fa512c47d04402403da,69a1b49ce36e5957691bfaca,69a18850c4d395e0a69fcdc7,15859,5,trial
3338,amazing,47,7,,,restaurant meal,Graduated High-school,597169,1772205816792,1772205219623,male,true,English (British),5ebd5fa512c47d04402403da,69a1b49ce36e5957691bfaca,69a18850c4d395e0a69fcdc7,16614,4,trial
3385,bad,41,9,,,movie,Graduated High-school,147842,1772206361582,1772206213740,male,true,English,58509fbda6946500016117ed,69a1b87fc403c8af254b3f9e,69a18850c4d395e0a69fcdc7,9116,1,trial
3385,good,41,8,,,concert,Graduated High-school,147842,1772206361582,1772206213740,male,true,English,58509fbda6946500016117ed,69a1b87fc403c8af254b3f9e,69a18850c4d395e0a69fcdc7,8237,5,trial
3385,amazing,41,7,,,movie,Graduated High-school,147842,1772206361582,1772206213740,male,true,English,58509fbda6946500016117ed,69a1b87fc403c8af254b3f9e,69a18850c4d395e0a69fcdc7,3262,4,trial
3385,good,41,8,,,concert,Graduated High-school,147842,1772206361582,1772206213740,male,true,English,58509fbda6946500016117ed,69a1b87fc403c8af254b3f9e,69a18850c4d395e0a69fcdc7,5434,3,trial
3385,good,41,2,,,pizza,Graduated High-school,147842,1772206361582,1772206213740,male,true,English,58509fbda6946500016117ed,69a1b87fc403c8af254b3f9e,69a18850c4d395e0a69fcdc7,4127,2,trial
3385,okay,41,3,,,party,Graduated High-school,147842,1772206361582,1772206213740,male,true,English,58509fbda6946500016117ed,69a1b87fc403c8af254b3f9e,69a18850c4d395e0a69fcdc7,4173,4,trial
3385,bad,41,1,,,party,Graduated High-school,147842,1772206361582,1772206213740,male,true,English,58509fbda6946500016117ed,69a1b87fc403c8af254b3f9e,69a18850c4d395e0a69fcdc7,3262,5,trial
3385,okay,41,5,,,concert,Graduated High-school,147842,1772206361582,1772206213740,male,true,English,58509fbda6946500016117ed,69a1b87fc403c8af254b3f9e,69a18850c4d395e0a69fcdc7,3092,2,trial
3385,okay,41,1,1,,party,Graduated High-school,147842,1772206361582,1772206213740,male,true,English,58509fbda6946500016117ed,69a1b87fc403c8af254b3f9e,69a18850c4d395e0a69fcdc7,4649,1,attention
3385,terrible,41,1,,,concert,Graduated High-school,147842,1772206361582,1772206213740,male,true,English,58509fbda6946500016117ed,69a1b87fc403c8af254b3f9e,69a18850c4d395e0a69fcdc7,4781,5,trial
3385,okay,41,2,,,movie,Graduated High-school,147842,1772206361582,1772206213740,male,true,English,58509fbda6946500016117ed,69a1b87fc403c8af254b3f9e,69a18850c4d395e0a69fcdc7,3261,5,trial
3385,terrible,41,9,,,concert,Graduated High-school,147842,1772206361582,1772206213740,male,true,English,58509fbda6946500016117ed,69a1b87fc403c8af254b3f9e,69a18850c4d395e0a69fcdc7,3823,1,trial
3385,bad,41,1,,,restaurant meal,Graduated High-school,147842,1772206361582,1772206213740,male,true,English,58509fbda6946500016117ed,69a1b87fc403c8af254b3f9e,69a18850c4d395e0a69fcdc7,5357,4,trial
3385,bad,41,6,,,party,Graduated High-school,147842,1772206361582,1772206213740,male,true,English,58509fbda6946500016117ed,69a1b87fc403c8af254b3f9e,69a18850c4d395e0a69fcdc7,4378,2,trial
3385,terrible,41,1,,,cookie,Graduated High-school,147842,1772206361582,1772206213740,male,true,English,58509fbda6946500016117ed,69a1b87fc403c8af254b3f9e,69a18850c4d395e0a69fcdc7,3590,3,trial
3385,okay,41,2,,,movie,Graduated High-school,147842,1772206361582,1772206213740,male,true,English,58509fbda6946500016117ed,69a1b87fc403c8af254b3f9e,69a18850c4d395e0a69fcdc7,3845,1,trial
3385,amazing,41,1,,,concert,Graduated High-school,147842,1772206361582,1772206213740,male,true,English,58509fbda6946500016117ed,69a1b87fc403c8af254b3f9e,69a18850c4d395e0a69fcdc7,2710,1,trial
3385,bad,41,2,2,,movie,Graduated High-school,147842,1772206361582,1772206213740,male,true,English,58509fbda6946500016117ed,69a1b87fc403c8af254b3f9e,69a18850c4d395e0a69fcdc7,4558,1,attention
3385,bad,41,1,,,restaurant meal,Graduated High-school,147842,1772206361582,1772206213740,male,true,English,58509fbda6946500016117ed,69a1b87fc403c8af254b3f9e,69a18850c4d395e0a69fcdc7,4528,3,trial
3385,amazing,41,1,,,movie,Graduated High-school,147842,1772206361582,1772206213740,male,true,English,58509fbda6946500016117ed,69a1b87fc403c8af254b3f9e,69a18850c4d395e0a69fcdc7,5512,2,trial
3385,okay,41,2,,,concert,Graduated High-school,147842,1772206361582,1772206213740,male,true,English,58509fbda6946500016117ed,69a1b87fc403c8af254b3f9e,69a18850c4d395e0a69fcdc7,2942,3,trial
3385,terrible,41,1,,,party,Graduated High-school,147842,1772206361582,1772206213740,male,true,English,58509fbda6946500016117ed,69a1b87fc403c8af254b3f9e,69a18850c4d395e0a69fcdc7,2734,4,trial
3385,amazing,41,2,,,pizza,Graduated High-school,147842,1772206361582,1772206213740,male,true,English,58509fbda6946500016117ed,69a1b87fc403c8af254b3f9e,69a18850c4d395e0a69fcdc7,5116,3,trial
3385,terrible,41,6,,,coffee,Graduated High-school,147842,1772206361582,1772206213740,male,true,English,58509fbda6946500016117ed,69a1b87fc403c8af254b3f9e,69a18850c4d395e0a69fcdc7,5170,2,trial
3385,good,41,5,,,coffee,Graduated High-school,147842,1772206361582,1772206213740,male,true,English,58509fbda6946500016117ed,69a1b87fc403c8af254b3f9e,69a18850c4d395e0a69fcdc7,3706,4,trial
3385,good,41,1,,,concert,Graduated High-school,147842,1772206361582,1772206213740,male,true,English,58509fbda6946500016117ed,69a1b87fc403c8af254b3f9e,69a18850c4d395e0a69fcdc7,3684,1,trial
3385,amazing,41,9,,,cookie,Graduated High-school,147842,1772206361582,1772206213740,male,true,English,58509fbda6946500016117ed,69a1b87fc403c8af254b3f9e,69a18850c4d395e0a69fcdc7,2562,5,trial
3356,bad,31,8,,,pizza,Graduated College,158595,1772205963679,1772205805084,female,true,English,5eb326b506340e120aa20780,69a1b6e573b2c33c8430355c,69a18850c4d395e0a69fcdc7,9089,1,trial
3356,amazing,31,9,,,party,Graduated College,158595,1772205963679,1772205805084,female,true,English,5eb326b506340e120aa20780,69a1b6e573b2c33c8430355c,69a18850c4d395e0a69fcdc7,4634,5,trial
3356,good,31,5,,,restaurant meal,Graduated College,158595,1772205963679,1772205805084,female,true,English,5eb326b506340e120aa20780,69a1b6e573b2c33c8430355c,69a18850c4d395e0a69fcdc7,8541,3,trial
3356,terrible,31,6,,,party,Graduated College,158595,1772205963679,1772205805084,female,true,English,5eb326b506340e120aa20780,69a1b6e573b2c33c8430355c,69a18850c4d395e0a69fcdc7,4907,2,trial
3356,okay,31,2,,,concert,Graduated College,158595,1772205963679,1772205805084,female,true,English,5eb326b506340e120aa20780,69a1b6e573b2c33c8430355c,69a18850c4d395e0a69fcdc7,10025,5,trial
3356,amazing,31,3,,,restaurant meal,Graduated College,158595,1772205963679,1772205805084,female,true,English,5eb326b506340e120aa20780,69a1b6e573b2c33c8430355c,69a18850c4d395e0a69fcdc7,6083,2,trial
3356,terrible,31,8,,,restaurant meal,Graduated College,158595,1772205963679,1772205805084,female,true,English,5eb326b506340e120aa20780,69a1b6e573b2c33c8430355c,69a18850c4d395e0a69fcdc7,3896,1,trial
3356,good,31,5,,,concert,Graduated College,158595,1772205963679,1772205805084,female,true,English,5eb326b506340e120aa20780,69a1b6e573b2c33c8430355c,69a18850c4d395e0a69fcdc7,3978,2,trial
3356,okay,31,5,5,,movie,Graduated College,158595,1772205963679,1772205805084,female,true,English,5eb326b506340e120aa20780,69a1b6e573b2c33c8430355c,69a18850c4d395e0a69fcdc7,3469,4,attention
3356,okay,31,9,,,concert,Graduated College,158595,1772205963679,1772205805084,female,true,English,5eb326b506340e120aa20780,69a1b6e573b2c33c8430355c,69a18850c4d395e0a69fcdc7,4544,2,trial
3356,good,31,9,,,cookie,Graduated College,158595,1772205963679,1772205805084,female,true,English,5eb326b506340e120aa20780,69a1b6e573b2c33c8430355c,69a18850c4d395e0a69fcdc7,7008,4,trial
3356,okay,31,9,,,restaurant meal,Graduated College,158595,1772205963679,1772205805084,female,true,English,5eb326b506340e120aa20780,69a1b6e573b2c33c8430355c,69a18850c4d395e0a69fcdc7,3774,3,trial
3356,okay,31,4,,,pizza,Graduated College,158595,1772205963679,1772205805084,female,true,English,5eb326b506340e120aa20780,69a1b6e573b2c33c8430355c,69a18850c4d395e0a69fcdc7,4357,4,trial
3356,bad,31,3,,,pizza,Graduated College,158595,1772205963679,1772205805084,female,true,English,5eb326b506340e120aa20780,69a1b6e573b2c33c8430355c,69a18850c4d395e0a69fcdc7,5550,3,trial
3356,terrible,31,2,,,restaurant meal,Graduated College,158595,1772205963679,1772205805084,female,true,English,5eb326b506340e120aa20780,69a1b6e573b2c33c8430355c,69a18850c4d395e0a69fcdc7,6097,4,trial
3356,terrible,31,1,,,restaurant meal,Graduated College,158595,1772205963679,1772205805084,female,true,English,5eb326b506340e120aa20780,69a1b6e573b2c33c8430355c,69a18850c4d395e0a69fcdc7,3220,5,trial
3356,bad,31,1,,,movie,Graduated College,158595,1772205963679,1772205805084,female,true,English,5eb326b506340e120aa20780,69a1b6e573b2c33c8430355c,69a18850c4d395e0a69fcdc7,3489,5,trial
3356,terrible,31,1,1,,party,Graduated College,158595,1772205963679,1772205805084,female,true,English,5eb326b506340e120aa20780,69a1b6e573b2c33c8430355c,69a18850c4d395e0a69fcdc7,3989,3,attention
3356,okay,31,6,,,cookie,Graduated College,158595,1772205963679,1772205805084,female,true,English,5eb326b506340e120aa20780,69a1b6e573b2c33c8430355c,69a18850c4d395e0a69fcdc7,6625,1,trial
3356,amazing,31,7,,,restaurant meal,Graduated College,158595,1772205963679,1772205805084,female,true,English,5eb326b506340e120aa20780,69a1b6e573b2c33c8430355c,69a18850c4d395e0a69fcdc7,8647,4,trial
3356,good,31,8,,,cookie,Graduated College,158595,1772205963679,1772205805084,female,true,English,5eb326b506340e120aa20780,69a1b6e573b2c33c8430355c,69a18850c4d395e0a69fcdc7,3470,5,trial
3356,amazing,31,6,,,pizza,Graduated College,158595,1772205963679,1772205805084,female,true,English,5eb326b506340e120aa20780,69a1b6e573b2c33c8430355c,69a18850c4d395e0a69fcdc7,3034,3,trial
3356,bad,31,2,,,movie,Graduated College,158595,1772205963679,1772205805084,female,true,English,5eb326b506340e120aa20780,69a1b6e573b2c33c8430355c,69a18850c4d395e0a69fcdc7,4230,4,trial
3356,good,31,3,,,coffee,Graduated College,158595,1772205963679,1772205805084,female,true,English,5eb326b506340e120aa20780,69a1b6e573b2c33c8430355c,69a18850c4d395e0a69fcdc7,2895,1,trial
3356,terrible,31,2,,,movie,Graduated College,158595,1772205963679,1772205805084,female,true,English,5eb326b506340e120aa20780,69a1b6e573b2c33c8430355c,69a18850c4d395e0a69fcdc7,3601,3,trial
3356,amazing,31,2,,,restaurant meal,Graduated College,158595,1772205963679,1772205805084,female,true,English,5eb326b506340e120aa20780,69a1b6e573b2c33c8430355c,69a18850c4d395e0a69fcdc7,6808,1,trial
3356,bad,31,6,,,restaurant meal,Graduated College,158595,1772205963679,1772205805084,female,true,English,5eb326b506340e120aa20780,69a1b6e573b2c33c8430355c,69a18850c4d395e0a69fcdc7,5665,2,trial
3374,bad,41,8,,,movie,Graduated College,168367,1772206217115,1772206048748,male,true,,56228c48ed6e5a0005c7fdd6,69a1b7d651056ecadbc23ab4,69a18850c4d395e0a69fcdc7,13594,2,trial
3374,amazing,41,9,,,movie,Graduated College,168367,1772206217115,1772206048748,male,true,,56228c48ed6e5a0005c7fdd6,69a1b7d651056ecadbc23ab4,69a18850c4d395e0a69fcdc7,9019,5,trial
3374,terrible,41,1,,,party,Graduated College,168367,1772206217115,1772206048748,male,true,,56228c48ed6e5a0005c7fdd6,69a1b7d651056ecadbc23ab4,69a18850c4d395e0a69fcdc7,7082,5,trial
3374,bad,41,1,,,cookie,Graduated College,168367,1772206217115,1772206048748,male,true,,56228c48ed6e5a0005c7fdd6,69a1b7d651056ecadbc23ab4,69a18850c4d395e0a69fcdc7,4255,4,trial
3374,okay,41,2,,,coffee,Graduated College,168367,1772206217115,1772206048748,male,true,,56228c48ed6e5a0005c7fdd6,69a1b7d651056ecadbc23ab4,69a18850c4d395e0a69fcdc7,4095,1,trial
3374,amazing,41,3,,,concert,Graduated College,168367,1772206217115,1772206048748,male,true,,56228c48ed6e5a0005c7fdd6,69a1b7d651056ecadbc23ab4,69a18850c4d395e0a69fcdc7,6269,3,trial
3374,terrible,41,2,,,cookie,Graduated College,168367,1772206217115,1772206048748,male,true,,56228c48ed6e5a0005c7fdd6,69a1b7d651056ecadbc23ab4,69a18850c4d395e0a69fcdc7,4186,4,trial
3374,amazing,41,1,,,cookie,Graduated College,168367,1772206217115,1772206048748,male,true,,56228c48ed6e5a0005c7fdd6,69a1b7d651056ecadbc23ab4,69a18850c4d395e0a69fcdc7,4039,2,trial
3374,amazing,41,4,4,,party,Graduated College,168367,1772206217115,1772206048748,male,true,,56228c48ed6e5a0005c7fdd6,69a1b7d651056ecadbc23ab4,69a18850c4d395e0a69fcdc7,5566,2,attention
3374,okay,41,9,,,movie,Graduated College,168367,1772206217115,1772206048748,male,true,,56228c48ed6e5a0005c7fdd6,69a1b7d651056ecadbc23ab4,69a18850c4d395e0a69fcdc7,4976,3,trial
3374,good,41,1,,,restaurant meal,Graduated College,168367,1772206217115,1772206048748,male,true,,56228c48ed6e5a0005c7fdd6,69a1b7d651056ecadbc23ab4,69a18850c4d395e0a69fcdc7,4133,1,trial
3374,good,41,6,,,restaurant meal,Graduated College,168367,1772206217115,1772206048748,male,true,,56228c48ed6e5a0005c7fdd6,69a1b7d651056ecadbc23ab4,69a18850c4d395e0a69fcdc7,10391,3,trial
3374,okay,41,2,,,pizza,Graduated College,168367,1772206217115,1772206048748,male,true,,56228c48ed6e5a0005c7fdd6,69a1b7d651056ecadbc23ab4,69a18850c4d395e0a69fcdc7,5673,5,trial
3374,terrible,41,2,,,movie,Graduated College,168367,1772206217115,1772206048748,male,true,,56228c48ed6e5a0005c7fdd6,69a1b7d651056ecadbc23ab4,69a18850c4d395e0a69fcdc7,4888,3,trial
3374,amazing,41,7,,,movie,Graduated College,168367,1772206217115,1772206048748,male,true,,56228c48ed6e5a0005c7fdd6,69a1b7d651056ecadbc23ab4,69a18850c4d395e0a69fcdc7,4607,4,trial
3374,terrible,41,7,,,restaurant meal,Graduated College,168367,1772206217115,1772206048748,male,true,,56228c48ed6e5a0005c7fdd6,69a1b7d651056ecadbc23ab4,69a18850c4d395e0a69fcdc7,4785,2,trial
3374,terrible,41,9,,,concert,Graduated College,168367,1772206217115,1772206048748,male,true,,56228c48ed6e5a0005c7fdd6,69a1b7d651056ecadbc23ab4,69a18850c4d395e0a69fcdc7,3569,1,trial
3374,good,41,2,2,,concert,Graduated College,168367,1772206217115,1772206048748,male,true,,56228c48ed6e5a0005c7fdd6,69a1b7d651056ecadbc23ab4,69a18850c4d395e0a69fcdc7,4194,1,attention
3374,bad,41,3,,,cookie,Graduated College,168367,1772206217115,1772206048748,male,true,,56228c48ed6e5a0005c7fdd6,69a1b7d651056ecadbc23ab4,69a18850c4d395e0a69fcdc7,6413,3,trial
3374,okay,41,5,,,pizza,Graduated College,168367,1772206217115,1772206048748,male,true,,56228c48ed6e5a0005c7fdd6,69a1b7d651056ecadbc23ab4,69a18850c4d395e0a69fcdc7,5138,4,trial
3374,bad,41,1,,,coffee,Graduated College,168367,1772206217115,1772206048748,male,true,,56228c48ed6e5a0005c7fdd6,69a1b7d651056ecadbc23ab4,69a18850c4d395e0a69fcdc7,3486,5,trial
3374,good,41,2,,,movie,Graduated College,168367,1772206217115,1772206048748,male,true,,56228c48ed6e5a0005c7fdd6,69a1b7d651056ecadbc23ab4,69a18850c4d395e0a69fcdc7,3513,2,trial
3374,good,41,8,,,concert,Graduated College,168367,1772206217115,1772206048748,male,true,,56228c48ed6e5a0005c7fdd6,69a1b7d651056ecadbc23ab4,69a18850c4d395e0a69fcdc7,4036,5,trial
3374,bad,41,9,,,coffee,Graduated College,168367,1772206217115,1772206048748,male,true,,56228c48ed6e5a0005c7fdd6,69a1b7d651056ecadbc23ab4,69a18850c4d395e0a69fcdc7,3223,1,trial
3374,okay,41,3,,,cookie,Graduated College,168367,1772206217115,1772206048748,male,true,,56228c48ed6e5a0005c7fdd6,69a1b7d651056ecadbc23ab4,69a18850c4d395e0a69fcdc7,4587,2,trial
3374,amazing,41,1,,,movie,Graduated College,168367,1772206217115,1772206048748,male,true,,56228c48ed6e5a0005c7fdd6,69a1b7d651056ecadbc23ab4,69a18850c4d395e0a69fcdc7,3161,1,trial
3374,good,41,9,,,pizza,Graduated College,168367,1772206217115,1772206048748,male,true,,56228c48ed6e5a0005c7fdd6,69a1b7d651056ecadbc23ab4,69a18850c4d395e0a69fcdc7,3810,4,trial
3357,good,28,1,,,party,Graduated College,357666,1772205974311,1772205616645,male,true,"English, Filipino",67f864f1b7ea815cc3583637,69a1b41614d500bc58d9b3ba,69a18850c4d395e0a69fcdc7,19260,1,trial
3357,good,28,1,,,cookie,Graduated College,357666,1772205974311,1772205616645,male,true,"English, Filipino",67f864f1b7ea815cc3583637,69a1b41614d500bc58d9b3ba,69a18850c4d395e0a69fcdc7,6137,2,trial
3357,terrible,28,1,,,movie,Graduated College,357666,1772205974311,1772205616645,male,true,"English, Filipino",67f864f1b7ea815cc3583637,69a1b41614d500bc58d9b3ba,69a18850c4d395e0a69fcdc7,3692,4,trial
3357,bad,28,1,,,party,Graduated College,357666,1772205974311,1772205616645,male,true,"English, Filipino",67f864f1b7ea815cc3583637,69a1b41614d500bc58d9b3ba,69a18850c4d395e0a69fcdc7,4815,4,trial
3357,bad,28,1,,,concert,Graduated College,357666,1772205974311,1772205616645,male,true,"English, Filipino",67f864f1b7ea815cc3583637,69a1b41614d500bc58d9b3ba,69a18850c4d395e0a69fcdc7,14794,3,trial
3357,bad,28,8,,,restaurant meal,Graduated College,357666,1772205974311,1772205616645,male,true,"English, Filipino",67f864f1b7ea815cc3583637,69a1b41614d500bc58d9b3ba,69a18850c4d395e0a69fcdc7,5252,1,trial
3357,amazing,28,2,,,cookie,Graduated College,357666,1772205974311,1772205616645,male,true,"English, Filipino",67f864f1b7ea815cc3583637,69a1b41614d500bc58d9b3ba,69a18850c4d395e0a69fcdc7,6096,3,trial
3357,amazing,28,1,,,party,Graduated College,357666,1772205974311,1772205616645,male,true,"English, Filipino",67f864f1b7ea815cc3583637,69a1b41614d500bc58d9b3ba,69a18850c4d395e0a69fcdc7,3589,1,trial
3357,bad,28,4,4,,movie,Graduated College,357666,1772205974311,1772205616645,male,true,"English, Filipino",67f864f1b7ea815cc3583637,69a1b41614d500bc58d9b3ba,69a18850c4d395e0a69fcdc7,4959,1,attention
3357,bad,28,9,,,restaurant meal,Graduated College,357666,1772205974311,1772205616645,male,true,"English, Filipino",67f864f1b7ea815cc3583637,69a1b41614d500bc58d9b3ba,69a18850c4d395e0a69fcdc7,6021,2,trial
3357,bad,28,1,,,restaurant meal,Graduated College,357666,1772205974311,1772205616645,male,true,"English, Filipino",67f864f1b7ea815cc3583637,69a1b41614d500bc58d9b3ba,69a18850c4d395e0a69fcdc7,3797,5,trial
3357,amazing,28,1,,,concert,Graduated College,357666,1772205974311,1772205616645,male,true,"English, Filipino",67f864f1b7ea815cc3583637,69a1b41614d500bc58d9b3ba,69a18850c4d395e0a69fcdc7,6018,2,trial
3357,amazing,28,9,,,party,Graduated College,357666,1772205974311,1772205616645,male,true,"English, Filipino",67f864f1b7ea815cc3583637,69a1b41614d500bc58d9b3ba,69a18850c4d395e0a69fcdc7,32394,5,trial
3357,good,28,6,,,pizza,Graduated College,357666,1772205974311,1772205616645,male,true,"English, Filipino",67f864f1b7ea815cc3583637,69a1b41614d500bc58d9b3ba,69a18850c4d395e0a69fcdc7,50253,5,trial
3357,okay,28,9,,,cookie,Graduated College,357666,1772205974311,1772205616645,male,true,"English, Filipino",67f864f1b7ea815cc3583637,69a1b41614d500bc58d9b3ba,69a18850c4d395e0a69fcdc7,3288,3,trial
3357,okay,28,4,,,restaurant meal,Graduated College,357666,1772205974311,1772205616645,male,true,"English, Filipino",67f864f1b7ea815cc3583637,69a1b41614d500bc58d9b3ba,69a18850c4d395e0a69fcdc7,5611,2,trial
3357,good,28,7,,,coffee,Graduated College,357666,1772205974311,1772205616645,male,true,"English, Filipino",67f864f1b7ea815cc3583637,69a1b41614d500bc58d9b3ba,69a18850c4d395e0a69fcdc7,3864,4,trial
3357,okay,28,2,2,,pizza,Graduated College,357666,1772205974311,1772205616645,male,true,"English, Filipino",67f864f1b7ea815cc3583637,69a1b41614d500bc58d9b3ba,69a18850c4d395e0a69fcdc7,4345,1,attention
3357,amazing,28,8,,,restaurant meal,Graduated College,357666,1772205974311,1772205616645,male,true,"English, Filipino",67f864f1b7ea815cc3583637,69a1b41614d500bc58d9b3ba,69a18850c4d395e0a69fcdc7,4911,4,trial
3357,okay,28,6,,,coffee,Graduated College,357666,1772205974311,1772205616645,male,true,"English, Filipino",67f864f1b7ea815cc3583637,69a1b41614d500bc58d9b3ba,69a18850c4d395e0a69fcdc7,4871,4,trial
3357,terrible,28,7,,,pizza,Graduated College,357666,1772205974311,1772205616645,male,true,"English, Filipino",67f864f1b7ea815cc3583637,69a1b41614d500bc58d9b3ba,69a18850c4d395e0a69fcdc7,6859,2,trial
3357,okay,28,2,,,coffee,Graduated College,357666,1772205974311,1772205616645,male,true,"English, Filipino",67f864f1b7ea815cc3583637,69a1b41614d500bc58d9b3ba,69a18850c4d395e0a69fcdc7,27057,1,trial
3357,terrible,28,1,,,pizza,Graduated College,357666,1772205974311,1772205616645,male,true,"English, Filipino",67f864f1b7ea815cc3583637,69a1b41614d500bc58d9b3ba,69a18850c4d395e0a69fcdc7,4121,3,trial
3357,terrible,28,9,,,pizza,Graduated College,357666,1772205974311,1772205616645,male,true,"English, Filipino",67f864f1b7ea815cc3583637,69a1b41614d500bc58d9b3ba,69a18850c4d395e0a69fcdc7,3381,1,trial
3357,good,28,9,,,movie,Graduated College,357666,1772205974311,1772205616645,male,true,"English, Filipino",67f864f1b7ea815cc3583637,69a1b41614d500bc58d9b3ba,69a18850c4d395e0a69fcdc7,3363,3,trial
3357,terrible,28,1,,,concert,Graduated College,357666,1772205974311,1772205616645,male,true,"English, Filipino",67f864f1b7ea815cc3583637,69a1b41614d500bc58d9b3ba,69a18850c4d395e0a69fcdc7,4338,5,trial
3357,okay,28,2,,,movie,Graduated College,357666,1772205974311,1772205616645,male,true,"English, Filipino",67f864f1b7ea815cc3583637,69a1b41614d500bc58d9b3ba,69a18850c4d395e0a69fcdc7,4979,5,trial
3376,terrible,,8,,,pizza,,391072,1772206268700,1772205877628,,true,,65e93461002cbec4e9a28f80,69a1b6f4774d7d990802c3cb,69a18850c4d395e0a69fcdc7,20343,1,trial
3376,amazing,,4,,,coffee,,391072,1772206268700,1772205877628,,true,,65e93461002cbec4e9a28f80,69a1b6f4774d7d990802c3cb,69a18850c4d395e0a69fcdc7,29471,4,trial
3376,okay,,6,,,concert,,391072,1772206268700,1772205877628,,true,,65e93461002cbec4e9a28f80,69a1b6f4774d7d990802c3cb,69a18850c4d395e0a69fcdc7,16451,3,trial
3376,amazing,,9,,,restaurant meal,,391072,1772206268700,1772205877628,,true,,65e93461002cbec4e9a28f80,69a1b6f4774d7d990802c3cb,69a18850c4d395e0a69fcdc7,14349,5,trial
3376,bad,,7,,,coffee,,391072,1772206268700,1772205877628,,true,,65e93461002cbec4e9a28f80,69a1b6f4774d7d990802c3cb,69a18850c4d395e0a69fcdc7,46366,2,trial
3376,terrible,,6,,,restaurant meal,,391072,1772206268700,1772205877628,,true,,65e93461002cbec4e9a28f80,69a1b6f4774d7d990802c3cb,69a18850c4d395e0a69fcdc7,19032,4,trial
3376,okay,,7,,,pizza,,391072,1772206268700,1772205877628,,true,,65e93461002cbec4e9a28f80,69a1b6f4774d7d990802c3cb,69a18850c4d395e0a69fcdc7,13221,2,trial
3376,okay,,3,,,pizza,,391072,1772206268700,1772205877628,,true,,65e93461002cbec4e9a28f80,69a1b6f4774d7d990802c3cb,69a18850c4d395e0a69fcdc7,11578,1,trial
3376,good,,2,2,,cookie,,391072,1772206268700,1772205877628,,true,,65e93461002cbec4e9a28f80,69a1b6f4774d7d990802c3cb,69a18850c4d395e0a69fcdc7,16656,3,attention
3376,amazing,,8,,,cookie,,391072,1772206268700,1772205877628,,true,,65e93461002cbec4e9a28f80,69a1b6f4774d7d990802c3cb,69a18850c4d395e0a69fcdc7,20713,1,trial
3376,terrible,,2,,,movie,,391072,1772206268700,1772205877628,,true,,65e93461002cbec4e9a28f80,69a1b6f4774d7d990802c3cb,69a18850c4d395e0a69fcdc7,32336,5,trial
3376,good,,8,,,movie,,391072,1772206268700,1772205877628,,true,,65e93461002cbec4e9a28f80,69a1b6f4774d7d990802c3cb,69a18850c4d395e0a69fcdc7,8845,2,trial
3376,okay,,7,,,restaurant meal,,391072,1772206268700,1772205877628,,true,,65e93461002cbec4e9a28f80,69a1b6f4774d7d990802c3cb,69a18850c4d395e0a69fcdc7,4786,5,trial
3376,terrible,,4,,,restaurant meal,,391072,1772206268700,1772205877628,,true,,65e93461002cbec4e9a28f80,69a1b6f4774d7d990802c3cb,69a18850c4d395e0a69fcdc7,6492,3,trial
3376,amazing,,8,,,pizza,,391072,1772206268700,1772205877628,,true,,65e93461002cbec4e9a28f80,69a1b6f4774d7d990802c3cb,69a18850c4d395e0a69fcdc7,4278,3,trial
3376,terrible,,7,,,movie,,391072,1772206268700,1772205877628,,true,,65e93461002cbec4e9a28f80,69a1b6f4774d7d990802c3cb,69a18850c4d395e0a69fcdc7,10293,2,trial
3376,bad,,6,,,party,,391072,1772206268700,1772205877628,,true,,65e93461002cbec4e9a28f80,69a1b6f4774d7d990802c3cb,69a18850c4d395e0a69fcdc7,5789,3,trial
3376,bad,,4,4,,movie,,391072,1772206268700,1772205877628,,true,,65e93461002cbec4e9a28f80,69a1b6f4774d7d990802c3cb,69a18850c4d395e0a69fcdc7,7252,2,attention
3376,good,,7,,,movie,,391072,1772206268700,1772205877628,,true,,65e93461002cbec4e9a28f80,69a1b6f4774d7d990802c3cb,69a18850c4d395e0a69fcdc7,8143,5,trial
3376,amazing,,7,,,party,,391072,1772206268700,1772205877628,,true,,65e93461002cbec4e9a28f80,69a1b6f4774d7d990802c3cb,69a18850c4d395e0a69fcdc7,5167,2,trial
3376,bad,,5,,,concert,,391072,1772206268700,1772205877628,,true,,65e93461002cbec4e9a28f80,69a1b6f4774d7d990802c3cb,69a18850c4d395e0a69fcdc7,4037,5,trial
3376,good,,7,,,concert,,391072,1772206268700,1772205877628,,true,,65e93461002cbec4e9a28f80,69a1b6f4774d7d990802c3cb,69a18850c4d395e0a69fcdc7,4775,4,trial
3376,bad,,4,,,cookie,,391072,1772206268700,1772205877628,,true,,65e93461002cbec4e9a28f80,69a1b6f4774d7d990802c3cb,69a18850c4d395e0a69fcdc7,7718,4,trial
3376,good,,6,,,cookie,,391072,1772206268700,1772205877628,,true,,65e93461002cbec4e9a28f80,69a1b6f4774d7d990802c3cb,69a18850c4d395e0a69fcdc7,10069,3,trial
3376,okay,,6,,,movie,,391072,1772206268700,1772205877628,,true,,65e93461002cbec4e9a28f80,69a1b6f4774d7d990802c3cb,69a18850c4d395e0a69fcdc7,4137,4,trial
3376,bad,,4,,,concert,,391072,1772206268700,1772205877628,,true,,65e93461002cbec4e9a28f80,69a1b6f4774d7d990802c3cb,69a18850c4d395e0a69fcdc7,3619,1,trial
3376,good,,7,,,restaurant meal,,391072,1772206268700,1772205877628,,true,,65e93461002cbec4e9a28f80,69a1b6f4774d7d990802c3cb,69a18850c4d395e0a69fcdc7,3295,1,trial
3380,okay,27,8,,,movie,Higher degree,119151,1772206319255,1772206200104,male,true,english,62a0b2f19b97b65507b900aa,69a1b870f780e7a972ce5eb3,69a18850c4d395e0a69fcdc7,19331,5,trial
3380,terrible,27,9,,,movie,Higher degree,119151,1772206319255,1772206200104,male,true,english,62a0b2f19b97b65507b900aa,69a1b870f780e7a972ce5eb3,69a18850c4d395e0a69fcdc7,5134,5,trial
3380,amazing,27,7,,,cookie,Higher degree,119151,1772206319255,1772206200104,male,true,english,62a0b2f19b97b65507b900aa,69a1b870f780e7a972ce5eb3,69a18850c4d395e0a69fcdc7,6717,4,trial
3380,terrible,27,2,,,restaurant meal,Higher degree,119151,1772206319255,1772206200104,male,true,english,62a0b2f19b97b65507b900aa,69a1b870f780e7a972ce5eb3,69a18850c4d395e0a69fcdc7,3365,1,trial
3380,terrible,27,3,,,movie,Higher degree,119151,1772206319255,1772206200104,male,true,english,62a0b2f19b97b65507b900aa,69a1b870f780e7a972ce5eb3,69a18850c4d395e0a69fcdc7,3033,2,trial
3380,okay,27,1,,,coffee,Higher degree,119151,1772206319255,1772206200104,male,true,english,62a0b2f19b97b65507b900aa,69a1b870f780e7a972ce5eb3,69a18850c4d395e0a69fcdc7,4250,1,trial
3380,good,27,3,,,cookie,Higher degree,119151,1772206319255,1772206200104,male,true,english,62a0b2f19b97b65507b900aa,69a1b870f780e7a972ce5eb3,69a18850c4d395e0a69fcdc7,2316,2,trial
3380,bad,27,2,,,restaurant meal,Higher degree,119151,1772206319255,1772206200104,male,true,english,62a0b2f19b97b65507b900aa,69a1b870f780e7a972ce5eb3,69a18850c4d395e0a69fcdc7,2483,2,trial
3380,amazing,27,1,1,,cookie,Higher degree,119151,1772206319255,1772206200104,male,true,english,62a0b2f19b97b65507b900aa,69a1b870f780e7a972ce5eb3,69a18850c4d395e0a69fcdc7,5067,2,attention
3380,good,27,6,,,restaurant meal,Higher degree,119151,1772206319255,1772206200104,male,true,english,62a0b2f19b97b65507b900aa,69a1b870f780e7a972ce5eb3,69a18850c4d395e0a69fcdc7,1967,1,trial
3380,okay,27,3,,,cookie,Higher degree,119151,1772206319255,1772206200104,male,true,english,62a0b2f19b97b65507b900aa,69a1b870f780e7a972ce5eb3,69a18850c4d395e0a69fcdc7,1451,2,trial
3380,okay,27,5,,,restaurant meal,Higher degree,119151,1772206319255,1772206200104,male,true,english,62a0b2f19b97b65507b900aa,69a1b870f780e7a972ce5eb3,69a18850c4d395e0a69fcdc7,1483,4,trial
3380,bad,27,7,,,coffee,Higher degree,119151,1772206319255,1772206200104,male,true,english,62a0b2f19b97b65507b900aa,69a1b870f780e7a972ce5eb3,69a18850c4d395e0a69fcdc7,1633,1,trial
3380,amazing,27,4,,,pizza,Higher degree,119151,1772206319255,1772206200104,male,true,english,62a0b2f19b97b65507b900aa,69a1b870f780e7a972ce5eb3,69a18850c4d395e0a69fcdc7,1635,1,trial
3380,okay,27,7,,,restaurant meal,Higher degree,119151,1772206319255,1772206200104,male,true,english,62a0b2f19b97b65507b900aa,69a1b870f780e7a972ce5eb3,69a18850c4d395e0a69fcdc7,1781,3,trial
3380,amazing,27,3,,,cookie,Higher degree,119151,1772206319255,1772206200104,male,true,english,62a0b2f19b97b65507b900aa,69a1b870f780e7a972ce5eb3,69a18850c4d395e0a69fcdc7,1567,3,trial
3380,good,27,7,,,concert,Higher degree,119151,1772206319255,1772206200104,male,true,english,62a0b2f19b97b65507b900aa,69a1b870f780e7a972ce5eb3,69a18850c4d395e0a69fcdc7,1483,4,trial
3380,amazing,27,3,3,,pizza,Higher degree,119151,1772206319255,1772206200104,male,true,english,62a0b2f19b97b65507b900aa,69a1b870f780e7a972ce5eb3,69a18850c4d395e0a69fcdc7,2499,1,attention
3380,good,27,5,,,cookie,Higher degree,119151,1772206319255,1772206200104,male,true,english,62a0b2f19b97b65507b900aa,69a1b870f780e7a972ce5eb3,69a18850c4d395e0a69fcdc7,1783,5,trial
3380,bad,27,8,,,concert,Higher degree,119151,1772206319255,1772206200104,male,true,english,62a0b2f19b97b65507b900aa,69a1b870f780e7a972ce5eb3,69a18850c4d395e0a69fcdc7,2817,4,trial
3380,amazing,27,2,,,movie,Higher degree,119151,1772206319255,1772206200104,male,true,english,62a0b2f19b97b65507b900aa,69a1b870f780e7a972ce5eb3,69a18850c4d395e0a69fcdc7,3925,2,trial
3380,terrible,27,3,,,movie,Higher degree,119151,1772206319255,1772206200104,male,true,english,62a0b2f19b97b65507b900aa,69a1b870f780e7a972ce5eb3,69a18850c4d395e0a69fcdc7,2108,3,trial
3380,terrible,27,4,,,pizza,Higher degree,119151,1772206319255,1772206200104,male,true,english,62a0b2f19b97b65507b900aa,69a1b870f780e7a972ce5eb3,69a18850c4d395e0a69fcdc7,6767,4,trial
3380,amazing,27,7,,,party,Higher degree,119151,1772206319255,1772206200104,male,true,english,62a0b2f19b97b65507b900aa,69a1b870f780e7a972ce5eb3,69a18850c4d395e0a69fcdc7,2183,5,trial
3380,bad,27,3,,,cookie,Higher degree,119151,1772206319255,1772206200104,male,true,english,62a0b2f19b97b65507b900aa,69a1b870f780e7a972ce5eb3,69a18850c4d395e0a69fcdc7,1884,5,trial
3380,bad,27,3,,,pizza,Higher degree,119151,1772206319255,1772206200104,male,true,english,62a0b2f19b97b65507b900aa,69a1b870f780e7a972ce5eb3,69a18850c4d395e0a69fcdc7,1700,3,trial
3380,good,27,3,,,cookie,Higher degree,119151,1772206319255,1772206200104,male,true,english,62a0b2f19b97b65507b900aa,69a1b870f780e7a972ce5eb3,69a18850c4d395e0a69fcdc7,2049,3,trial
3359,bad,31,9,,the experiment was interesting. ,concert,Graduated College,610672,1772205983415,1772205372743,female,true,English,60aad516e34718d318bfb44d,69a1b53a4acad6b601ce8268,69a18850c4d395e0a69fcdc7,24827,1,trial
3359,okay,31,2,,the experiment was interesting. ,party,Graduated College,610672,1772205983415,1772205372743,female,true,English,60aad516e34718d318bfb44d,69a1b53a4acad6b601ce8268,69a18850c4d395e0a69fcdc7,19897,1,trial
3359,okay,31,7,,the experiment was interesting. ,restaurant meal,Graduated College,610672,1772205983415,1772205372743,female,true,English,60aad516e34718d318bfb44d,69a1b53a4acad6b601ce8268,69a18850c4d395e0a69fcdc7,39809,4,trial
3359,terrible,31,1,,the experiment was interesting. ,party,Graduated College,610672,1772205983415,1772205372743,female,true,English,60aad516e34718d318bfb44d,69a1b53a4acad6b601ce8268,69a18850c4d395e0a69fcdc7,25075,5,trial
3359,okay,31,5,,the experiment was interesting. ,cookie,Graduated College,610672,1772205983415,1772205372743,female,true,English,60aad516e34718d318bfb44d,69a1b53a4acad6b601ce8268,69a18850c4d395e0a69fcdc7,15758,3,trial
3359,good,31,6,,the experiment was interesting. ,party,Graduated College,610672,1772205983415,1772205372743,female,true,English,60aad516e34718d318bfb44d,69a1b53a4acad6b601ce8268,69a18850c4d395e0a69fcdc7,16299,3,trial
3359,amazing,31,3,,the experiment was interesting. ,pizza,Graduated College,610672,1772205983415,1772205372743,female,true,English,60aad516e34718d318bfb44d,69a1b53a4acad6b601ce8268,69a18850c4d395e0a69fcdc7,14196,2,trial
3359,okay,31,4,,the experiment was interesting. ,concert,Graduated College,610672,1772205983415,1772205372743,female,true,English,60aad516e34718d318bfb44d,69a1b53a4acad6b601ce8268,69a18850c4d395e0a69fcdc7,17634,2,trial
3359,terrible,31,3,3,the experiment was interesting. ,pizza,Graduated College,610672,1772205983415,1772205372743,female,true,English,60aad516e34718d318bfb44d,69a1b53a4acad6b601ce8268,69a18850c4d395e0a69fcdc7,21564,4,attention
3359,good,31,7,,the experiment was interesting. ,restaurant meal,Graduated College,610672,1772205983415,1772205372743,female,true,English,60aad516e34718d318bfb44d,69a1b53a4acad6b601ce8268,69a18850c4d395e0a69fcdc7,18040,5,trial
3359,bad,31,2,,the experiment was interesting. ,movie,Graduated College,610672,1772205983415,1772205372743,female,true,English,60aad516e34718d318bfb44d,69a1b53a4acad6b601ce8268,69a18850c4d395e0a69fcdc7,17501,3,trial
3359,terrible,31,2,,the experiment was interesting. ,concert,Graduated College,610672,1772205983415,1772205372743,female,true,English,60aad516e34718d318bfb44d,69a1b53a4acad6b601ce8268,69a18850c4d395e0a69fcdc7,13647,4,trial
3359,terrible,31,9,,the experiment was interesting. ,cookie,Graduated College,610672,1772205983415,1772205372743,female,true,English,60aad516e34718d318bfb44d,69a1b53a4acad6b601ce8268,69a18850c4d395e0a69fcdc7,14262,1,trial
3359,bad,31,7,,the experiment was interesting. ,cookie,Graduated College,610672,1772205983415,1772205372743,female,true,English,60aad516e34718d318bfb44d,69a1b53a4acad6b601ce8268,69a18850c4d395e0a69fcdc7,14577,2,trial
3359,terrible,31,8,,the experiment was interesting. ,cookie,Graduated College,610672,1772205983415,1772205372743,female,true,English,60aad516e34718d318bfb44d,69a1b53a4acad6b601ce8268,69a18850c4d395e0a69fcdc7,13879,2,trial
3359,good,31,3,,the experiment was interesting. ,concert,Graduated College,610672,1772205983415,1772205372743,female,true,English,60aad516e34718d318bfb44d,69a1b53a4acad6b601ce8268,69a18850c4d395e0a69fcdc7,12659,2,trial
3359,good,31,2,,the experiment was interesting. ,concert,Graduated College,610672,1772205983415,1772205372743,female,true,English,60aad516e34718d318bfb44d,69a1b53a4acad6b601ce8268,69a18850c4d395e0a69fcdc7,16331,1,trial
3359,bad,31,3,3,the experiment was interesting. ,restaurant meal,Graduated College,610672,1772205983415,1772205372743,female,true,English,60aad516e34718d318bfb44d,69a1b53a4acad6b601ce8268,69a18850c4d395e0a69fcdc7,20998,5,attention
3359,amazing,31,1,,the experiment was interesting. ,pizza,Graduated College,610672,1772205983415,1772205372743,female,true,English,60aad516e34718d318bfb44d,69a1b53a4acad6b601ce8268,69a18850c4d395e0a69fcdc7,10102,1,trial
3359,terrible,31,1,,the experiment was interesting. ,concert,Graduated College,610672,1772205983415,1772205372743,female,true,English,60aad516e34718d318bfb44d,69a1b53a4acad6b601ce8268,69a18850c4d395e0a69fcdc7,13834,3,trial
3359,okay,31,7,,the experiment was interesting. ,party,Graduated College,610672,1772205983415,1772205372743,female,true,English,60aad516e34718d318bfb44d,69a1b53a4acad6b601ce8268,69a18850c4d395e0a69fcdc7,17795,5,trial
3359,amazing,31,9,,the experiment was interesting. ,pizza,Graduated College,610672,1772205983415,1772205372743,female,true,English,60aad516e34718d318bfb44d,69a1b53a4acad6b601ce8268,69a18850c4d395e0a69fcdc7,14051,5,trial
3359,amazing,31,6,,the experiment was interesting. ,movie,Graduated College,610672,1772205983415,1772205372743,female,true,English,60aad516e34718d318bfb44d,69a1b53a4acad6b601ce8268,69a18850c4d395e0a69fcdc7,15149,3,trial
3359,good,31,9,,the experiment was interesting. ,restaurant meal,Graduated College,610672,1772205983415,1772205372743,female,true,English,60aad516e34718d318bfb44d,69a1b53a4acad6b601ce8268,69a18850c4d395e0a69fcdc7,15945,4,trial
3359,bad,31,2,,the experiment was interesting. ,cookie,Graduated College,610672,1772205983415,1772205372743,female,true,English,60aad516e34718d318bfb44d,69a1b53a4acad6b601ce8268,69a18850c4d395e0a69fcdc7,10011,4,trial
3359,amazing,31,8,,the experiment was interesting. ,coffee,Graduated College,610672,1772205983415,1772205372743,female,true,English,60aad516e34718d318bfb44d,69a1b53a4acad6b601ce8268,69a18850c4d395e0a69fcdc7,11835,4,trial
3359,bad,31,1,,the experiment was interesting. ,party,Graduated College,610672,1772205983415,1772205372743,female,true,English,60aad516e34718d318bfb44d,69a1b53a4acad6b601ce8268,69a18850c4d395e0a69fcdc7,7726,5,trial
3366,terrible,34,9,,,restaurant meal,Graduated College,142542,1772206066047,1772205923505,male,true,english,62ac71cec3309a48781684eb,69a1b751f6035dd2232da3c2,69a18850c4d395e0a69fcdc7,8420,2,trial
3366,amazing,34,7,,,movie,Graduated College,142542,1772206066047,1772205923505,male,true,english,62ac71cec3309a48781684eb,69a1b751f6035dd2232da3c2,69a18850c4d395e0a69fcdc7,8615,4,trial
3366,good,34,7,,,concert,Graduated College,142542,1772206066047,1772205923505,male,true,english,62ac71cec3309a48781684eb,69a1b751f6035dd2232da3c2,69a18850c4d395e0a69fcdc7,4088,5,trial
3366,terrible,34,1,,,coffee,Graduated College,142542,1772206066047,1772205923505,male,true,english,62ac71cec3309a48781684eb,69a1b751f6035dd2232da3c2,69a18850c4d395e0a69fcdc7,4016,5,trial
3366,okay,34,2,,,coffee,Graduated College,142542,1772206066047,1772205923505,male,true,english,62ac71cec3309a48781684eb,69a1b751f6035dd2232da3c2,69a18850c4d395e0a69fcdc7,3928,4,trial
3366,amazing,34,9,,,coffee,Graduated College,142542,1772206066047,1772205923505,male,true,english,62ac71cec3309a48781684eb,69a1b751f6035dd2232da3c2,69a18850c4d395e0a69fcdc7,3799,5,trial
3366,good,34,8,,,pizza,Graduated College,142542,1772206066047,1772205923505,male,true,english,62ac71cec3309a48781684eb,69a1b751f6035dd2232da3c2,69a18850c4d395e0a69fcdc7,3497,4,trial
3366,terrible,34,1,,,cookie,Graduated College,142542,1772206066047,1772205923505,male,true,english,62ac71cec3309a48781684eb,69a1b751f6035dd2232da3c2,69a18850c4d395e0a69fcdc7,3688,4,trial
3366,terrible,34,3,3,,coffee,Graduated College,142542,1772206066047,1772205923505,male,true,english,62ac71cec3309a48781684eb,69a1b751f6035dd2232da3c2,69a18850c4d395e0a69fcdc7,3740,2,attention
3366,good,34,8,,,movie,Graduated College,142542,1772206066047,1772205923505,male,true,english,62ac71cec3309a48781684eb,69a1b751f6035dd2232da3c2,69a18850c4d395e0a69fcdc7,4547,3,trial
3366,bad,34,8,,,pizza,Graduated College,142542,1772206066047,1772205923505,male,true,english,62ac71cec3309a48781684eb,69a1b751f6035dd2232da3c2,69a18850c4d395e0a69fcdc7,4060,2,trial
3366,amazing,34,1,,,coffee,Graduated College,142542,1772206066047,1772205923505,male,true,english,62ac71cec3309a48781684eb,69a1b751f6035dd2232da3c2,69a18850c4d395e0a69fcdc7,2624,1,trial
3366,amazing,34,1,,,concert,Graduated College,142542,1772206066047,1772205923505,male,true,english,62ac71cec3309a48781684eb,69a1b751f6035dd2232da3c2,69a18850c4d395e0a69fcdc7,3040,2,trial
3366,bad,34,1,,,restaurant meal,Graduated College,142542,1772206066047,1772205923505,male,true,english,62ac71cec3309a48781684eb,69a1b751f6035dd2232da3c2,69a18850c4d395e0a69fcdc7,3864,4,trial
3366,bad,34,9,,,cookie,Graduated College,142542,1772206066047,1772205923505,male,true,english,62ac71cec3309a48781684eb,69a1b751f6035dd2232da3c2,69a18850c4d395e0a69fcdc7,2984,1,trial
3366,good,34,1,,,party,Graduated College,142542,1772206066047,1772205923505,male,true,english,62ac71cec3309a48781684eb,69a1b751f6035dd2232da3c2,69a18850c4d395e0a69fcdc7,4123,1,trial
3366,okay,34,4,,,coffee,Graduated College,142542,1772206066047,1772205923505,male,true,english,62ac71cec3309a48781684eb,69a1b751f6035dd2232da3c2,69a18850c4d395e0a69fcdc7,9749,2,trial
3366,bad,34,3,3,,coffee,Graduated College,142542,1772206066047,1772205923505,male,true,english,62ac71cec3309a48781684eb,69a1b751f6035dd2232da3c2,69a18850c4d395e0a69fcdc7,3631,5,attention
3366,okay,34,9,,,movie,Graduated College,142542,1772206066047,1772205923505,male,true,english,62ac71cec3309a48781684eb,69a1b751f6035dd2232da3c2,69a18850c4d395e0a69fcdc7,2944,3,trial
3366,good,34,2,,,party,Graduated College,142542,1772206066047,1772205923505,male,true,english,62ac71cec3309a48781684eb,69a1b751f6035dd2232da3c2,69a18850c4d395e0a69fcdc7,3807,2,trial
3366,terrible,34,1,,,cookie,Graduated College,142542,1772206066047,1772205923505,male,true,english,62ac71cec3309a48781684eb,69a1b751f6035dd2232da3c2,69a18850c4d395e0a69fcdc7,3352,3,trial
3366,amazing,34,1,,,concert,Graduated College,142542,1772206066047,1772205923505,male,true,english,62ac71cec3309a48781684eb,69a1b751f6035dd2232da3c2,69a18850c4d395e0a69fcdc7,2296,3,trial
3366,terrible,34,9,,,movie,Graduated College,142542,1772206066047,1772205923505,male,true,english,62ac71cec3309a48781684eb,69a1b751f6035dd2232da3c2,69a18850c4d395e0a69fcdc7,2752,1,trial
3366,okay,34,1,,,coffee,Graduated College,142542,1772206066047,1772205923505,male,true,english,62ac71cec3309a48781684eb,69a1b751f6035dd2232da3c2,69a18850c4d395e0a69fcdc7,3056,5,trial
3366,okay,34,1,,,movie,Graduated College,142542,1772206066047,1772205923505,male,true,english,62ac71cec3309a48781684eb,69a1b751f6035dd2232da3c2,69a18850c4d395e0a69fcdc7,2952,1,trial
3366,bad,34,1,,,pizza,Graduated College,142542,1772206066047,1772205923505,male,true,english,62ac71cec3309a48781684eb,69a1b751f6035dd2232da3c2,69a18850c4d395e0a69fcdc7,2752,3,trial
3366,bad,34,1,,,restaurant meal,Graduated College,142542,1772206066047,1772205923505,male,true,english,62ac71cec3309a48781684eb,69a1b751f6035dd2232da3c2,69a18850c4d395e0a69fcdc7,4011,5,trial
3387,amazing,45,8,,,restaurant meal,Higher degree,224104,1772206384668,1772206160564,male,true,English,5ab3fc4b5f01000001cb07e2,69a1b84a3d4bd6455147fc4c,69a18850c4d395e0a69fcdc7,5895,4,trial
3387,amazing,45,1,,,party,Higher degree,224104,1772206384668,1772206160564,male,true,English,5ab3fc4b5f01000001cb07e2,69a1b84a3d4bd6455147fc4c,69a18850c4d395e0a69fcdc7,4882,1,trial
3387,terrible,45,1,,,coffee,Higher degree,224104,1772206384668,1772206160564,male,true,English,5ab3fc4b5f01000001cb07e2,69a1b84a3d4bd6455147fc4c,69a18850c4d395e0a69fcdc7,4184,5,trial
3387,good,45,5,,,pizza,Higher degree,224104,1772206384668,1772206160564,male,true,English,5ab3fc4b5f01000001cb07e2,69a1b84a3d4bd6455147fc4c,69a18850c4d395e0a69fcdc7,4097,2,trial
3387,amazing,45,2,,,party,Higher degree,224104,1772206384668,1772206160564,male,true,English,5ab3fc4b5f01000001cb07e2,69a1b84a3d4bd6455147fc4c,69a18850c4d395e0a69fcdc7,4127,2,trial
3387,good,45,6,,,coffee,Higher degree,224104,1772206384668,1772206160564,male,true,English,5ab3fc4b5f01000001cb07e2,69a1b84a3d4bd6455147fc4c,69a18850c4d395e0a69fcdc7,3228,3,trial
3387,okay,45,5,,,pizza,Higher degree,224104,1772206384668,1772206160564,male,true,English,5ab3fc4b5f01000001cb07e2,69a1b84a3d4bd6455147fc4c,69a18850c4d395e0a69fcdc7,3789,3,trial
3387,bad,45,1,,,pizza,Higher degree,224104,1772206384668,1772206160564,male,true,English,5ab3fc4b5f01000001cb07e2,69a1b84a3d4bd6455147fc4c,69a18850c4d395e0a69fcdc7,3478,4,trial
3387,bad,45,2,2,,party,Higher degree,224104,1772206384668,1772206160564,male,true,English,5ab3fc4b5f01000001cb07e2,69a1b84a3d4bd6455147fc4c,69a18850c4d395e0a69fcdc7,3903,3,attention
3387,terrible,45,9,,,movie,Higher degree,224104,1772206384668,1772206160564,male,true,English,5ab3fc4b5f01000001cb07e2,69a1b84a3d4bd6455147fc4c,69a18850c4d395e0a69fcdc7,3981,1,trial
3387,bad,45,3,,,restaurant meal,Higher degree,224104,1772206384668,1772206160564,male,true,English,5ab3fc4b5f01000001cb07e2,69a1b84a3d4bd6455147fc4c,69a18850c4d395e0a69fcdc7,4321,3,trial
3387,okay,45,1,,,restaurant meal,Higher degree,224104,1772206384668,1772206160564,male,true,English,5ab3fc4b5f01000001cb07e2,69a1b84a3d4bd6455147fc4c,69a18850c4d395e0a69fcdc7,3375,5,trial
3387,okay,45,6,,,movie,Higher degree,224104,1772206384668,1772206160564,male,true,English,5ab3fc4b5f01000001cb07e2,69a1b84a3d4bd6455147fc4c,69a18850c4d395e0a69fcdc7,3813,2,trial
3387,bad,45,1,,,restaurant meal,Higher degree,224104,1772206384668,1772206160564,male,true,English,5ab3fc4b5f01000001cb07e2,69a1b84a3d4bd6455147fc4c,69a18850c4d395e0a69fcdc7,2802,5,trial
3387,okay,45,3,,,movie,Higher degree,224104,1772206384668,1772206160564,male,true,English,5ab3fc4b5f01000001cb07e2,69a1b84a3d4bd6455147fc4c,69a18850c4d395e0a69fcdc7,3521,4,trial
3387,bad,45,8,,,movie,Higher degree,224104,1772206384668,1772206160564,male,true,English,5ab3fc4b5f01000001cb07e2,69a1b84a3d4bd6455147fc4c,69a18850c4d395e0a69fcdc7,4815,1,trial
3387,bad,45,7,,,coffee,Higher degree,224104,1772206384668,1772206160564,male,true,English,5ab3fc4b5f01000001cb07e2,69a1b84a3d4bd6455147fc4c,69a18850c4d395e0a69fcdc7,3284,2,trial
3387,amazing,45,2,2,,cookie,Higher degree,224104,1772206384668,1772206160564,male,true,English,5ab3fc4b5f01000001cb07e2,69a1b84a3d4bd6455147fc4c,69a18850c4d395e0a69fcdc7,3544,1,attention
3387,good,45,7,,,movie,Higher degree,224104,1772206384668,1772206160564,male,true,English,5ab3fc4b5f01000001cb07e2,69a1b84a3d4bd6455147fc4c,69a18850c4d395e0a69fcdc7,3487,4,trial
3387,amazing,45,9,,,concert,Higher degree,224104,1772206384668,1772206160564,male,true,English,5ab3fc4b5f01000001cb07e2,69a1b84a3d4bd6455147fc4c,69a18850c4d395e0a69fcdc7,2812,5,trial
3387,good,45,7,,,concert,Higher degree,224104,1772206384668,1772206160564,male,true,English,5ab3fc4b5f01000001cb07e2,69a1b84a3d4bd6455147fc4c,69a18850c4d395e0a69fcdc7,3533,5,trial
3387,amazing,45,2,,,cookie,Higher degree,224104,1772206384668,1772206160564,male,true,English,5ab3fc4b5f01000001cb07e2,69a1b84a3d4bd6455147fc4c,69a18850c4d395e0a69fcdc7,3703,3,trial
3387,terrible,45,1,,,restaurant meal,Higher degree,224104,1772206384668,1772206160564,male,true,English,5ab3fc4b5f01000001cb07e2,69a1b84a3d4bd6455147fc4c,69a18850c4d395e0a69fcdc7,3891,4,trial
3387,terrible,45,2,,,cookie,Higher degree,224104,1772206384668,1772206160564,male,true,English,5ab3fc4b5f01000001cb07e2,69a1b84a3d4bd6455147fc4c,69a18850c4d395e0a69fcdc7,4331,3,trial
3387,okay,45,7,,,party,Higher degree,224104,1772206384668,1772206160564,male,true,English,5ab3fc4b5f01000001cb07e2,69a1b84a3d4bd6455147fc4c,69a18850c4d395e0a69fcdc7,4378,1,trial
3387,terrible,45,7,,,party,Higher degree,224104,1772206384668,1772206160564,male,true,English,5ab3fc4b5f01000001cb07e2,69a1b84a3d4bd6455147fc4c,69a18850c4d395e0a69fcdc7,7164,2,trial
3387,good,45,2,,,cookie,Higher degree,224104,1772206384668,1772206160564,male,true,English,5ab3fc4b5f01000001cb07e2,69a1b84a3d4bd6455147fc4c,69a18850c4d395e0a69fcdc7,3510,1,trial
3394,terrible,30,1,,,concert,Higher degree,138413,1772206663829,1772206525416,male,true,english,5f07386c25b9522f898bac8f,69a1b9b49138fcd81ce864b5,69a18850c4d395e0a69fcdc7,10072,4,trial
3394,terrible,30,9,,,coffee,Higher degree,138413,1772206663829,1772206525416,male,true,english,5f07386c25b9522f898bac8f,69a1b9b49138fcd81ce864b5,69a18850c4d395e0a69fcdc7,3827,1,trial
3394,good,30,6,,,restaurant meal,Higher degree,138413,1772206663829,1772206525416,male,true,english,5f07386c25b9522f898bac8f,69a1b9b49138fcd81ce864b5,69a18850c4d395e0a69fcdc7,4325,4,trial
3394,amazing,30,9,,,concert,Higher degree,138413,1772206663829,1772206525416,male,true,english,5f07386c25b9522f898bac8f,69a1b9b49138fcd81ce864b5,69a18850c4d395e0a69fcdc7,3314,5,trial
3394,bad,30,8,,,coffee,Higher degree,138413,1772206663829,1772206525416,male,true,english,5f07386c25b9522f898bac8f,69a1b9b49138fcd81ce864b5,69a18850c4d395e0a69fcdc7,5640,2,trial
3394,good,30,5,,,restaurant meal,Higher degree,138413,1772206663829,1772206525416,male,true,english,5f07386c25b9522f898bac8f,69a1b9b49138fcd81ce864b5,69a18850c4d395e0a69fcdc7,3273,3,trial
3394,okay,30,1,,,pizza,Higher degree,138413,1772206663829,1772206525416,male,true,english,5f07386c25b9522f898bac8f,69a1b9b49138fcd81ce864b5,69a18850c4d395e0a69fcdc7,6216,1,trial
3394,terrible,30,2,,,coffee,Higher degree,138413,1772206663829,1772206525416,male,true,english,5f07386c25b9522f898bac8f,69a1b9b49138fcd81ce864b5,69a18850c4d395e0a69fcdc7,6152,3,trial
3394,amazing,30,3,3,,cookie,Higher degree,138413,1772206663829,1772206525416,male,true,english,5f07386c25b9522f898bac8f,69a1b9b49138fcd81ce864b5,69a18850c4d395e0a69fcdc7,5422,5,attention
3394,good,30,2,,,concert,Higher degree,138413,1772206663829,1772206525416,male,true,english,5f07386c25b9522f898bac8f,69a1b9b49138fcd81ce864b5,69a18850c4d395e0a69fcdc7,3162,2,trial
3394,okay,30,9,,,pizza,Higher degree,138413,1772206663829,1772206525416,male,true,english,5f07386c25b9522f898bac8f,69a1b9b49138fcd81ce864b5,69a18850c4d395e0a69fcdc7,6084,3,trial
3394,amazing,30,4,,,party,Higher degree,138413,1772206663829,1772206525416,male,true,english,5f07386c25b9522f898bac8f,69a1b9b49138fcd81ce864b5,69a18850c4d395e0a69fcdc7,5136,3,trial
3394,amazing,30,1,,,restaurant meal,Higher degree,138413,1772206663829,1772206525416,male,true,english,5f07386c25b9522f898bac8f,69a1b9b49138fcd81ce864b5,69a18850c4d395e0a69fcdc7,3362,1,trial
3394,okay,30,3,,,coffee,Higher degree,138413,1772206663829,1772206525416,male,true,english,5f07386c25b9522f898bac8f,69a1b9b49138fcd81ce864b5,69a18850c4d395e0a69fcdc7,2673,2,trial
3394,okay,30,3,,,concert,Higher degree,138413,1772206663829,1772206525416,male,true,english,5f07386c25b9522f898bac8f,69a1b9b49138fcd81ce864b5,69a18850c4d395e0a69fcdc7,3997,5,trial
3394,terrible,30,7,,,pizza,Higher degree,138413,1772206663829,1772206525416,male,true,english,5f07386c25b9522f898bac8f,69a1b9b49138fcd81ce864b5,69a18850c4d395e0a69fcdc7,4460,2,trial
3394,bad,30,2,,,coffee,Higher degree,138413,1772206663829,1772206525416,male,true,english,5f07386c25b9522f898bac8f,69a1b9b49138fcd81ce864b5,69a18850c4d395e0a69fcdc7,2672,4,trial
3394,bad,30,1,1,,concert,Higher degree,138413,1772206663829,1772206525416,male,true,english,5f07386c25b9522f898bac8f,69a1b9b49138fcd81ce864b5,69a18850c4d395e0a69fcdc7,3110,1,attention
3394,bad,30,3,,,coffee,Higher degree,138413,1772206663829,1772206525416,male,true,english,5f07386c25b9522f898bac8f,69a1b9b49138fcd81ce864b5,69a18850c4d395e0a69fcdc7,5511,3,trial
3394,bad,30,2,,,movie,Higher degree,138413,1772206663829,1772206525416,male,true,english,5f07386c25b9522f898bac8f,69a1b9b49138fcd81ce864b5,69a18850c4d395e0a69fcdc7,3414,5,trial
3394,amazing,30,8,,,movie,Higher degree,138413,1772206663829,1772206525416,male,true,english,5f07386c25b9522f898bac8f,69a1b9b49138fcd81ce864b5,69a18850c4d395e0a69fcdc7,3248,4,trial
3394,good,30,9,,,coffee,Higher degree,138413,1772206663829,1772206525416,male,true,english,5f07386c25b9522f898bac8f,69a1b9b49138fcd81ce864b5,69a18850c4d395e0a69fcdc7,2576,5,trial
3394,good,30,2,,,cookie,Higher degree,138413,1772206663829,1772206525416,male,true,english,5f07386c25b9522f898bac8f,69a1b9b49138fcd81ce864b5,69a18850c4d395e0a69fcdc7,3055,1,trial
3394,terrible,30,1,,,pizza,Higher degree,138413,1772206663829,1772206525416,male,true,english,5f07386c25b9522f898bac8f,69a1b9b49138fcd81ce864b5,69a18850c4d395e0a69fcdc7,2592,5,trial
3394,okay,30,2,,,movie,Higher degree,138413,1772206663829,1772206525416,male,true,english,5f07386c25b9522f898bac8f,69a1b9b49138fcd81ce864b5,69a18850c4d395e0a69fcdc7,3973,4,trial
3394,amazing,30,2,,,party,Higher degree,138413,1772206663829,1772206525416,male,true,english,5f07386c25b9522f898bac8f,69a1b9b49138fcd81ce864b5,69a18850c4d395e0a69fcdc7,3186,2,trial
3394,bad,30,9,,,movie,Higher degree,138413,1772206663829,1772206525416,male,true,english,5f07386c25b9522f898bac8f,69a1b9b49138fcd81ce864b5,69a18850c4d395e0a69fcdc7,3077,1,trial
3400,bad,36,1,,No comments,concert,Graduated High-school,240251,1772206894947,1772206654696,male,true,English,5f202731ebb8a92abf3b7268,69a1ba306ae9194346f0c304,69a18850c4d395e0a69fcdc7,9966,5,trial
3400,bad,36,1,,No comments,concert,Graduated High-school,240251,1772206894947,1772206654696,male,true,English,5f202731ebb8a92abf3b7268,69a1ba306ae9194346f0c304,69a18850c4d395e0a69fcdc7,7337,4,trial
3400,good,36,8,,No comments,restaurant meal,Graduated High-school,240251,1772206894947,1772206654696,male,true,English,5f202731ebb8a92abf3b7268,69a1ba306ae9194346f0c304,69a18850c4d395e0a69fcdc7,8511,4,trial
3400,amazing,36,1,,No comments,restaurant meal,Graduated High-school,240251,1772206894947,1772206654696,male,true,English,5f202731ebb8a92abf3b7268,69a1ba306ae9194346f0c304,69a18850c4d395e0a69fcdc7,5792,2,trial
3400,good,36,3,,No comments,pizza,Graduated High-school,240251,1772206894947,1772206654696,male,true,English,5f202731ebb8a92abf3b7268,69a1ba306ae9194346f0c304,69a18850c4d395e0a69fcdc7,8794,2,trial
3400,terrible,36,2,,No comments,movie,Graduated High-school,240251,1772206894947,1772206654696,male,true,English,5f202731ebb8a92abf3b7268,69a1ba306ae9194346f0c304,69a18850c4d395e0a69fcdc7,8638,3,trial
3400,okay,36,7,,No comments,movie,Graduated High-school,240251,1772206894947,1772206654696,male,true,English,5f202731ebb8a92abf3b7268,69a1ba306ae9194346f0c304,69a18850c4d395e0a69fcdc7,10174,3,trial
3400,bad,36,8,,No comments,restaurant meal,Graduated High-school,240251,1772206894947,1772206654696,male,true,English,5f202731ebb8a92abf3b7268,69a1ba306ae9194346f0c304,69a18850c4d395e0a69fcdc7,10174,2,trial
3400,okay,36,5,5,No comments,restaurant meal,Graduated High-school,240251,1772206894947,1772206654696,male,true,English,5f202731ebb8a92abf3b7268,69a1ba306ae9194346f0c304,69a18850c4d395e0a69fcdc7,6212,3,attention
3400,terrible,36,9,,No comments,party,Graduated High-school,240251,1772206894947,1772206654696,male,true,English,5f202731ebb8a92abf3b7268,69a1ba306ae9194346f0c304,69a18850c4d395e0a69fcdc7,7689,1,trial
3400,good,36,7,,No comments,movie,Graduated High-school,240251,1772206894947,1772206654696,male,true,English,5f202731ebb8a92abf3b7268,69a1ba306ae9194346f0c304,69a18850c4d395e0a69fcdc7,7825,3,trial
3400,okay,36,4,,No comments,coffee,Graduated High-school,240251,1772206894947,1772206654696,male,true,English,5f202731ebb8a92abf3b7268,69a1ba306ae9194346f0c304,69a18850c4d395e0a69fcdc7,8471,5,trial
3400,okay,36,3,,No comments,movie,Graduated High-school,240251,1772206894947,1772206654696,male,true,English,5f202731ebb8a92abf3b7268,69a1ba306ae9194346f0c304,69a18850c4d395e0a69fcdc7,8511,1,trial
3400,terrible,36,6,,No comments,pizza,Graduated High-school,240251,1772206894947,1772206654696,male,true,English,5f202731ebb8a92abf3b7268,69a1ba306ae9194346f0c304,69a18850c4d395e0a69fcdc7,8364,2,trial
3400,bad,36,5,,No comments,coffee,Graduated High-school,240251,1772206894947,1772206654696,male,true,English,5f202731ebb8a92abf3b7268,69a1ba306ae9194346f0c304,69a18850c4d395e0a69fcdc7,6388,3,trial
3400,amazing,36,1,,No comments,concert,Graduated High-school,240251,1772206894947,1772206654696,male,true,English,5f202731ebb8a92abf3b7268,69a1ba306ae9194346f0c304,69a18850c4d395e0a69fcdc7,5986,1,trial
3400,terrible,36,1,,No comments,party,Graduated High-school,240251,1772206894947,1772206654696,male,true,English,5f202731ebb8a92abf3b7268,69a1ba306ae9194346f0c304,69a18850c4d395e0a69fcdc7,4539,5,trial
3400,okay,36,3,3,No comments,movie,Graduated High-school,240251,1772206894947,1772206654696,male,true,English,5f202731ebb8a92abf3b7268,69a1ba306ae9194346f0c304,69a18850c4d395e0a69fcdc7,7776,5,attention
3400,terrible,36,1,,No comments,coffee,Graduated High-school,240251,1772206894947,1772206654696,male,true,English,5f202731ebb8a92abf3b7268,69a1ba306ae9194346f0c304,69a18850c4d395e0a69fcdc7,6467,4,trial
3400,bad,36,8,,No comments,pizza,Graduated High-school,240251,1772206894947,1772206654696,male,true,English,5f202731ebb8a92abf3b7268,69a1ba306ae9194346f0c304,69a18850c4d395e0a69fcdc7,6456,1,trial
3400,good,36,6,,No comments,cookie,Graduated High-school,240251,1772206894947,1772206654696,male,true,English,5f202731ebb8a92abf3b7268,69a1ba306ae9194346f0c304,69a18850c4d395e0a69fcdc7,6946,5,trial
3400,good,36,2,,No comments,movie,Graduated High-school,240251,1772206894947,1772206654696,male,true,English,5f202731ebb8a92abf3b7268,69a1ba306ae9194346f0c304,69a18850c4d395e0a69fcdc7,5527,1,trial
3400,okay,36,3,,No comments,pizza,Graduated High-school,240251,1772206894947,1772206654696,male,true,English,5f202731ebb8a92abf3b7268,69a1ba306ae9194346f0c304,69a18850c4d395e0a69fcdc7,5771,4,trial
3400,amazing,36,3,,No comments,movie,Graduated High-school,240251,1772206894947,1772206654696,male,true,English,5f202731ebb8a92abf3b7268,69a1ba306ae9194346f0c304,69a18850c4d395e0a69fcdc7,5664,3,trial
3400,amazing,36,8,,No comments,movie,Graduated High-school,240251,1772206894947,1772206654696,male,true,English,5f202731ebb8a92abf3b7268,69a1ba306ae9194346f0c304,69a18850c4d395e0a69fcdc7,6760,4,trial
3400,okay,36,5,,No comments,cookie,Graduated High-school,240251,1772206894947,1772206654696,male,true,English,5f202731ebb8a92abf3b7268,69a1ba306ae9194346f0c304,69a18850c4d395e0a69fcdc7,4850,2,trial
3400,amazing,36,9,,No comments,restaurant meal,Graduated High-school,240251,1772206894947,1772206654696,male,true,English,5f202731ebb8a92abf3b7268,69a1ba306ae9194346f0c304,69a18850c4d395e0a69fcdc7,4020,5,trial
3402,bad,44,1,,,concert,Graduated High-school,240841,1772207122246,1772206881405,male,true,english,56e0a6c9907c12000ae4882c,69a1bb213271cf2aad8cf953,69a18850c4d395e0a69fcdc7,17427,3,trial
3402,amazing,44,1,,,cookie,Graduated High-school,240841,1772207122246,1772206881405,male,true,english,56e0a6c9907c12000ae4882c,69a1bb213271cf2aad8cf953,69a18850c4d395e0a69fcdc7,7895,1,trial
3402,terrible,44,9,,,cookie,Graduated High-school,240841,1772207122246,1772206881405,male,true,english,56e0a6c9907c12000ae4882c,69a1bb213271cf2aad8cf953,69a18850c4d395e0a69fcdc7,5674,1,trial
3402,amazing,44,2,,,cookie,Graduated High-school,240841,1772207122246,1772206881405,male,true,english,56e0a6c9907c12000ae4882c,69a1bb213271cf2aad8cf953,69a18850c4d395e0a69fcdc7,7428,3,trial
3402,good,44,6,,,concert,Graduated High-school,240841,1772207122246,1772206881405,male,true,english,56e0a6c9907c12000ae4882c,69a1bb213271cf2aad8cf953,69a18850c4d395e0a69fcdc7,8969,5,trial
3402,okay,44,1,,,party,Graduated High-school,240841,1772207122246,1772206881405,male,true,english,56e0a6c9907c12000ae4882c,69a1bb213271cf2aad8cf953,69a18850c4d395e0a69fcdc7,7563,1,trial
3402,bad,44,1,,,coffee,Graduated High-school,240841,1772207122246,1772206881405,male,true,english,56e0a6c9907c12000ae4882c,69a1bb213271cf2aad8cf953,69a18850c4d395e0a69fcdc7,4016,5,trial
3402,terrible,44,1,,,movie,Graduated High-school,240841,1772207122246,1772206881405,male,true,english,56e0a6c9907c12000ae4882c,69a1bb213271cf2aad8cf953,69a18850c4d395e0a69fcdc7,4016,4,trial
3402,bad,44,4,4,,coffee,Graduated High-school,240841,1772207122246,1772206881405,male,true,english,56e0a6c9907c12000ae4882c,69a1bb213271cf2aad8cf953,69a18850c4d395e0a69fcdc7,5866,4,attention
3402,terrible,44,1,,,cookie,Graduated High-school,240841,1772207122246,1772206881405,male,true,english,56e0a6c9907c12000ae4882c,69a1bb213271cf2aad8cf953,69a18850c4d395e0a69fcdc7,3710,5,trial
3402,okay,44,2,,,restaurant meal,Graduated High-school,240841,1772207122246,1772206881405,male,true,english,56e0a6c9907c12000ae4882c,69a1bb213271cf2aad8cf953,69a18850c4d395e0a69fcdc7,6233,4,trial
3402,okay,44,3,,,coffee,Graduated High-school,240841,1772207122246,1772206881405,male,true,english,56e0a6c9907c12000ae4882c,69a1bb213271cf2aad8cf953,69a18850c4d395e0a69fcdc7,7591,2,trial
3402,bad,44,7,,,concert,Graduated High-school,240841,1772207122246,1772206881405,male,true,english,56e0a6c9907c12000ae4882c,69a1bb213271cf2aad8cf953,69a18850c4d395e0a69fcdc7,9138,2,trial
3402,good,44,1,,,restaurant meal,Graduated High-school,240841,1772207122246,1772206881405,male,true,english,56e0a6c9907c12000ae4882c,69a1bb213271cf2aad8cf953,69a18850c4d395e0a69fcdc7,4799,1,trial
3402,good,44,1,,,coffee,Graduated High-school,240841,1772207122246,1772206881405,male,true,english,56e0a6c9907c12000ae4882c,69a1bb213271cf2aad8cf953,69a18850c4d395e0a69fcdc7,4529,2,trial
3402,okay,44,2,,,concert,Graduated High-school,240841,1772207122246,1772206881405,male,true,english,56e0a6c9907c12000ae4882c,69a1bb213271cf2aad8cf953,69a18850c4d395e0a69fcdc7,9546,5,trial
3402,amazing,44,9,,,coffee,Graduated High-school,240841,1772207122246,1772206881405,male,true,english,56e0a6c9907c12000ae4882c,69a1bb213271cf2aad8cf953,69a18850c4d395e0a69fcdc7,4086,5,trial
3402,okay,44,5,5,,coffee,Graduated High-school,240841,1772207122246,1772206881405,male,true,english,56e0a6c9907c12000ae4882c,69a1bb213271cf2aad8cf953,69a18850c4d395e0a69fcdc7,4200,2,attention
3402,terrible,44,6,,,concert,Graduated High-school,240841,1772207122246,1772206881405,male,true,english,56e0a6c9907c12000ae4882c,69a1bb213271cf2aad8cf953,69a18850c4d395e0a69fcdc7,9832,2,trial
3402,bad,44,9,,,party,Graduated High-school,240841,1772207122246,1772206881405,male,true,english,56e0a6c9907c12000ae4882c,69a1bb213271cf2aad8cf953,69a18850c4d395e0a69fcdc7,4496,1,trial
3402,bad,44,1,,,coffee,Graduated High-school,240841,1772207122246,1772206881405,male,true,english,56e0a6c9907c12000ae4882c,69a1bb213271cf2aad8cf953,69a18850c4d395e0a69fcdc7,4360,4,trial
3402,terrible,44,1,,,coffee,Graduated High-school,240841,1772207122246,1772206881405,male,true,english,56e0a6c9907c12000ae4882c,69a1bb213271cf2aad8cf953,69a18850c4d395e0a69fcdc7,4920,3,trial
3402,amazing,44,1,,,pizza,Graduated High-school,240841,1772207122246,1772206881405,male,true,english,56e0a6c9907c12000ae4882c,69a1bb213271cf2aad8cf953,69a18850c4d395e0a69fcdc7,3454,2,trial
3402,amazing,44,7,,,coffee,Graduated High-school,240841,1772207122246,1772206881405,male,true,english,56e0a6c9907c12000ae4882c,69a1bb213271cf2aad8cf953,69a18850c4d395e0a69fcdc7,24478,4,trial
3402,okay,44,9,,,movie,Graduated High-school,240841,1772207122246,1772206881405,male,true,english,56e0a6c9907c12000ae4882c,69a1bb213271cf2aad8cf953,69a18850c4d395e0a69fcdc7,3419,3,trial
3402,good,44,7,,,cookie,Graduated High-school,240841,1772207122246,1772206881405,male,true,english,56e0a6c9907c12000ae4882c,69a1bb213271cf2aad8cf953,69a18850c4d395e0a69fcdc7,3967,4,trial
3402,good,44,6,,,coffee,Graduated High-school,240841,1772207122246,1772206881405,male,true,english,56e0a6c9907c12000ae4882c,69a1bb213271cf2aad8cf953,69a18850c4d395e0a69fcdc7,2740,3,trial
3406,okay,47,2,,i dont have one.,pizza,Graduated College,277509,1772207185717,1772206908208,male,true,English,5ddb37d286c886aa735d114b,69a1bb36d3d71005525b38e7,69a18850c4d395e0a69fcdc7,23894,2,trial
3406,amazing,47,9,,i dont have one.,cookie,Graduated College,277509,1772207185717,1772206908208,male,true,English,5ddb37d286c886aa735d114b,69a1bb36d3d71005525b38e7,69a18850c4d395e0a69fcdc7,11847,5,trial
3406,okay,47,4,,i dont have one.,concert,Graduated College,277509,1772207185717,1772206908208,male,true,English,5ddb37d286c886aa735d114b,69a1bb36d3d71005525b38e7,69a18850c4d395e0a69fcdc7,15322,4,trial
3406,terrible,47,3,,i dont have one.,party,Graduated College,277509,1772207185717,1772206908208,male,true,English,5ddb37d286c886aa735d114b,69a1bb36d3d71005525b38e7,69a18850c4d395e0a69fcdc7,10735,3,trial
3406,terrible,47,1,,i dont have one.,restaurant meal,Graduated College,277509,1772207185717,1772206908208,male,true,English,5ddb37d286c886aa735d114b,69a1bb36d3d71005525b38e7,69a18850c4d395e0a69fcdc7,9097,4,trial
3406,amazing,47,1,,i dont have one.,cookie,Graduated College,277509,1772207185717,1772206908208,male,true,English,5ddb37d286c886aa735d114b,69a1bb36d3d71005525b38e7,69a18850c4d395e0a69fcdc7,6648,3,trial
3406,good,47,6,,i dont have one.,party,Graduated College,277509,1772207185717,1772206908208,male,true,English,5ddb37d286c886aa735d114b,69a1bb36d3d71005525b38e7,69a18850c4d395e0a69fcdc7,11606,3,trial
3406,good,47,8,,i dont have one.,concert,Graduated College,277509,1772207185717,1772206908208,male,true,English,5ddb37d286c886aa735d114b,69a1bb36d3d71005525b38e7,69a18850c4d395e0a69fcdc7,8921,4,trial
3406,amazing,47,3,3,i dont have one.,coffee,Graduated College,277509,1772207185717,1772206908208,male,true,English,5ddb37d286c886aa735d114b,69a1bb36d3d71005525b38e7,69a18850c4d395e0a69fcdc7,8607,1,attention
3406,amazing,47,7,,i dont have one.,pizza,Graduated College,277509,1772207185717,1772206908208,male,true,English,5ddb37d286c886aa735d114b,69a1bb36d3d71005525b38e7,69a18850c4d395e0a69fcdc7,9288,4,trial
3406,amazing,47,1,,i dont have one.,pizza,Graduated College,277509,1772207185717,1772206908208,male,true,English,5ddb37d286c886aa735d114b,69a1bb36d3d71005525b38e7,69a18850c4d395e0a69fcdc7,6968,1,trial
3406,bad,47,8,,i dont have one.,cookie,Graduated College,277509,1772207185717,1772206908208,male,true,English,5ddb37d286c886aa735d114b,69a1bb36d3d71005525b38e7,69a18850c4d395e0a69fcdc7,6377,1,trial
3406,good,47,1,,i dont have one.,movie,Graduated College,277509,1772207185717,1772206908208,male,true,English,5ddb37d286c886aa735d114b,69a1bb36d3d71005525b38e7,69a18850c4d395e0a69fcdc7,5227,2,trial
3406,good,47,1,,i dont have one.,pizza,Graduated College,277509,1772207185717,1772206908208,male,true,English,5ddb37d286c886aa735d114b,69a1bb36d3d71005525b38e7,69a18850c4d395e0a69fcdc7,6852,1,trial
3406,good,47,7,,i dont have one.,coffee,Graduated College,277509,1772207185717,1772206908208,male,true,English,5ddb37d286c886aa735d114b,69a1bb36d3d71005525b38e7,69a18850c4d395e0a69fcdc7,7695,5,trial
3406,bad,47,7,,i dont have one.,concert,Graduated College,277509,1772207185717,1772206908208,male,true,English,5ddb37d286c886aa735d114b,69a1bb36d3d71005525b38e7,69a18850c4d395e0a69fcdc7,6720,2,trial
3406,okay,47,2,,i dont have one.,concert,Graduated College,277509,1772207185717,1772206908208,male,true,English,5ddb37d286c886aa735d114b,69a1bb36d3d71005525b38e7,69a18850c4d395e0a69fcdc7,8368,5,trial
3406,okay,47,3,3,i dont have one.,coffee,Graduated College,277509,1772207185717,1772206908208,male,true,English,5ddb37d286c886aa735d114b,69a1bb36d3d71005525b38e7,69a18850c4d395e0a69fcdc7,4024,1,attention
3406,okay,47,1,,i dont have one.,cookie,Graduated College,277509,1772207185717,1772206908208,male,true,English,5ddb37d286c886aa735d114b,69a1bb36d3d71005525b38e7,69a18850c4d395e0a69fcdc7,5736,1,trial
3406,terrible,47,1,,i dont have one.,cookie,Graduated College,277509,1772207185717,1772206908208,male,true,English,5ddb37d286c886aa735d114b,69a1bb36d3d71005525b38e7,69a18850c4d395e0a69fcdc7,4336,5,trial
3406,terrible,47,9,,i dont have one.,cookie,Graduated College,277509,1772207185717,1772206908208,male,true,English,5ddb37d286c886aa735d114b,69a1bb36d3d71005525b38e7,69a18850c4d395e0a69fcdc7,4280,1,trial
3406,okay,47,8,,i dont have one.,coffee,Graduated College,277509,1772207185717,1772206908208,male,true,English,5ddb37d286c886aa735d114b,69a1bb36d3d71005525b38e7,69a18850c4d395e0a69fcdc7,9089,3,trial
3406,bad,47,1,,i dont have one.,cookie,Graduated College,277509,1772207185717,1772206908208,male,true,English,5ddb37d286c886aa735d114b,69a1bb36d3d71005525b38e7,69a18850c4d395e0a69fcdc7,5423,4,trial
3406,amazing,47,1,,i dont have one.,pizza,Graduated College,277509,1772207185717,1772206908208,male,true,English,5ddb37d286c886aa735d114b,69a1bb36d3d71005525b38e7,69a18850c4d395e0a69fcdc7,6471,2,trial
3406,bad,47,1,,i dont have one.,party,Graduated College,277509,1772207185717,1772206908208,male,true,English,5ddb37d286c886aa735d114b,69a1bb36d3d71005525b38e7,69a18850c4d395e0a69fcdc7,4591,5,trial
3406,bad,47,3,,i dont have one.,party,Graduated College,277509,1772207185717,1772206908208,male,true,English,5ddb37d286c886aa735d114b,69a1bb36d3d71005525b38e7,69a18850c4d395e0a69fcdc7,5417,3,trial
3406,terrible,47,8,,i dont have one.,pizza,Graduated College,277509,1772207185717,1772206908208,male,true,English,5ddb37d286c886aa735d114b,69a1bb36d3d71005525b38e7,69a18850c4d395e0a69fcdc7,5656,2,trial
3414,okay,19,6,,,cookie,Graduated High-school,248595,1772207509515,1772207260920,female,true,English and French,699f865969ee6b4437d19366,69a1bc1829bfe9a9811a58d5,69a18850c4d395e0a69fcdc7,20133,2,trial
3414,bad,19,2,,,restaurant meal,Graduated High-school,248595,1772207509515,1772207260920,female,true,English and French,699f865969ee6b4437d19366,69a1bc1829bfe9a9811a58d5,69a18850c4d395e0a69fcdc7,8351,3,trial
3414,terrible,19,1,,,party,Graduated High-school,248595,1772207509515,1772207260920,female,true,English and French,699f865969ee6b4437d19366,69a1bc1829bfe9a9811a58d5,69a18850c4d395e0a69fcdc7,9115,3,trial
3414,good,19,3,,,pizza,Graduated High-school,248595,1772207509515,1772207260920,female,true,English and French,699f865969ee6b4437d19366,69a1bc1829bfe9a9811a58d5,69a18850c4d395e0a69fcdc7,8701,2,trial
3414,amazing,19,1,,,concert,Graduated High-school,248595,1772207509515,1772207260920,female,true,English and French,699f865969ee6b4437d19366,69a1bc1829bfe9a9811a58d5,69a18850c4d395e0a69fcdc7,5165,1,trial
3414,good,19,5,,,party,Graduated High-school,248595,1772207509515,1772207260920,female,true,English and French,699f865969ee6b4437d19366,69a1bc1829bfe9a9811a58d5,69a18850c4d395e0a69fcdc7,7167,5,trial
3414,bad,19,9,,,concert,Graduated High-school,248595,1772207509515,1772207260920,female,true,English and French,699f865969ee6b4437d19366,69a1bc1829bfe9a9811a58d5,69a18850c4d395e0a69fcdc7,6585,1,trial
3414,amazing,19,4,,,pizza,Graduated High-school,248595,1772207509515,1772207260920,female,true,English and French,699f865969ee6b4437d19366,69a1bc1829bfe9a9811a58d5,69a18850c4d395e0a69fcdc7,7516,3,trial
3414,terrible,19,5,5,,movie,Graduated High-school,248595,1772207509515,1772207260920,female,true,English and French,699f865969ee6b4437d19366,69a1bc1829bfe9a9811a58d5,69a18850c4d395e0a69fcdc7,17517,3,attention
3414,good,19,9,,,restaurant meal,Graduated High-school,248595,1772207509515,1772207260920,female,true,English and French,699f865969ee6b4437d19366,69a1bc1829bfe9a9811a58d5,69a18850c4d395e0a69fcdc7,12933,3,trial
3414,okay,19,2,,,coffee,Graduated High-school,248595,1772207509515,1772207260920,female,true,English and French,699f865969ee6b4437d19366,69a1bc1829bfe9a9811a58d5,69a18850c4d395e0a69fcdc7,6817,1,trial
3414,good,19,7,,,coffee,Graduated High-school,248595,1772207509515,1772207260920,female,true,English and French,699f865969ee6b4437d19366,69a1bc1829bfe9a9811a58d5,69a18850c4d395e0a69fcdc7,6333,4,trial
3414,amazing,19,9,,,party,Graduated High-school,248595,1772207509515,1772207260920,female,true,English and French,699f865969ee6b4437d19366,69a1bc1829bfe9a9811a58d5,69a18850c4d395e0a69fcdc7,4497,5,trial
3414,bad,19,2,,,movie,Graduated High-school,248595,1772207509515,1772207260920,female,true,English and French,699f865969ee6b4437d19366,69a1bc1829bfe9a9811a58d5,69a18850c4d395e0a69fcdc7,5751,4,trial
3414,terrible,19,2,,,party,Graduated High-school,248595,1772207509515,1772207260920,female,true,English and French,699f865969ee6b4437d19366,69a1bc1829bfe9a9811a58d5,69a18850c4d395e0a69fcdc7,5449,4,trial
3414,okay,19,4,,,coffee,Graduated High-school,248595,1772207509515,1772207260920,female,true,English and French,699f865969ee6b4437d19366,69a1bc1829bfe9a9811a58d5,69a18850c4d395e0a69fcdc7,7605,5,trial
3414,amazing,19,8,,,coffee,Graduated High-school,248595,1772207509515,1772207260920,female,true,English and French,699f865969ee6b4437d19366,69a1bc1829bfe9a9811a58d5,69a18850c4d395e0a69fcdc7,6086,4,trial
3414,bad,19,3,3,,movie,Graduated High-school,248595,1772207509515,1772207260920,female,true,English and French,699f865969ee6b4437d19366,69a1bc1829bfe9a9811a58d5,69a18850c4d395e0a69fcdc7,4636,4,attention
3414,okay,19,8,,,restaurant meal,Graduated High-school,248595,1772207509515,1772207260920,female,true,English and French,699f865969ee6b4437d19366,69a1bc1829bfe9a9811a58d5,69a18850c4d395e0a69fcdc7,12667,3,trial
3414,bad,19,1,,,party,Graduated High-school,248595,1772207509515,1772207260920,female,true,English and French,699f865969ee6b4437d19366,69a1bc1829bfe9a9811a58d5,69a18850c4d395e0a69fcdc7,3167,5,trial
3414,amazing,19,2,,,pizza,Graduated High-school,248595,1772207509515,1772207260920,female,true,English and French,699f865969ee6b4437d19366,69a1bc1829bfe9a9811a58d5,69a18850c4d395e0a69fcdc7,4767,2,trial
3414,okay,19,6,,,party,Graduated High-school,248595,1772207509515,1772207260920,female,true,English and French,699f865969ee6b4437d19366,69a1bc1829bfe9a9811a58d5,69a18850c4d395e0a69fcdc7,7184,4,trial
3414,good,19,2,,,cookie,Graduated High-school,248595,1772207509515,1772207260920,female,true,English and French,699f865969ee6b4437d19366,69a1bc1829bfe9a9811a58d5,69a18850c4d395e0a69fcdc7,7983,1,trial
3414,terrible,19,4,,,movie,Graduated High-school,248595,1772207509515,1772207260920,female,true,English and French,699f865969ee6b4437d19366,69a1bc1829bfe9a9811a58d5,69a18850c4d395e0a69fcdc7,7233,2,trial
3414,bad,19,4,,,movie,Graduated High-school,248595,1772207509515,1772207260920,female,true,English and French,699f865969ee6b4437d19366,69a1bc1829bfe9a9811a58d5,69a18850c4d395e0a69fcdc7,6751,2,trial
3414,terrible,19,1,,,movie,Graduated High-school,248595,1772207509515,1772207260920,female,true,English and French,699f865969ee6b4437d19366,69a1bc1829bfe9a9811a58d5,69a18850c4d395e0a69fcdc7,7598,5,trial
3414,terrible,19,9,,,party,Graduated High-school,248595,1772207509515,1772207260920,female,true,English and French,699f865969ee6b4437d19366,69a1bc1829bfe9a9811a58d5,69a18850c4d395e0a69fcdc7,3667,1,trial
3415,bad,23,2,,,movie,Graduated College,219929,1772207582362,1772207362433,other,true,English,692f259b2388015ab0950f1a,69a1bcfc5d1f2e51a52db8ad,69a18850c4d395e0a69fcdc7,25020,5,trial
3415,bad,23,8,,,pizza,Graduated College,219929,1772207582362,1772207362433,other,true,English,692f259b2388015ab0950f1a,69a1bcfc5d1f2e51a52db8ad,69a18850c4d395e0a69fcdc7,8201,2,trial
3415,bad,23,3,,,coffee,Graduated College,219929,1772207582362,1772207362433,other,true,English,692f259b2388015ab0950f1a,69a1bcfc5d1f2e51a52db8ad,69a18850c4d395e0a69fcdc7,8697,4,trial
3415,terrible,23,2,,,pizza,Graduated College,219929,1772207582362,1772207362433,other,true,English,692f259b2388015ab0950f1a,69a1bcfc5d1f2e51a52db8ad,69a18850c4d395e0a69fcdc7,7722,3,trial
3415,okay,23,8,,,restaurant meal,Graduated College,219929,1772207582362,1772207362433,other,true,English,692f259b2388015ab0950f1a,69a1bcfc5d1f2e51a52db8ad,69a18850c4d395e0a69fcdc7,17057,3,trial
3415,terrible,23,7,,,concert,Graduated College,219929,1772207582362,1772207362433,other,true,English,692f259b2388015ab0950f1a,69a1bcfc5d1f2e51a52db8ad,69a18850c4d395e0a69fcdc7,6601,2,trial
3415,amazing,23,2,,,pizza,Graduated College,219929,1772207582362,1772207362433,other,true,English,692f259b2388015ab0950f1a,69a1bcfc5d1f2e51a52db8ad,69a18850c4d395e0a69fcdc7,5329,2,trial
3415,good,23,2,,,party,Graduated College,219929,1772207582362,1772207362433,other,true,English,692f259b2388015ab0950f1a,69a1bcfc5d1f2e51a52db8ad,69a18850c4d395e0a69fcdc7,4512,5,trial
3415,good,23,5,5,,coffee,Graduated College,219929,1772207582362,1772207362433,other,true,English,692f259b2388015ab0950f1a,69a1bcfc5d1f2e51a52db8ad,69a18850c4d395e0a69fcdc7,7993,3,attention
3415,amazing,23,1,,,party,Graduated College,219929,1772207582362,1772207362433,other,true,English,692f259b2388015ab0950f1a,69a1bcfc5d1f2e51a52db8ad,69a18850c4d395e0a69fcdc7,4409,1,trial
3415,amazing,23,8,,,party,Graduated College,219929,1772207582362,1772207362433,other,true,English,692f259b2388015ab0950f1a,69a1bcfc5d1f2e51a52db8ad,69a18850c4d395e0a69fcdc7,6376,4,trial
3415,amazing,23,9,,,concert,Graduated College,219929,1772207582362,1772207362433,other,true,English,692f259b2388015ab0950f1a,69a1bcfc5d1f2e51a52db8ad,69a18850c4d395e0a69fcdc7,4394,5,trial
3415,okay,23,2,,,movie,Graduated College,219929,1772207582362,1772207362433,other,true,English,692f259b2388015ab0950f1a,69a1bcfc5d1f2e51a52db8ad,69a18850c4d395e0a69fcdc7,3816,1,trial
3415,good,23,8,,,party,Graduated College,219929,1772207582362,1772207362433,other,true,English,692f259b2388015ab0950f1a,69a1bcfc5d1f2e51a52db8ad,69a18850c4d395e0a69fcdc7,6113,3,trial
3415,terrible,23,9,,,pizza,Graduated College,219929,1772207582362,1772207362433,other,true,English,692f259b2388015ab0950f1a,69a1bcfc5d1f2e51a52db8ad,69a18850c4d395e0a69fcdc7,3588,1,trial
3415,good,23,2,,,movie,Graduated College,219929,1772207582362,1772207362433,other,true,English,692f259b2388015ab0950f1a,69a1bcfc5d1f2e51a52db8ad,69a18850c4d395e0a69fcdc7,8009,2,trial
3415,okay,23,4,,,cookie,Graduated College,219929,1772207582362,1772207362433,other,true,English,692f259b2388015ab0950f1a,69a1bcfc5d1f2e51a52db8ad,69a18850c4d395e0a69fcdc7,4609,2,trial
3415,okay,23,2,2,,cookie,Graduated College,219929,1772207582362,1772207362433,other,true,English,692f259b2388015ab0950f1a,69a1bcfc5d1f2e51a52db8ad,69a18850c4d395e0a69fcdc7,3704,3,attention
3415,okay,23,3,,,pizza,Graduated College,219929,1772207582362,1772207362433,other,true,English,692f259b2388015ab0950f1a,69a1bcfc5d1f2e51a52db8ad,69a18850c4d395e0a69fcdc7,5145,4,trial
3415,bad,23,9,,,coffee,Graduated College,219929,1772207582362,1772207362433,other,true,English,692f259b2388015ab0950f1a,69a1bcfc5d1f2e51a52db8ad,69a18850c4d395e0a69fcdc7,3358,1,trial
3415,terrible,23,1,,,movie,Graduated College,219929,1772207582362,1772207362433,other,true,English,692f259b2388015ab0950f1a,69a1bcfc5d1f2e51a52db8ad,69a18850c4d395e0a69fcdc7,2883,5,trial
3415,amazing,23,3,,,cookie,Graduated College,219929,1772207582362,1772207362433,other,true,English,692f259b2388015ab0950f1a,69a1bcfc5d1f2e51a52db8ad,69a18850c4d395e0a69fcdc7,4631,3,trial
3415,good,23,7,,,cookie,Graduated College,219929,1772207582362,1772207362433,other,true,English,692f259b2388015ab0950f1a,69a1bcfc5d1f2e51a52db8ad,69a18850c4d395e0a69fcdc7,5674,4,trial
3415,terrible,23,1,,,restaurant meal,Graduated College,219929,1772207582362,1772207362433,other,true,English,692f259b2388015ab0950f1a,69a1bcfc5d1f2e51a52db8ad,69a18850c4d395e0a69fcdc7,8209,4,trial
3415,good,23,2,,,movie,Graduated College,219929,1772207582362,1772207362433,other,true,English,692f259b2388015ab0950f1a,69a1bcfc5d1f2e51a52db8ad,69a18850c4d395e0a69fcdc7,5325,1,trial
3415,bad,23,3,,,restaurant meal,Graduated College,219929,1772207582362,1772207362433,other,true,English,692f259b2388015ab0950f1a,69a1bcfc5d1f2e51a52db8ad,69a18850c4d395e0a69fcdc7,5369,3,trial
3415,okay,23,2,,,movie,Graduated College,219929,1772207582362,1772207362433,other,true,English,692f259b2388015ab0950f1a,69a1bcfc5d1f2e51a52db8ad,69a18850c4d395e0a69fcdc7,8009,5,trial
3410,amazing,34,9,,,movie,Higher degree,558981,1772207381107,1772206822126,female,true,English,5eab170759f5390b776df5a1,69a1bae0bceef25bc6c5cf52,69a18850c4d395e0a69fcdc7,4213,5,trial
3410,good,34,6,,,restaurant meal,Higher degree,558981,1772207381107,1772206822126,female,true,English,5eab170759f5390b776df5a1,69a1bae0bceef25bc6c5cf52,69a18850c4d395e0a69fcdc7,9701,3,trial
3410,bad,34,9,,,pizza,Higher degree,558981,1772207381107,1772206822126,female,true,English,5eab170759f5390b776df5a1,69a1bae0bceef25bc6c5cf52,69a18850c4d395e0a69fcdc7,3577,1,trial
3410,bad,34,1,,,concert,Higher degree,558981,1772207381107,1772206822126,female,true,English,5eab170759f5390b776df5a1,69a1bae0bceef25bc6c5cf52,69a18850c4d395e0a69fcdc7,3964,4,trial
3410,good,34,9,,,restaurant meal,Higher degree,558981,1772207381107,1772206822126,female,true,English,5eab170759f5390b776df5a1,69a1bae0bceef25bc6c5cf52,69a18850c4d395e0a69fcdc7,3894,4,trial
3410,terrible,34,9,,,restaurant meal,Higher degree,558981,1772207381107,1772206822126,female,true,English,5eab170759f5390b776df5a1,69a1bae0bceef25bc6c5cf52,69a18850c4d395e0a69fcdc7,3504,1,trial
3410,amazing,34,1,,,restaurant meal,Higher degree,558981,1772207381107,1772206822126,female,true,English,5eab170759f5390b776df5a1,69a1bae0bceef25bc6c5cf52,69a18850c4d395e0a69fcdc7,3974,2,trial
3410,okay,34,2,,,pizza,Higher degree,558981,1772207381107,1772206822126,female,true,English,5eab170759f5390b776df5a1,69a1bae0bceef25bc6c5cf52,69a18850c4d395e0a69fcdc7,6617,5,trial
3410,bad,34,1,1,,concert,Higher degree,558981,1772207381107,1772206822126,female,true,English,5eab170759f5390b776df5a1,69a1bae0bceef25bc6c5cf52,69a18850c4d395e0a69fcdc7,4839,1,attention
3410,okay,34,9,,,concert,Higher degree,558981,1772207381107,1772206822126,female,true,English,5eab170759f5390b776df5a1,69a1bae0bceef25bc6c5cf52,69a18850c4d395e0a69fcdc7,7069,3,trial
3410,terrible,34,1,,,movie,Higher degree,558981,1772207381107,1772206822126,female,true,English,5eab170759f5390b776df5a1,69a1bae0bceef25bc6c5cf52,69a18850c4d395e0a69fcdc7,4067,5,trial
3410,okay,34,1,,,concert,Higher degree,558981,1772207381107,1772206822126,female,true,English,5eab170759f5390b776df5a1,69a1bae0bceef25bc6c5cf52,69a18850c4d395e0a69fcdc7,4623,1,trial
3410,amazing,34,1,,,party,Higher degree,558981,1772207381107,1772206822126,female,true,English,5eab170759f5390b776df5a1,69a1bae0bceef25bc6c5cf52,69a18850c4d395e0a69fcdc7,2936,1,trial
3410,bad,34,1,,,coffee,Higher degree,558981,1772207381107,1772206822126,female,true,English,5eab170759f5390b776df5a1,69a1bae0bceef25bc6c5cf52,69a18850c4d395e0a69fcdc7,2561,5,trial
3410,good,34,7,,,movie,Higher degree,558981,1772207381107,1772206822126,female,true,English,5eab170759f5390b776df5a1,69a1bae0bceef25bc6c5cf52,69a18850c4d395e0a69fcdc7,3244,5,trial
3410,amazing,34,1,,,movie,Higher degree,558981,1772207381107,1772206822126,female,true,English,5eab170759f5390b776df5a1,69a1bae0bceef25bc6c5cf52,69a18850c4d395e0a69fcdc7,3528,3,trial
3410,okay,34,4,,,pizza,Higher degree,558981,1772207381107,1772206822126,female,true,English,5eab170759f5390b776df5a1,69a1bae0bceef25bc6c5cf52,69a18850c4d395e0a69fcdc7,5101,2,trial
3410,bad,34,2,2,,party,Higher degree,558981,1772207381107,1772206822126,female,true,English,5eab170759f5390b776df5a1,69a1bae0bceef25bc6c5cf52,69a18850c4d395e0a69fcdc7,3647,2,attention
3410,bad,34,1,,,coffee,Higher degree,558981,1772207381107,1772206822126,female,true,English,5eab170759f5390b776df5a1,69a1bae0bceef25bc6c5cf52,69a18850c4d395e0a69fcdc7,7618,3,trial
3410,good,34,1,,,party,Higher degree,558981,1772207381107,1772206822126,female,true,English,5eab170759f5390b776df5a1,69a1bae0bceef25bc6c5cf52,69a18850c4d395e0a69fcdc7,3392,2,trial
3410,bad,34,5,,,pizza,Higher degree,558981,1772207381107,1772206822126,female,true,English,5eab170759f5390b776df5a1,69a1bae0bceef25bc6c5cf52,69a18850c4d395e0a69fcdc7,5088,2,trial
3410,terrible,34,1,,,pizza,Higher degree,558981,1772207381107,1772206822126,female,true,English,5eab170759f5390b776df5a1,69a1bae0bceef25bc6c5cf52,69a18850c4d395e0a69fcdc7,2865,3,trial
3410,okay,34,3,,,cookie,Higher degree,558981,1772207381107,1772206822126,female,true,English,5eab170759f5390b776df5a1,69a1bae0bceef25bc6c5cf52,69a18850c4d395e0a69fcdc7,4345,4,trial
3410,terrible,34,5,,,party,Higher degree,558981,1772207381107,1772206822126,female,true,English,5eab170759f5390b776df5a1,69a1bae0bceef25bc6c5cf52,69a18850c4d395e0a69fcdc7,3407,2,trial
3410,terrible,34,1,,,movie,Higher degree,558981,1772207381107,1772206822126,female,true,English,5eab170759f5390b776df5a1,69a1bae0bceef25bc6c5cf52,69a18850c4d395e0a69fcdc7,2926,4,trial
3410,amazing,34,6,,,pizza,Higher degree,558981,1772207381107,1772206822126,female,true,English,5eab170759f5390b776df5a1,69a1bae0bceef25bc6c5cf52,69a18850c4d395e0a69fcdc7,2803,4,trial
3410,good,34,1,,,restaurant meal,Higher degree,558981,1772207381107,1772206822126,female,true,English,5eab170759f5390b776df5a1,69a1bae0bceef25bc6c5cf52,69a18850c4d395e0a69fcdc7,2589,1,trial
3409,terrible,22,1,,N/A,pizza,Graduated High-school,143327,1772207284129,1772207140802,female,true,"English, Spanish",699f5d8bc53b9474a7ec7375,69a1bc1d62f8c75d23abd313,69a18850c4d395e0a69fcdc7,9171,5,trial
3409,bad,22,8,,N/A,pizza,Graduated High-school,143327,1772207284129,1772207140802,female,true,"English, Spanish",699f5d8bc53b9474a7ec7375,69a1bc1d62f8c75d23abd313,69a18850c4d395e0a69fcdc7,5651,1,trial
3409,good,22,2,,N/A,pizza,Graduated High-school,143327,1772207284129,1772207140802,female,true,"English, Spanish",699f5d8bc53b9474a7ec7375,69a1bc1d62f8c75d23abd313,69a18850c4d395e0a69fcdc7,5149,2,trial
3409,good,22,1,,N/A,restaurant meal,Graduated High-school,143327,1772207284129,1772207140802,female,true,"English, Spanish",699f5d8bc53b9474a7ec7375,69a1bc1d62f8c75d23abd313,69a18850c4d395e0a69fcdc7,4970,1,trial
3409,okay,22,9,,N/A,movie,Graduated High-school,143327,1772207284129,1772207140802,female,true,"English, Spanish",699f5d8bc53b9474a7ec7375,69a1bc1d62f8c75d23abd313,69a18850c4d395e0a69fcdc7,4181,3,trial
3409,amazing,22,3,,N/A,concert,Graduated High-school,143327,1772207284129,1772207140802,female,true,"English, Spanish",699f5d8bc53b9474a7ec7375,69a1bc1d62f8c75d23abd313,69a18850c4d395e0a69fcdc7,5425,2,trial
3409,terrible,22,2,,N/A,pizza,Graduated High-school,143327,1772207284129,1772207140802,female,true,"English, Spanish",699f5d8bc53b9474a7ec7375,69a1bc1d62f8c75d23abd313,69a18850c4d395e0a69fcdc7,4361,3,trial
3409,amazing,22,8,,N/A,party,Graduated High-school,143327,1772207284129,1772207140802,female,true,"English, Spanish",699f5d8bc53b9474a7ec7375,69a1bc1d62f8c75d23abd313,69a18850c4d395e0a69fcdc7,4101,4,trial
3409,terrible,22,4,4,N/A,movie,Graduated High-school,143327,1772207284129,1772207140802,female,true,"English, Spanish",699f5d8bc53b9474a7ec7375,69a1bc1d62f8c75d23abd313,69a18850c4d395e0a69fcdc7,6165,3,attention
3409,bad,22,9,,N/A,pizza,Graduated High-school,143327,1772207284129,1772207140802,female,true,"English, Spanish",699f5d8bc53b9474a7ec7375,69a1bc1d62f8c75d23abd313,69a18850c4d395e0a69fcdc7,4060,2,trial
3409,terrible,22,1,,N/A,pizza,Graduated High-school,143327,1772207284129,1772207140802,female,true,"English, Spanish",699f5d8bc53b9474a7ec7375,69a1bc1d62f8c75d23abd313,69a18850c4d395e0a69fcdc7,4936,4,trial
3409,bad,22,1,,N/A,coffee,Graduated High-school,143327,1772207284129,1772207140802,female,true,"English, Spanish",699f5d8bc53b9474a7ec7375,69a1bc1d62f8c75d23abd313,69a18850c4d395e0a69fcdc7,4312,4,trial
3409,terrible,22,8,,N/A,movie,Graduated High-school,143327,1772207284129,1772207140802,female,true,"English, Spanish",699f5d8bc53b9474a7ec7375,69a1bc1d62f8c75d23abd313,69a18850c4d395e0a69fcdc7,2623,2,trial
3409,good,22,9,,N/A,concert,Graduated High-school,143327,1772207284129,1772207140802,female,true,"English, Spanish",699f5d8bc53b9474a7ec7375,69a1bc1d62f8c75d23abd313,69a18850c4d395e0a69fcdc7,2022,4,trial
3409,okay,22,3,,N/A,movie,Graduated High-school,143327,1772207284129,1772207140802,female,true,"English, Spanish",699f5d8bc53b9474a7ec7375,69a1bc1d62f8c75d23abd313,69a18850c4d395e0a69fcdc7,3273,4,trial
3409,bad,22,5,,N/A,pizza,Graduated High-school,143327,1772207284129,1772207140802,female,true,"English, Spanish",699f5d8bc53b9474a7ec7375,69a1bc1d62f8c75d23abd313,69a18850c4d395e0a69fcdc7,3493,3,trial
3409,okay,22,4,,N/A,movie,Graduated High-school,143327,1772207284129,1772207140802,female,true,"English, Spanish",699f5d8bc53b9474a7ec7375,69a1bc1d62f8c75d23abd313,69a18850c4d395e0a69fcdc7,4890,2,trial
3409,bad,22,1,1,N/A,party,Graduated High-school,143327,1772207284129,1772207140802,female,true,"English, Spanish",699f5d8bc53b9474a7ec7375,69a1bc1d62f8c75d23abd313,69a18850c4d395e0a69fcdc7,2394,1,attention
3409,terrible,22,9,,N/A,pizza,Graduated High-school,143327,1772207284129,1772207140802,female,true,"English, Spanish",699f5d8bc53b9474a7ec7375,69a1bc1d62f8c75d23abd313,69a18850c4d395e0a69fcdc7,2414,1,trial
3409,good,22,7,,N/A,concert,Graduated High-school,143327,1772207284129,1772207140802,female,true,"English, Spanish",699f5d8bc53b9474a7ec7375,69a1bc1d62f8c75d23abd313,69a18850c4d395e0a69fcdc7,3758,3,trial
3409,amazing,22,3,,N/A,concert,Graduated High-school,143327,1772207284129,1772207140802,female,true,"English, Spanish",699f5d8bc53b9474a7ec7375,69a1bc1d62f8c75d23abd313,69a18850c4d395e0a69fcdc7,11632,3,trial
3409,okay,22,1,,N/A,pizza,Graduated High-school,143327,1772207284129,1772207140802,female,true,"English, Spanish",699f5d8bc53b9474a7ec7375,69a1bc1d62f8c75d23abd313,69a18850c4d395e0a69fcdc7,3976,1,trial
3409,good,22,4,,N/A,party,Graduated High-school,143327,1772207284129,1772207140802,female,true,"English, Spanish",699f5d8bc53b9474a7ec7375,69a1bc1d62f8c75d23abd313,69a18850c4d395e0a69fcdc7,4545,5,trial
3409,amazing,22,9,,N/A,concert,Graduated High-school,143327,1772207284129,1772207140802,female,true,"English, Spanish",699f5d8bc53b9474a7ec7375,69a1bc1d62f8c75d23abd313,69a18850c4d395e0a69fcdc7,2337,5,trial
3409,bad,22,1,,N/A,restaurant meal,Graduated High-school,143327,1772207284129,1772207140802,female,true,"English, Spanish",699f5d8bc53b9474a7ec7375,69a1bc1d62f8c75d23abd313,69a18850c4d395e0a69fcdc7,2064,5,trial
3409,okay,22,2,,N/A,pizza,Graduated High-school,143327,1772207284129,1772207140802,female,true,"English, Spanish",699f5d8bc53b9474a7ec7375,69a1bc1d62f8c75d23abd313,69a18850c4d395e0a69fcdc7,2062,5,trial
3409,amazing,22,1,,N/A,movie,Graduated High-school,143327,1772207284129,1772207140802,female,true,"English, Spanish",699f5d8bc53b9474a7ec7375,69a1bc1d62f8c75d23abd313,69a18850c4d395e0a69fcdc7,3718,1,trial
3417,terrible,21,7,,,cookie,Graduated College,104483,1772207646778,1772207542295,male,true,English,63d3ff7455fe68b811ef6b57,69a1bdaf3a9147f62b7c0ac5,69a18850c4d395e0a69fcdc7,5679,2,trial
3417,okay,21,2,,,restaurant meal,Graduated College,104483,1772207646778,1772207542295,male,true,English,63d3ff7455fe68b811ef6b57,69a1bdaf3a9147f62b7c0ac5,69a18850c4d395e0a69fcdc7,3544,2,trial
3417,good,21,8,,,pizza,Graduated College,104483,1772207646778,1772207542295,male,true,English,63d3ff7455fe68b811ef6b57,69a1bdaf3a9147f62b7c0ac5,69a18850c4d395e0a69fcdc7,2536,4,trial
3417,amazing,21,6,,,coffee,Graduated College,104483,1772207646778,1772207542295,male,true,English,63d3ff7455fe68b811ef6b57,69a1bdaf3a9147f62b7c0ac5,69a18850c4d395e0a69fcdc7,3329,4,trial
3417,good,21,1,,,movie,Graduated College,104483,1772207646778,1772207542295,male,true,English,63d3ff7455fe68b811ef6b57,69a1bdaf3a9147f62b7c0ac5,69a18850c4d395e0a69fcdc7,3408,1,trial
3417,bad,21,1,,,movie,Graduated College,104483,1772207646778,1772207542295,male,true,English,63d3ff7455fe68b811ef6b57,69a1bdaf3a9147f62b7c0ac5,69a18850c4d395e0a69fcdc7,3296,4,trial
3417,okay,21,3,,,pizza,Graduated College,104483,1772207646778,1772207542295,male,true,English,63d3ff7455fe68b811ef6b57,69a1bdaf3a9147f62b7c0ac5,69a18850c4d395e0a69fcdc7,2432,1,trial
3417,amazing,21,9,,,party,Graduated College,104483,1772207646778,1772207542295,male,true,English,63d3ff7455fe68b811ef6b57,69a1bdaf3a9147f62b7c0ac5,69a18850c4d395e0a69fcdc7,3016,5,trial
3417,bad,21,2,2,,cookie,Graduated College,104483,1772207646778,1772207542295,male,true,English,63d3ff7455fe68b811ef6b57,69a1bdaf3a9147f62b7c0ac5,69a18850c4d395e0a69fcdc7,4280,3,attention
3417,terrible,21,1,,,coffee,Graduated College,104483,1772207646778,1772207542295,male,true,English,63d3ff7455fe68b811ef6b57,69a1bdaf3a9147f62b7c0ac5,69a18850c4d395e0a69fcdc7,3680,4,trial
3417,okay,21,8,,,cookie,Graduated College,104483,1772207646778,1772207542295,male,true,English,63d3ff7455fe68b811ef6b57,69a1bdaf3a9147f62b7c0ac5,69a18850c4d395e0a69fcdc7,3096,3,trial
3417,okay,21,2,,,concert,Graduated College,104483,1772207646778,1772207542295,male,true,English,63d3ff7455fe68b811ef6b57,69a1bdaf3a9147f62b7c0ac5,69a18850c4d395e0a69fcdc7,2272,4,trial
3417,amazing,21,2,,,pizza,Graduated College,104483,1772207646778,1772207542295,male,true,English,63d3ff7455fe68b811ef6b57,69a1bdaf3a9147f62b7c0ac5,69a18850c4d395e0a69fcdc7,3152,3,trial
3417,bad,21,9,,,coffee,Graduated College,104483,1772207646778,1772207542295,male,true,English,63d3ff7455fe68b811ef6b57,69a1bdaf3a9147f62b7c0ac5,69a18850c4d395e0a69fcdc7,2216,1,trial
3417,bad,21,2,,,cookie,Graduated College,104483,1772207646778,1772207542295,male,true,English,63d3ff7455fe68b811ef6b57,69a1bdaf3a9147f62b7c0ac5,69a18850c4d395e0a69fcdc7,2400,3,trial
3417,terrible,21,9,,,pizza,Graduated College,104483,1772207646778,1772207542295,male,true,English,63d3ff7455fe68b811ef6b57,69a1bdaf3a9147f62b7c0ac5,69a18850c4d395e0a69fcdc7,2104,1,trial
3417,good,21,3,,,cookie,Graduated College,104483,1772207646778,1772207542295,male,true,English,63d3ff7455fe68b811ef6b57,69a1bdaf3a9147f62b7c0ac5,69a18850c4d395e0a69fcdc7,2832,3,trial
3417,good,21,4,4,,cookie,Graduated College,104483,1772207646778,1772207542295,male,true,English,63d3ff7455fe68b811ef6b57,69a1bdaf3a9147f62b7c0ac5,69a18850c4d395e0a69fcdc7,4448,2,attention
3417,amazing,21,1,,,coffee,Graduated College,104483,1772207646778,1772207542295,male,true,English,63d3ff7455fe68b811ef6b57,69a1bdaf3a9147f62b7c0ac5,69a18850c4d395e0a69fcdc7,3000,2,trial
3417,bad,21,7,,,movie,Graduated College,104483,1772207646778,1772207542295,male,true,English,63d3ff7455fe68b811ef6b57,69a1bdaf3a9147f62b7c0ac5,69a18850c4d395e0a69fcdc7,2128,2,trial
3417,bad,21,1,,,movie,Graduated College,104483,1772207646778,1772207542295,male,true,English,63d3ff7455fe68b811ef6b57,69a1bdaf3a9147f62b7c0ac5,69a18850c4d395e0a69fcdc7,2336,5,trial
3417,okay,21,2,,,pizza,Graduated College,104483,1772207646778,1772207542295,male,true,English,63d3ff7455fe68b811ef6b57,69a1bdaf3a9147f62b7c0ac5,69a18850c4d395e0a69fcdc7,2104,5,trial
3417,good,21,6,,,restaurant meal,Graduated College,104483,1772207646778,1772207542295,male,true,English,63d3ff7455fe68b811ef6b57,69a1bdaf3a9147f62b7c0ac5,69a18850c4d395e0a69fcdc7,2064,5,trial
3417,good,21,1,,,restaurant meal,Graduated College,104483,1772207646778,1772207542295,male,true,English,63d3ff7455fe68b811ef6b57,69a1bdaf3a9147f62b7c0ac5,69a18850c4d395e0a69fcdc7,1927,2,trial
3417,amazing,21,1,,,movie,Graduated College,104483,1772207646778,1772207542295,male,true,English,63d3ff7455fe68b811ef6b57,69a1bdaf3a9147f62b7c0ac5,69a18850c4d395e0a69fcdc7,1945,1,trial
3417,terrible,21,1,,,restaurant meal,Graduated College,104483,1772207646778,1772207542295,male,true,English,63d3ff7455fe68b811ef6b57,69a1bdaf3a9147f62b7c0ac5,69a18850c4d395e0a69fcdc7,2071,5,trial
3417,terrible,21,2,,,pizza,Graduated College,104483,1772207646778,1772207542295,male,true,English,63d3ff7455fe68b811ef6b57,69a1bdaf3a9147f62b7c0ac5,69a18850c4d395e0a69fcdc7,2888,3,trial
3426,good,41,9,,,movie,Graduated High-school,405821,1772217162469,1772216756648,female,true,English,5ff7320620d7133805a3cac7,69a1e1a954736e2d7a7d95c2,69a18850c4d395e0a69fcdc7,20909,5,trial
3426,terrible,41,9,,,restaurant meal,Graduated High-school,405821,1772217162469,1772216756648,female,true,English,5ff7320620d7133805a3cac7,69a1e1a954736e2d7a7d95c2,69a18850c4d395e0a69fcdc7,19164,1,trial
3426,amazing,41,1,,,cookie,Graduated High-school,405821,1772217162469,1772216756648,female,true,English,5ff7320620d7133805a3cac7,69a1e1a954736e2d7a7d95c2,69a18850c4d395e0a69fcdc7,24833,1,trial
3426,amazing,41,1,,,cookie,Graduated High-school,405821,1772217162469,1772216756648,female,true,English,5ff7320620d7133805a3cac7,69a1e1a954736e2d7a7d95c2,69a18850c4d395e0a69fcdc7,20007,2,trial
3426,terrible,41,6,,,movie,Graduated High-school,405821,1772217162469,1772216756648,female,true,English,5ff7320620d7133805a3cac7,69a1e1a954736e2d7a7d95c2,69a18850c4d395e0a69fcdc7,8021,2,trial
3426,terrible,41,1,,,restaurant meal,Graduated High-school,405821,1772217162469,1772216756648,female,true,English,5ff7320620d7133805a3cac7,69a1e1a954736e2d7a7d95c2,69a18850c4d395e0a69fcdc7,9509,3,trial
3426,bad,41,1,,,party,Graduated High-school,405821,1772217162469,1772216756648,female,true,English,5ff7320620d7133805a3cac7,69a1e1a954736e2d7a7d95c2,69a18850c4d395e0a69fcdc7,12555,4,trial
3426,okay,41,4,,,movie,Graduated High-school,405821,1772217162469,1772216756648,female,true,English,5ff7320620d7133805a3cac7,69a1e1a954736e2d7a7d95c2,69a18850c4d395e0a69fcdc7,30902,2,trial
3426,amazing,41,4,4,,movie,Graduated High-school,405821,1772217162469,1772216756648,female,true,English,5ff7320620d7133805a3cac7,69a1e1a954736e2d7a7d95c2,69a18850c4d395e0a69fcdc7,12488,5,attention
3426,bad,41,8,,,pizza,Graduated High-school,405821,1772217162469,1772216756648,female,true,English,5ff7320620d7133805a3cac7,69a1e1a954736e2d7a7d95c2,69a18850c4d395e0a69fcdc7,15428,2,trial
3426,bad,41,1,,,restaurant meal,Graduated High-school,405821,1772217162469,1772216756648,female,true,English,5ff7320620d7133805a3cac7,69a1e1a954736e2d7a7d95c2,69a18850c4d395e0a69fcdc7,8453,5,trial
3426,okay,41,2,,,party,Graduated High-school,405821,1772217162469,1772216756648,female,true,English,5ff7320620d7133805a3cac7,69a1e1a954736e2d7a7d95c2,69a18850c4d395e0a69fcdc7,9427,5,trial
3426,amazing,41,9,,,party,Graduated High-school,405821,1772217162469,1772216756648,female,true,English,5ff7320620d7133805a3cac7,69a1e1a954736e2d7a7d95c2,69a18850c4d395e0a69fcdc7,11106,5,trial
3426,okay,41,1,,,cookie,Graduated High-school,405821,1772217162469,1772216756648,female,true,English,5ff7320620d7133805a3cac7,69a1e1a954736e2d7a7d95c2,69a18850c4d395e0a69fcdc7,4709,1,trial
3426,amazing,41,6,,,restaurant meal,Graduated High-school,405821,1772217162469,1772216756648,female,true,English,5ff7320620d7133805a3cac7,69a1e1a954736e2d7a7d95c2,69a18850c4d395e0a69fcdc7,28237,4,trial
3426,good,41,3,,,restaurant meal,Graduated High-school,405821,1772217162469,1772216756648,female,true,English,5ff7320620d7133805a3cac7,69a1e1a954736e2d7a7d95c2,69a18850c4d395e0a69fcdc7,6442,2,trial
3426,amazing,41,1,,,cookie,Graduated High-school,405821,1772217162469,1772216756648,female,true,English,5ff7320620d7133805a3cac7,69a1e1a954736e2d7a7d95c2,69a18850c4d395e0a69fcdc7,5545,3,trial
3426,bad,41,4,4,,coffee,Graduated High-school,405821,1772217162469,1772216756648,female,true,English,5ff7320620d7133805a3cac7,69a1e1a954736e2d7a7d95c2,69a18850c4d395e0a69fcdc7,6718,2,attention
3426,good,41,9,,,movie,Graduated High-school,405821,1772217162469,1772216756648,female,true,English,5ff7320620d7133805a3cac7,69a1e1a954736e2d7a7d95c2,69a18850c4d395e0a69fcdc7,7391,3,trial
3426,terrible,41,1,,,concert,Graduated High-school,405821,1772217162469,1772216756648,female,true,English,5ff7320620d7133805a3cac7,69a1e1a954736e2d7a7d95c2,69a18850c4d395e0a69fcdc7,6321,4,trial
3426,okay,41,3,,,concert,Graduated High-school,405821,1772217162469,1772216756648,female,true,English,5ff7320620d7133805a3cac7,69a1e1a954736e2d7a7d95c2,69a18850c4d395e0a69fcdc7,9644,4,trial
3426,bad,41,2,,,party,Graduated High-school,405821,1772217162469,1772216756648,female,true,English,5ff7320620d7133805a3cac7,69a1e1a954736e2d7a7d95c2,69a18850c4d395e0a69fcdc7,4965,3,trial
3426,bad,41,9,,,restaurant meal,Graduated High-school,405821,1772217162469,1772216756648,female,true,English,5ff7320620d7133805a3cac7,69a1e1a954736e2d7a7d95c2,69a18850c4d395e0a69fcdc7,7110,1,trial
3426,okay,41,8,,,cookie,Graduated High-school,405821,1772217162469,1772216756648,female,true,English,5ff7320620d7133805a3cac7,69a1e1a954736e2d7a7d95c2,69a18850c4d395e0a69fcdc7,12181,3,trial
3426,good,41,1,,,pizza,Graduated High-school,405821,1772217162469,1772216756648,female,true,English,5ff7320620d7133805a3cac7,69a1e1a954736e2d7a7d95c2,69a18850c4d395e0a69fcdc7,3709,1,trial
3426,good,41,8,,,movie,Graduated High-school,405821,1772217162469,1772216756648,female,true,English,5ff7320620d7133805a3cac7,69a1e1a954736e2d7a7d95c2,69a18850c4d395e0a69fcdc7,10361,4,trial
3426,terrible,41,1,,,pizza,Graduated High-school,405821,1772217162469,1772216756648,female,true,English,5ff7320620d7133805a3cac7,69a1e1a954736e2d7a7d95c2,69a18850c4d395e0a69fcdc7,4739,5,trial
