submission_id,age,arousal,attentionCheckA,attentionCheckV,comments,country,emoji,emojiUsage,experiment_duration,experiment_end_time,experiment_start_time,gender,isPassedAttention,proficiency,prolific_pid,prolific_session_id,prolific_study_id,responseTime,trialType,valence
3242,44,9,0,0,,United Kingdom,relaxed,7,65403,1772205442070,1772205376667,male,true,7,5bb775b0f1f9ba000140e7b3,69a1b4fc3faf72b1b6c39776,69a1b278a2342e6c08876bcf,3824,trial,9
3242,44,1,0,0,,United Kingdom,pensive,7,65403,1772205442070,1772205376667,male,true,7,5bb775b0f1f9ba000140e7b3,69a1b4fc3faf72b1b6c39776,69a1b278a2342e6c08876bcf,2528,trial,1
3242,44,8,0,0,,United Kingdom,laughing,7,65403,1772205442070,1772205376667,male,true,7,5bb775b0f1f9ba000140e7b3,69a1b4fc3faf72b1b6c39776,69a1b278a2342e6c08876bcf,2744,trial,8
3242,44,2,0,0,,United Kingdom,slightly_frowning_face,7,65403,1772205442070,1772205376667,male,true,7,5bb775b0f1f9ba000140e7b3,69a1b4fc3faf72b1b6c39776,69a1b278a2342e6c08876bcf,4120,trial,2
3242,44,2,2,3,,United Kingdom,arrow_up,7,65403,1772205442070,1772205376667,male,true,7,5bb775b0f1f9ba000140e7b3,69a1b4fc3faf72b1b6c39776,69a1b278a2342e6c08876bcf,5704,attention,3
3242,44,9,0,0,,United Kingdom,grinning,7,65403,1772205442070,1772205376667,male,true,7,5bb775b0f1f9ba000140e7b3,69a1b4fc3faf72b1b6c39776,69a1b278a2342e6c08876bcf,3232,trial,9
3242,44,5,0,0,,United Kingdom,neutral_face,7,65403,1772205442070,1772205376667,male,true,7,5bb775b0f1f9ba000140e7b3,69a1b4fc3faf72b1b6c39776,69a1b278a2342e6c08876bcf,2439,trial,5
3242,44,9,0,0,,United Kingdom,smile,7,65403,1772205442070,1772205376667,male,true,7,5bb775b0f1f9ba000140e7b3,69a1b4fc3faf72b1b6c39776,69a1b278a2342e6c08876bcf,2824,trial,9
3242,44,2,0,0,,United Kingdom,weary,7,65403,1772205442070,1772205376667,male,true,7,5bb775b0f1f9ba000140e7b3,69a1b4fc3faf72b1b6c39776,69a1b278a2342e6c08876bcf,2952,trial,2
3242,44,3,3,5,,United Kingdom,arrow_up,7,65403,1772205442070,1772205376667,male,true,7,5bb775b0f1f9ba000140e7b3,69a1b4fc3faf72b1b6c39776,69a1b278a2342e6c08876bcf,5744,attention,5
3242,44,1,0,0,,United Kingdom,white_frowning_face,7,65403,1772205442070,1772205376667,male,true,7,5bb775b0f1f9ba000140e7b3,69a1b4fc3faf72b1b6c39776,69a1b278a2342e6c08876bcf,2808,trial,1
3242,44,8,0,0,,United Kingdom,slightly_smiling_face,7,65403,1772205442070,1772205376667,male,true,7,5bb775b0f1f9ba000140e7b3,69a1b4fc3faf72b1b6c39776,69a1b278a2342e6c08876bcf,2953,trial,8
3242,44,8,0,0,,United Kingdom,kissing,7,65403,1772205442070,1772205376667,male,true,7,5bb775b0f1f9ba000140e7b3,69a1b4fc3faf72b1b6c39776,69a1b278a2342e6c08876bcf,2799,trial,8
3242,44,1,0,0,,United Kingdom,angry,7,65403,1772205442070,1772205376667,male,true,7,5bb775b0f1f9ba000140e7b3,69a1b4fc3faf72b1b6c39776,69a1b278a2342e6c08876bcf,3040,trial,1
3243,28,4,0,0,,South Africa,slightly_frowning_face,6,126632,1772205442378,1772205315746,male,true,6,603e1fe6849f5c63a9997cf5,69a1b4fe3faf72b1b6c39778,69a1b278a2342e6c08876bcf,9973,trial,4
3243,28,5,0,0,,South Africa,weary,6,126632,1772205442378,1772205315746,male,true,6,603e1fe6849f5c63a9997cf5,69a1b4fe3faf72b1b6c39778,69a1b278a2342e6c08876bcf,5119,trial,6
3243,28,6,0,0,,South Africa,kissing,6,126632,1772205442378,1772205315746,male,true,6,603e1fe6849f5c63a9997cf5,69a1b4fe3faf72b1b6c39778,69a1b278a2342e6c08876bcf,6913,trial,6
3243,28,4,0,0,,South Africa,white_frowning_face,6,126632,1772205442378,1772205315746,male,true,6,603e1fe6849f5c63a9997cf5,69a1b4fe3faf72b1b6c39778,69a1b278a2342e6c08876bcf,4202,trial,3
3243,28,2,2,1,,South Africa,arrow_up,6,126632,1772205442378,1772205315746,male,true,6,603e1fe6849f5c63a9997cf5,69a1b4fe3faf72b1b6c39778,69a1b278a2342e6c08876bcf,8409,attention,1
3243,28,5,0,0,,South Africa,neutral_face,6,126632,1772205442378,1772205315746,male,true,6,603e1fe6849f5c63a9997cf5,69a1b4fe3faf72b1b6c39778,69a1b278a2342e6c08876bcf,4200,trial,5
3243,28,8,0,0,,South Africa,grinning,6,126632,1772205442378,1772205315746,male,true,6,603e1fe6849f5c63a9997cf5,69a1b4fe3faf72b1b6c39778,69a1b278a2342e6c08876bcf,7795,trial,8
3243,28,6,0,0,,South Africa,pensive,6,126632,1772205442378,1772205315746,male,true,6,603e1fe6849f5c63a9997cf5,69a1b4fe3faf72b1b6c39778,69a1b278a2342e6c08876bcf,4584,trial,4
3243,28,9,0,0,,South Africa,smile,6,126632,1772205442378,1772205315746,male,true,6,603e1fe6849f5c63a9997cf5,69a1b4fe3faf72b1b6c39778,69a1b278a2342e6c08876bcf,3567,trial,9
3243,28,1,1,5,,South Africa,arrow_up,6,126632,1772205442378,1772205315746,male,true,6,603e1fe6849f5c63a9997cf5,69a1b4fe3faf72b1b6c39778,69a1b278a2342e6c08876bcf,5452,attention,5
3243,28,7,0,0,,South Africa,angry,6,126632,1772205442378,1772205315746,male,true,6,603e1fe6849f5c63a9997cf5,69a1b4fe3faf72b1b6c39778,69a1b278a2342e6c08876bcf,5937,trial,2
3243,28,7,0,0,,South Africa,relaxed,6,126632,1772205442378,1772205315746,male,true,6,603e1fe6849f5c63a9997cf5,69a1b4fe3faf72b1b6c39778,69a1b278a2342e6c08876bcf,3640,trial,7
3243,28,9,0,0,,South Africa,laughing,6,126632,1772205442378,1772205315746,male,true,6,603e1fe6849f5c63a9997cf5,69a1b4fe3faf72b1b6c39778,69a1b278a2342e6c08876bcf,3477,trial,9
3243,28,5,0,0,,South Africa,slightly_smiling_face,6,126632,1772205442378,1772205315746,male,true,6,603e1fe6849f5c63a9997cf5,69a1b4fe3faf72b1b6c39778,69a1b278a2342e6c08876bcf,3423,trial,6
3244,22,4,0,0,,United States of America,neutral_face,7,121719,1772205444225,1772205322506,female,true,7,60fcc7651cb27f1770cc7ad2,69a1b503449cb9022da309e7,69a1b278a2342e6c08876bcf,13517,trial,3
3244,22,2,0,0,,United States of America,slightly_smiling_face,7,121719,1772205444225,1772205322506,female,true,7,60fcc7651cb27f1770cc7ad2,69a1b503449cb9022da309e7,69a1b278a2342e6c08876bcf,6715,trial,7
3244,22,8,0,0,,United States of America,relaxed,7,121719,1772205444225,1772205322506,female,true,7,60fcc7651cb27f1770cc7ad2,69a1b503449cb9022da309e7,69a1b278a2342e6c08876bcf,8117,trial,9
3244,22,2,0,0,,United States of America,pensive,7,121719,1772205444225,1772205322506,female,true,7,60fcc7651cb27f1770cc7ad2,69a1b503449cb9022da309e7,69a1b278a2342e6c08876bcf,5734,trial,1
3244,22,3,3,1,,United States of America,arrow_up,7,121719,1772205444225,1772205322506,female,true,7,60fcc7651cb27f1770cc7ad2,69a1b503449cb9022da309e7,69a1b278a2342e6c08876bcf,8749,attention,1
3244,22,8,0,0,,United States of America,smile,7,121719,1772205444225,1772205322506,female,true,7,60fcc7651cb27f1770cc7ad2,69a1b503449cb9022da309e7,69a1b278a2342e6c08876bcf,5534,trial,9
3244,22,8,0,0,,United States of America,weary,7,121719,1772205444225,1772205322506,female,true,7,60fcc7651cb27f1770cc7ad2,69a1b503449cb9022da309e7,69a1b278a2342e6c08876bcf,9301,trial,1
3244,22,7,0,0,,United States of America,kissing,7,121719,1772205444225,1772205322506,female,true,7,60fcc7651cb27f1770cc7ad2,69a1b503449cb9022da309e7,69a1b278a2342e6c08876bcf,4366,trial,7
3244,22,2,0,0,,United States of America,slightly_frowning_face,7,121719,1772205444225,1772205322506,female,true,7,60fcc7651cb27f1770cc7ad2,69a1b503449cb9022da309e7,69a1b278a2342e6c08876bcf,5500,trial,2
3244,22,3,3,3,,United States of America,arrow_up,7,121719,1772205444225,1772205322506,female,true,7,60fcc7651cb27f1770cc7ad2,69a1b503449cb9022da309e7,69a1b278a2342e6c08876bcf,4466,attention,3
3244,22,1,0,0,,United States of America,white_frowning_face,7,121719,1772205444225,1772205322506,female,true,7,60fcc7651cb27f1770cc7ad2,69a1b503449cb9022da309e7,69a1b278a2342e6c08876bcf,6083,trial,1
3244,22,9,0,0,,United States of America,laughing,7,121719,1772205444225,1772205322506,female,true,7,60fcc7651cb27f1770cc7ad2,69a1b503449cb9022da309e7,69a1b278a2342e6c08876bcf,3434,trial,9
3244,22,8,0,0,,United States of America,angry,7,121719,1772205444225,1772205322506,female,true,7,60fcc7651cb27f1770cc7ad2,69a1b503449cb9022da309e7,69a1b278a2342e6c08876bcf,9316,trial,1
3244,22,8,0,0,,United States of America,grinning,7,121719,1772205444225,1772205322506,female,true,7,60fcc7651cb27f1770cc7ad2,69a1b503449cb9022da309e7,69a1b278a2342e6c08876bcf,3316,trial,8
3247,32,5,0,0,,United Kingdom,white_frowning_face,5,138595,1772205455371,1772205316776,female,true,7,5fc6301ce9b9d3035a703cfe,69a1b4fd331f45a78e538d11,69a1b278a2342e6c08876bcf,13520,trial,3
3247,32,8,0,0,,United Kingdom,grinning,5,138595,1772205455371,1772205316776,female,true,7,5fc6301ce9b9d3035a703cfe,69a1b4fd331f45a78e538d11,69a1b278a2342e6c08876bcf,6107,trial,8
3247,32,6,0,0,,United Kingdom,relaxed,5,138595,1772205455371,1772205316776,female,true,7,5fc6301ce9b9d3035a703cfe,69a1b4fd331f45a78e538d11,69a1b278a2342e6c08876bcf,6884,trial,6
3247,32,5,0,0,,United Kingdom,weary,5,138595,1772205455371,1772205316776,female,true,7,5fc6301ce9b9d3035a703cfe,69a1b4fd331f45a78e538d11,69a1b278a2342e6c08876bcf,10379,trial,2
3247,32,2,2,2,,United Kingdom,arrow_up,5,138595,1772205455371,1772205316776,female,true,7,5fc6301ce9b9d3035a703cfe,69a1b4fd331f45a78e538d11,69a1b278a2342e6c08876bcf,9779,attention,2
3247,32,7,0,0,,United Kingdom,laughing,5,138595,1772205455371,1772205316776,female,true,7,5fc6301ce9b9d3035a703cfe,69a1b4fd331f45a78e538d11,69a1b278a2342e6c08876bcf,7638,trial,7
3247,32,5,0,0,,United Kingdom,neutral_face,5,138595,1772205455371,1772205316776,female,true,7,5fc6301ce9b9d3035a703cfe,69a1b4fd331f45a78e538d11,69a1b278a2342e6c08876bcf,4396,trial,5
3247,32,6,0,0,,United Kingdom,slightly_smiling_face,5,138595,1772205455371,1772205316776,female,true,7,5fc6301ce9b9d3035a703cfe,69a1b4fd331f45a78e538d11,69a1b278a2342e6c08876bcf,4256,trial,6
3247,32,5,0,0,,United Kingdom,slightly_frowning_face,5,138595,1772205455371,1772205316776,female,true,7,5fc6301ce9b9d3035a703cfe,69a1b4fd331f45a78e538d11,69a1b278a2342e6c08876bcf,5793,trial,3
3247,32,1,1,3,,United Kingdom,arrow_up,5,138595,1772205455371,1772205316776,female,true,7,5fc6301ce9b9d3035a703cfe,69a1b4fd331f45a78e538d11,69a1b278a2342e6c08876bcf,14730,attention,3
3247,32,7,0,0,,United Kingdom,kissing,5,138595,1772205455371,1772205316776,female,true,7,5fc6301ce9b9d3035a703cfe,69a1b4fd331f45a78e538d11,69a1b278a2342e6c08876bcf,6740,trial,7
3247,32,8,0,0,,United Kingdom,smile,5,138595,1772205455371,1772205316776,female,true,7,5fc6301ce9b9d3035a703cfe,69a1b4fd331f45a78e538d11,69a1b278a2342e6c08876bcf,8196,trial,8
3247,32,8,0,0,,United Kingdom,angry,5,138595,1772205455371,1772205316776,female,true,7,5fc6301ce9b9d3035a703cfe,69a1b4fd331f45a78e538d11,69a1b278a2342e6c08876bcf,7238,trial,2
3247,32,6,0,0,,United Kingdom,pensive,5,138595,1772205455371,1772205316776,female,true,7,5fc6301ce9b9d3035a703cfe,69a1b4fd331f45a78e538d11,69a1b278a2342e6c08876bcf,5977,trial,3
3249,58,6,0,0,,Canada,kissing,5,166597,1772205473105,1772205306508,female,true,7,6605b8d9e293ad3cabb46279,69a1b4f2aa978f4ee3baf12e,69a1b278a2342e6c08876bcf,14353,trial,3
3249,58,9,0,0,,Canada,laughing,5,166597,1772205473105,1772205306508,female,true,7,6605b8d9e293ad3cabb46279,69a1b4f2aa978f4ee3baf12e,69a1b278a2342e6c08876bcf,8907,trial,8
3249,58,8,0,0,,Canada,angry,5,166597,1772205473105,1772205306508,female,true,7,6605b8d9e293ad3cabb46279,69a1b4f2aa978f4ee3baf12e,69a1b278a2342e6c08876bcf,9054,trial,3
3249,58,8,0,0,,Canada,smile,5,166597,1772205473105,1772205306508,female,true,7,6605b8d9e293ad3cabb46279,69a1b4f2aa978f4ee3baf12e,69a1b278a2342e6c08876bcf,5284,trial,9
3249,58,3,3,5,,Canada,arrow_up,5,166597,1772205473105,1772205306508,female,true,7,6605b8d9e293ad3cabb46279,69a1b4f2aa978f4ee3baf12e,69a1b278a2342e6c08876bcf,9246,attention,5
3249,58,8,0,0,,Canada,grinning,5,166597,1772205473105,1772205306508,female,true,7,6605b8d9e293ad3cabb46279,69a1b4f2aa978f4ee3baf12e,69a1b278a2342e6c08876bcf,7826,trial,9
3249,58,4,0,0,,Canada,neutral_face,5,166597,1772205473105,1772205306508,female,true,7,6605b8d9e293ad3cabb46279,69a1b4f2aa978f4ee3baf12e,69a1b278a2342e6c08876bcf,8984,trial,4
3249,58,5,0,0,,Canada,white_frowning_face,5,166597,1772205473105,1772205306508,female,true,7,6605b8d9e293ad3cabb46279,69a1b4f2aa978f4ee3baf12e,69a1b278a2342e6c08876bcf,8721,trial,3
3249,58,5,0,0,,Canada,slightly_frowning_face,5,166597,1772205473105,1772205306508,female,true,7,6605b8d9e293ad3cabb46279,69a1b4f2aa978f4ee3baf12e,69a1b278a2342e6c08876bcf,10102,trial,3
3249,58,4,4,1,,Canada,arrow_up,5,166597,1772205473105,1772205306508,female,true,7,6605b8d9e293ad3cabb46279,69a1b4f2aa978f4ee3baf12e,69a1b278a2342e6c08876bcf,7368,attention,1
3249,58,6,0,0,,Canada,slightly_smiling_face,5,166597,1772205473105,1772205306508,female,true,7,6605b8d9e293ad3cabb46279,69a1b4f2aa978f4ee3baf12e,69a1b278a2342e6c08876bcf,8761,trial,7
3249,58,7,0,0,,Canada,pensive,5,166597,1772205473105,1772205306508,female,true,7,6605b8d9e293ad3cabb46279,69a1b4f2aa978f4ee3baf12e,69a1b278a2342e6c08876bcf,7398,trial,2
3249,58,8,0,0,,Canada,weary,5,166597,1772205473105,1772205306508,female,true,7,6605b8d9e293ad3cabb46279,69a1b4f2aa978f4ee3baf12e,69a1b278a2342e6c08876bcf,7615,trial,1
3249,58,6,0,0,,Canada,relaxed,5,166597,1772205473105,1772205306508,female,true,7,6605b8d9e293ad3cabb46279,69a1b4f2aa978f4ee3baf12e,69a1b278a2342e6c08876bcf,7052,trial,7
3250,43,7,0,0,,United Kingdom,kissing,7,154878,1772205480976,1772205326098,male,true,7,5f70576bb22a006197aea6de,69a1b50545fe0aa20435e9d0,69a1b278a2342e6c08876bcf,10801,trial,8
3250,43,3,0,0,,United Kingdom,slightly_frowning_face,7,154878,1772205480976,1772205326098,male,true,7,5f70576bb22a006197aea6de,69a1b50545fe0aa20435e9d0,69a1b278a2342e6c08876bcf,5636,trial,2
3250,43,6,0,0,,United Kingdom,slightly_smiling_face,7,154878,1772205480976,1772205326098,male,true,7,5f70576bb22a006197aea6de,69a1b50545fe0aa20435e9d0,69a1b278a2342e6c08876bcf,7159,trial,8
3250,43,8,0,0,,United Kingdom,relaxed,7,154878,1772205480976,1772205326098,male,true,7,5f70576bb22a006197aea6de,69a1b50545fe0aa20435e9d0,69a1b278a2342e6c08876bcf,6374,trial,8
3250,43,1,1,5,,United Kingdom,arrow_up,7,154878,1772205480976,1772205326098,male,false,7,5f70576bb22a006197aea6de,69a1b50545fe0aa20435e9d0,69a1b278a2342e6c08876bcf,9091,attention,7
3250,43,8,0,0,,United Kingdom,smile,7,154878,1772205480976,1772205326098,male,true,7,5f70576bb22a006197aea6de,69a1b50545fe0aa20435e9d0,69a1b278a2342e6c08876bcf,8601,trial,9
3250,43,8,0,0,,United Kingdom,weary,7,154878,1772205480976,1772205326098,male,true,7,5f70576bb22a006197aea6de,69a1b50545fe0aa20435e9d0,69a1b278a2342e6c08876bcf,6684,trial,2
3250,43,1,0,0,,United Kingdom,neutral_face,7,154878,1772205480976,1772205326098,male,true,7,5f70576bb22a006197aea6de,69a1b50545fe0aa20435e9d0,69a1b278a2342e6c08876bcf,5979,trial,5
3250,43,8,0,0,,United Kingdom,laughing,7,154878,1772205480976,1772205326098,male,true,7,5f70576bb22a006197aea6de,69a1b50545fe0aa20435e9d0,69a1b278a2342e6c08876bcf,4189,trial,8
3250,43,4,4,1,,United Kingdom,arrow_up,7,154878,1772205480976,1772205326098,male,true,7,5f70576bb22a006197aea6de,69a1b50545fe0aa20435e9d0,69a1b278a2342e6c08876bcf,8579,attention,1
3250,43,8,0,0,,United Kingdom,angry,7,154878,1772205480976,1772205326098,male,true,7,5f70576bb22a006197aea6de,69a1b50545fe0aa20435e9d0,69a1b278a2342e6c08876bcf,7491,trial,8
3250,43,6,0,0,,United Kingdom,white_frowning_face,7,154878,1772205480976,1772205326098,male,true,7,5f70576bb22a006197aea6de,69a1b50545fe0aa20435e9d0,69a1b278a2342e6c08876bcf,6107,trial,2
3250,43,8,0,0,,United Kingdom,pensive,7,154878,1772205480976,1772205326098,male,true,7,5f70576bb22a006197aea6de,69a1b50545fe0aa20435e9d0,69a1b278a2342e6c08876bcf,34208,trial,2
3250,43,7,0,0,,United Kingdom,grinning,7,154878,1772205480976,1772205326098,male,true,7,5f70576bb22a006197aea6de,69a1b50545fe0aa20435e9d0,69a1b278a2342e6c08876bcf,4054,trial,8
3268,53,2,0,0,,United Kingdom,pensive,5,188247,1772205542592,1772205354345,male,true,7,60cf5ca7f7689965b747007c,69a1b5194940fcfcfd876c1b,69a1b278a2342e6c08876bcf,17410,trial,5
3268,53,7,0,0,,United Kingdom,grinning,5,188247,1772205542592,1772205354345,male,true,7,60cf5ca7f7689965b747007c,69a1b5194940fcfcfd876c1b,69a1b278a2342e6c08876bcf,12170,trial,9
3268,53,8,0,0,,United Kingdom,angry,5,188247,1772205542592,1772205354345,male,true,7,60cf5ca7f7689965b747007c,69a1b5194940fcfcfd876c1b,69a1b278a2342e6c08876bcf,11240,trial,2
3268,53,7,0,0,,United Kingdom,smile,5,188247,1772205542592,1772205354345,male,true,7,60cf5ca7f7689965b747007c,69a1b5194940fcfcfd876c1b,69a1b278a2342e6c08876bcf,9616,trial,9
3268,53,2,2,1,,United Kingdom,arrow_up,5,188247,1772205542592,1772205354345,male,true,7,60cf5ca7f7689965b747007c,69a1b5194940fcfcfd876c1b,69a1b278a2342e6c08876bcf,8265,attention,1
3268,53,4,0,0,,United Kingdom,kissing,5,188247,1772205542592,1772205354345,male,true,7,60cf5ca7f7689965b747007c,69a1b5194940fcfcfd876c1b,69a1b278a2342e6c08876bcf,13036,trial,3
3268,53,3,0,0,,United Kingdom,neutral_face,5,188247,1772205542592,1772205354345,male,true,7,60cf5ca7f7689965b747007c,69a1b5194940fcfcfd876c1b,69a1b278a2342e6c08876bcf,9835,trial,4
3268,53,3,0,0,,United Kingdom,slightly_smiling_face,5,188247,1772205542592,1772205354345,male,true,7,60cf5ca7f7689965b747007c,69a1b5194940fcfcfd876c1b,69a1b278a2342e6c08876bcf,10169,trial,8
3268,53,2,0,0,,United Kingdom,slightly_frowning_face,5,188247,1772205542592,1772205354345,male,true,7,60cf5ca7f7689965b747007c,69a1b5194940fcfcfd876c1b,69a1b278a2342e6c08876bcf,11588,trial,2
3268,53,5,5,4,,United Kingdom,arrow_up,5,188247,1772205542592,1772205354345,male,true,7,60cf5ca7f7689965b747007c,69a1b5194940fcfcfd876c1b,69a1b278a2342e6c08876bcf,6712,attention,4
3268,53,9,0,0,,United Kingdom,laughing,5,188247,1772205542592,1772205354345,male,true,7,60cf5ca7f7689965b747007c,69a1b5194940fcfcfd876c1b,69a1b278a2342e6c08876bcf,7375,trial,8
3268,53,7,0,0,,United Kingdom,relaxed,5,188247,1772205542592,1772205354345,male,true,7,60cf5ca7f7689965b747007c,69a1b5194940fcfcfd876c1b,69a1b278a2342e6c08876bcf,8736,trial,8
3268,53,5,0,0,,United Kingdom,white_frowning_face,5,188247,1772205542592,1772205354345,male,true,7,60cf5ca7f7689965b747007c,69a1b5194940fcfcfd876c1b,69a1b278a2342e6c08876bcf,12104,trial,1
3268,53,7,0,0,,United Kingdom,weary,5,188247,1772205542592,1772205354345,male,true,7,60cf5ca7f7689965b747007c,69a1b5194940fcfcfd876c1b,69a1b278a2342e6c08876bcf,6328,trial,2
3252,33,3,0,0,,United Kingdom,pensive,6,162175,1772205488024,1772205325849,female,true,7,589b0346742ceb0001298b8e,69a1b5031def3ff061bd7ec5,69a1b278a2342e6c08876bcf,8941,trial,2
3252,33,8,0,0,,United Kingdom,angry,6,162175,1772205488024,1772205325849,female,true,7,589b0346742ceb0001298b8e,69a1b5031def3ff061bd7ec5,69a1b278a2342e6c08876bcf,8016,trial,1
3252,33,6,0,0,,United Kingdom,weary,6,162175,1772205488024,1772205325849,female,true,7,589b0346742ceb0001298b8e,69a1b5031def3ff061bd7ec5,69a1b278a2342e6c08876bcf,5646,trial,2
3252,33,7,0,0,,United Kingdom,grinning,6,162175,1772205488024,1772205325849,female,true,7,589b0346742ceb0001298b8e,69a1b5031def3ff061bd7ec5,69a1b278a2342e6c08876bcf,6477,trial,9
3252,33,1,1,1,,United Kingdom,arrow_up,6,162175,1772205488024,1772205325849,female,true,7,589b0346742ceb0001298b8e,69a1b5031def3ff061bd7ec5,69a1b278a2342e6c08876bcf,6677,attention,1
3252,33,5,0,0,,United Kingdom,slightly_smiling_face,6,162175,1772205488024,1772205325849,female,true,7,589b0346742ceb0001298b8e,69a1b5031def3ff061bd7ec5,69a1b278a2342e6c08876bcf,7806,trial,7
3252,33,3,0,0,,United Kingdom,white_frowning_face,6,162175,1772205488024,1772205325849,female,true,7,589b0346742ceb0001298b8e,69a1b5031def3ff061bd7ec5,69a1b278a2342e6c08876bcf,6588,trial,3
3252,33,6,0,0,,United Kingdom,kissing,6,162175,1772205488024,1772205325849,female,true,7,589b0346742ceb0001298b8e,69a1b5031def3ff061bd7ec5,69a1b278a2342e6c08876bcf,6467,trial,7
3252,33,7,0,0,,United Kingdom,laughing,6,162175,1772205488024,1772205325849,female,true,7,589b0346742ceb0001298b8e,69a1b5031def3ff061bd7ec5,69a1b278a2342e6c08876bcf,10236,trial,8
3252,33,3,3,3,,United Kingdom,arrow_up,6,162175,1772205488024,1772205325849,female,true,7,589b0346742ceb0001298b8e,69a1b5031def3ff061bd7ec5,69a1b278a2342e6c08876bcf,6015,attention,3
3252,33,4,0,0,,United Kingdom,slightly_frowning_face,6,162175,1772205488024,1772205325849,female,true,7,589b0346742ceb0001298b8e,69a1b5031def3ff061bd7ec5,69a1b278a2342e6c08876bcf,14656,trial,3
3252,33,4,0,0,,United Kingdom,relaxed,6,162175,1772205488024,1772205325849,female,true,7,589b0346742ceb0001298b8e,69a1b5031def3ff061bd7ec5,69a1b278a2342e6c08876bcf,5631,trial,7
3252,33,2,0,0,,United Kingdom,neutral_face,6,162175,1772205488024,1772205325849,female,true,7,589b0346742ceb0001298b8e,69a1b5031def3ff061bd7ec5,69a1b278a2342e6c08876bcf,7688,trial,4
3252,33,8,0,0,,United Kingdom,smile,6,162175,1772205488024,1772205325849,female,true,7,589b0346742ceb0001298b8e,69a1b5031def3ff061bd7ec5,69a1b278a2342e6c08876bcf,7948,trial,9
3253,52,8,0,0,,United Kingdom,smile,6,172847,1772205493300,1772205320453,male,true,7,5800eb53beccf8000100cb06,69a1b500e337471e711a57b0,69a1b278a2342e6c08876bcf,13213,trial,9
3253,52,7,0,0,,United Kingdom,angry,6,172847,1772205493300,1772205320453,male,true,7,5800eb53beccf8000100cb06,69a1b500e337471e711a57b0,69a1b278a2342e6c08876bcf,8443,trial,2
3253,52,4,0,0,,United Kingdom,pensive,6,172847,1772205493300,1772205320453,male,true,7,5800eb53beccf8000100cb06,69a1b500e337471e711a57b0,69a1b278a2342e6c08876bcf,10630,trial,3
3253,52,8,0,0,,United Kingdom,weary,6,172847,1772205493300,1772205320453,male,true,7,5800eb53beccf8000100cb06,69a1b500e337471e711a57b0,69a1b278a2342e6c08876bcf,6337,trial,2
3253,52,1,1,2,,United Kingdom,arrow_up,6,172847,1772205493300,1772205320453,male,true,7,5800eb53beccf8000100cb06,69a1b500e337471e711a57b0,69a1b278a2342e6c08876bcf,17486,attention,2
3253,52,5,0,0,,United Kingdom,neutral_face,6,172847,1772205493300,1772205320453,male,true,7,5800eb53beccf8000100cb06,69a1b500e337471e711a57b0,69a1b278a2342e6c08876bcf,6524,trial,5
3253,52,4,0,0,,United Kingdom,white_frowning_face,6,172847,1772205493300,1772205320453,male,true,7,5800eb53beccf8000100cb06,69a1b500e337471e711a57b0,69a1b278a2342e6c08876bcf,7338,trial,3
3253,52,5,0,0,,United Kingdom,kissing,6,172847,1772205493300,1772205320453,male,true,7,5800eb53beccf8000100cb06,69a1b500e337471e711a57b0,69a1b278a2342e6c08876bcf,7943,trial,5
3253,52,3,0,0,,United Kingdom,slightly_frowning_face,6,172847,1772205493300,1772205320453,male,true,7,5800eb53beccf8000100cb06,69a1b500e337471e711a57b0,69a1b278a2342e6c08876bcf,15708,trial,3
3253,52,5,5,4,,United Kingdom,arrow_up,6,172847,1772205493300,1772205320453,male,true,7,5800eb53beccf8000100cb06,69a1b500e337471e711a57b0,69a1b278a2342e6c08876bcf,5236,attention,4
3253,52,7,0,0,,United Kingdom,grinning,6,172847,1772205493300,1772205320453,male,true,7,5800eb53beccf8000100cb06,69a1b500e337471e711a57b0,69a1b278a2342e6c08876bcf,18755,trial,7
3253,52,4,0,0,,United Kingdom,relaxed,6,172847,1772205493300,1772205320453,male,true,7,5800eb53beccf8000100cb06,69a1b500e337471e711a57b0,69a1b278a2342e6c08876bcf,6831,trial,7
3253,52,8,0,0,,United Kingdom,laughing,6,172847,1772205493300,1772205320453,male,true,7,5800eb53beccf8000100cb06,69a1b500e337471e711a57b0,69a1b278a2342e6c08876bcf,8439,trial,8
3253,52,5,0,0,,United Kingdom,slightly_smiling_face,6,172847,1772205493300,1772205320453,male,true,7,5800eb53beccf8000100cb06,69a1b500e337471e711a57b0,69a1b278a2342e6c08876bcf,6215,trial,7
3255,50,4,0,0,,United Kingdom,relaxed,5,188254,1772205496825,1772205308571,female,true,7,57308d1530a5560010ecbc1a,69a1b4f238b3cc772e8c6e70,69a1b278a2342e6c08876bcf,13728,trial,8
3255,50,6,0,0,,United Kingdom,kissing,5,188254,1772205496825,1772205308571,female,true,7,57308d1530a5560010ecbc1a,69a1b4f238b3cc772e8c6e70,69a1b278a2342e6c08876bcf,19579,trial,7
3255,50,7,0,0,,United Kingdom,weary,5,188254,1772205496825,1772205308571,female,true,7,57308d1530a5560010ecbc1a,69a1b4f238b3cc772e8c6e70,69a1b278a2342e6c08876bcf,11202,trial,2
3255,50,5,0,0,,United Kingdom,neutral_face,5,188254,1772205496825,1772205308571,female,true,7,57308d1530a5560010ecbc1a,69a1b4f238b3cc772e8c6e70,69a1b278a2342e6c08876bcf,6427,trial,5
3255,50,3,3,4,,United Kingdom,arrow_up,5,188254,1772205496825,1772205308571,female,true,7,57308d1530a5560010ecbc1a,69a1b4f238b3cc772e8c6e70,69a1b278a2342e6c08876bcf,7538,attention,4
3255,50,6,0,0,,United Kingdom,grinning,5,188254,1772205496825,1772205308571,female,true,7,57308d1530a5560010ecbc1a,69a1b4f238b3cc772e8c6e70,69a1b278a2342e6c08876bcf,6117,trial,8
3255,50,5,0,0,,United Kingdom,white_frowning_face,5,188254,1772205496825,1772205308571,female,true,7,57308d1530a5560010ecbc1a,69a1b4f238b3cc772e8c6e70,69a1b278a2342e6c08876bcf,7265,trial,2
3255,50,7,0,0,,United Kingdom,smile,5,188254,1772205496825,1772205308571,female,true,7,57308d1530a5560010ecbc1a,69a1b4f238b3cc772e8c6e70,69a1b278a2342e6c08876bcf,4975,trial,8
3255,50,6,0,0,,United Kingdom,laughing,5,188254,1772205496825,1772205308571,female,true,7,57308d1530a5560010ecbc1a,69a1b4f238b3cc772e8c6e70,69a1b278a2342e6c08876bcf,5251,trial,7
3255,50,2,2,5,,United Kingdom,arrow_up,5,188254,1772205496825,1772205308571,female,true,7,57308d1530a5560010ecbc1a,69a1b4f238b3cc772e8c6e70,69a1b278a2342e6c08876bcf,5398,attention,5
3255,50,5,0,0,,United Kingdom,slightly_smiling_face,5,188254,1772205496825,1772205308571,female,true,7,57308d1530a5560010ecbc1a,69a1b4f238b3cc772e8c6e70,69a1b278a2342e6c08876bcf,5366,trial,7
3255,50,4,0,0,,United Kingdom,slightly_frowning_face,5,188254,1772205496825,1772205308571,female,true,7,57308d1530a5560010ecbc1a,69a1b4f238b3cc772e8c6e70,69a1b278a2342e6c08876bcf,4792,trial,2
3255,50,5,0,0,,United Kingdom,pensive,5,188254,1772205496825,1772205308571,female,true,7,57308d1530a5560010ecbc1a,69a1b4f238b3cc772e8c6e70,69a1b278a2342e6c08876bcf,6597,trial,2
3255,50,5,0,0,,United Kingdom,angry,5,188254,1772205496825,1772205308571,female,true,7,57308d1530a5560010ecbc1a,69a1b4f238b3cc772e8c6e70,69a1b278a2342e6c08876bcf,6428,trial,1
3259,45,3,0,0,,United Kingdom,pensive,6,172438,1772205501915,1772205329477,female,true,7,6122b9ffce05d8e56860755a,69a1b5098ff22e0d0ed3807f,69a1b278a2342e6c08876bcf,16791,trial,4
3259,45,6,0,0,,United Kingdom,slightly_smiling_face,6,172438,1772205501915,1772205329477,female,true,7,6122b9ffce05d8e56860755a,69a1b5098ff22e0d0ed3807f,69a1b278a2342e6c08876bcf,8752,trial,8
3259,45,5,0,0,,United Kingdom,white_frowning_face,6,172438,1772205501915,1772205329477,female,true,7,6122b9ffce05d8e56860755a,69a1b5098ff22e0d0ed3807f,69a1b278a2342e6c08876bcf,10360,trial,3
3259,45,6,0,0,,United Kingdom,kissing,6,172438,1772205501915,1772205329477,female,true,7,6122b9ffce05d8e56860755a,69a1b5098ff22e0d0ed3807f,69a1b278a2342e6c08876bcf,12767,trial,6
3259,45,4,4,3,,United Kingdom,arrow_up,6,172438,1772205501915,1772205329477,female,true,7,6122b9ffce05d8e56860755a,69a1b5098ff22e0d0ed3807f,69a1b278a2342e6c08876bcf,8824,attention,3
3259,45,4,0,0,,United Kingdom,slightly_frowning_face,6,172438,1772205501915,1772205329477,female,true,7,6122b9ffce05d8e56860755a,69a1b5098ff22e0d0ed3807f,69a1b278a2342e6c08876bcf,13431,trial,4
3259,45,7,0,0,,United Kingdom,grinning,6,172438,1772205501915,1772205329477,female,true,7,6122b9ffce05d8e56860755a,69a1b5098ff22e0d0ed3807f,69a1b278a2342e6c08876bcf,7912,trial,8
3259,45,3,0,0,,United Kingdom,relaxed,6,172438,1772205501915,1772205329477,female,true,7,6122b9ffce05d8e56860755a,69a1b5098ff22e0d0ed3807f,69a1b278a2342e6c08876bcf,6552,trial,7
3259,45,8,0,0,,United Kingdom,laughing,6,172438,1772205501915,1772205329477,female,true,7,6122b9ffce05d8e56860755a,69a1b5098ff22e0d0ed3807f,69a1b278a2342e6c08876bcf,7223,trial,7
3259,45,1,1,1,,United Kingdom,arrow_up,6,172438,1772205501915,1772205329477,female,true,7,6122b9ffce05d8e56860755a,69a1b5098ff22e0d0ed3807f,69a1b278a2342e6c08876bcf,7776,attention,1
3259,45,6,0,0,,United Kingdom,weary,6,172438,1772205501915,1772205329477,female,true,7,6122b9ffce05d8e56860755a,69a1b5098ff22e0d0ed3807f,69a1b278a2342e6c08876bcf,19335,trial,3
3259,45,5,0,0,,United Kingdom,neutral_face,6,172438,1772205501915,1772205329477,female,true,7,6122b9ffce05d8e56860755a,69a1b5098ff22e0d0ed3807f,69a1b278a2342e6c08876bcf,4360,trial,5
3259,45,6,0,0,,United Kingdom,smile,6,172438,1772205501915,1772205329477,female,true,7,6122b9ffce05d8e56860755a,69a1b5098ff22e0d0ed3807f,69a1b278a2342e6c08876bcf,5848,trial,6
3259,45,7,0,0,,United Kingdom,angry,6,172438,1772205501915,1772205329477,female,true,7,6122b9ffce05d8e56860755a,69a1b5098ff22e0d0ed3807f,69a1b278a2342e6c08876bcf,7103,trial,2
3261,43,5,0,0,,United Kingdom,neutral_face,6,162695,1772205520260,1772205357565,male,true,7,5c61dc8d24035400014b63da,69a1b504133ef0798e63a0c3,69a1b278a2342e6c08876bcf,9911,trial,5
3261,43,6,0,0,,United Kingdom,slightly_smiling_face,6,162695,1772205520260,1772205357565,male,true,7,5c61dc8d24035400014b63da,69a1b504133ef0798e63a0c3,69a1b278a2342e6c08876bcf,6140,trial,7
3261,43,6,0,0,,United Kingdom,relaxed,6,162695,1772205520260,1772205357565,male,true,7,5c61dc8d24035400014b63da,69a1b504133ef0798e63a0c3,69a1b278a2342e6c08876bcf,9707,trial,7
3261,43,6,0,0,,United Kingdom,laughing,6,162695,1772205520260,1772205357565,male,true,7,5c61dc8d24035400014b63da,69a1b504133ef0798e63a0c3,69a1b278a2342e6c08876bcf,8955,trial,7
3261,43,1,1,5,,United Kingdom,arrow_up,6,162695,1772205520260,1772205357565,male,true,7,5c61dc8d24035400014b63da,69a1b504133ef0798e63a0c3,69a1b278a2342e6c08876bcf,8325,attention,5
3261,43,6,0,0,,United Kingdom,kissing,6,162695,1772205520260,1772205357565,male,true,7,5c61dc8d24035400014b63da,69a1b504133ef0798e63a0c3,69a1b278a2342e6c08876bcf,12128,trial,7
3261,43,4,0,0,,United Kingdom,angry,6,162695,1772205520260,1772205357565,male,true,7,5c61dc8d24035400014b63da,69a1b504133ef0798e63a0c3,69a1b278a2342e6c08876bcf,16454,trial,4
3261,43,5,0,0,,United Kingdom,weary,6,162695,1772205520260,1772205357565,male,true,7,5c61dc8d24035400014b63da,69a1b504133ef0798e63a0c3,69a1b278a2342e6c08876bcf,11627,trial,4
3261,43,4,0,0,,United Kingdom,white_frowning_face,6,162695,1772205520260,1772205357565,male,true,7,5c61dc8d24035400014b63da,69a1b504133ef0798e63a0c3,69a1b278a2342e6c08876bcf,8742,trial,3
3261,43,4,4,1,,United Kingdom,arrow_up,6,162695,1772205520260,1772205357565,male,true,7,5c61dc8d24035400014b63da,69a1b504133ef0798e63a0c3,69a1b278a2342e6c08876bcf,5845,attention,1
3261,43,6,0,0,,United Kingdom,grinning,6,162695,1772205520260,1772205357565,male,true,7,5c61dc8d24035400014b63da,69a1b504133ef0798e63a0c3,69a1b278a2342e6c08876bcf,4738,trial,7
3261,43,4,0,0,,United Kingdom,pensive,6,162695,1772205520260,1772205357565,male,true,7,5c61dc8d24035400014b63da,69a1b504133ef0798e63a0c3,69a1b278a2342e6c08876bcf,5369,trial,4
3261,43,6,0,0,,United Kingdom,smile,6,162695,1772205520260,1772205357565,male,true,7,5c61dc8d24035400014b63da,69a1b504133ef0798e63a0c3,69a1b278a2342e6c08876bcf,4461,trial,6
3261,43,4,0,0,,United Kingdom,slightly_frowning_face,6,162695,1772205520260,1772205357565,male,true,7,5c61dc8d24035400014b63da,69a1b504133ef0798e63a0c3,69a1b278a2342e6c08876bcf,4269,trial,4
3263,67,3,0,0,,United Kingdom,slightly_smiling_face,7,168051,1772205525483,1772205357432,male,true,7,5829f8eed7e5ff0001ff7d8d,69a1b523029ad28dc3645118,69a1b278a2342e6c08876bcf,13950,trial,9
3263,67,5,0,0,,United Kingdom,neutral_face,7,168051,1772205525483,1772205357432,male,true,7,5829f8eed7e5ff0001ff7d8d,69a1b523029ad28dc3645118,69a1b278a2342e6c08876bcf,13083,trial,5
3263,67,4,0,0,,United Kingdom,slightly_frowning_face,7,168051,1772205525483,1772205357432,male,true,7,5829f8eed7e5ff0001ff7d8d,69a1b523029ad28dc3645118,69a1b278a2342e6c08876bcf,11372,trial,2
3263,67,8,0,0,,United Kingdom,smile,7,168051,1772205525483,1772205357432,male,true,7,5829f8eed7e5ff0001ff7d8d,69a1b523029ad28dc3645118,69a1b278a2342e6c08876bcf,7519,trial,9
3263,67,5,3,4,,United Kingdom,arrow_up,7,168051,1772205525483,1772205357432,male,false,7,5829f8eed7e5ff0001ff7d8d,69a1b523029ad28dc3645118,69a1b278a2342e6c08876bcf,8813,attention,8
3263,67,9,0,0,,United Kingdom,angry,7,168051,1772205525483,1772205357432,male,true,7,5829f8eed7e5ff0001ff7d8d,69a1b523029ad28dc3645118,69a1b278a2342e6c08876bcf,7361,trial,1
3263,67,3,0,0,,United Kingdom,pensive,7,168051,1772205525483,1772205357432,male,true,7,5829f8eed7e5ff0001ff7d8d,69a1b523029ad28dc3645118,69a1b278a2342e6c08876bcf,6825,trial,3
3263,67,6,0,0,,United Kingdom,relaxed,7,168051,1772205525483,1772205357432,male,true,7,5829f8eed7e5ff0001ff7d8d,69a1b523029ad28dc3645118,69a1b278a2342e6c08876bcf,7365,trial,9
3263,67,1,0,0,,United Kingdom,white_frowning_face,7,168051,1772205525483,1772205357432,male,true,7,5829f8eed7e5ff0001ff7d8d,69a1b523029ad28dc3645118,69a1b278a2342e6c08876bcf,8045,trial,1
3263,67,3,3,4,,United Kingdom,arrow_up,7,168051,1772205525483,1772205357432,male,true,7,5829f8eed7e5ff0001ff7d8d,69a1b523029ad28dc3645118,69a1b278a2342e6c08876bcf,7628,attention,4
3263,67,3,0,0,,United Kingdom,weary,7,168051,1772205525483,1772205357432,male,true,7,5829f8eed7e5ff0001ff7d8d,69a1b523029ad28dc3645118,69a1b278a2342e6c08876bcf,9826,trial,1
3263,67,8,0,0,,United Kingdom,grinning,7,168051,1772205525483,1772205357432,male,true,7,5829f8eed7e5ff0001ff7d8d,69a1b523029ad28dc3645118,69a1b278a2342e6c08876bcf,6629,trial,9
3263,67,6,0,0,,United Kingdom,kissing,7,168051,1772205525483,1772205357432,male,true,7,5829f8eed7e5ff0001ff7d8d,69a1b523029ad28dc3645118,69a1b278a2342e6c08876bcf,7762,trial,3
3263,67,8,0,0,,United Kingdom,laughing,7,168051,1772205525483,1772205357432,male,true,7,5829f8eed7e5ff0001ff7d8d,69a1b523029ad28dc3645118,69a1b278a2342e6c08876bcf,8725,trial,6
3279,46,7,0,0,,United States of America,neutral_face,2,209691,1772205558088,1772205348397,female,true,7,5d52aab4d01b31001941a7f1,69a1b519ec178b5b8a01caf2,69a1b278a2342e6c08876bcf,14832,trial,3
3279,46,2,0,0,,United States of America,pensive,2,209691,1772205558088,1772205348397,female,true,7,5d52aab4d01b31001941a7f1,69a1b519ec178b5b8a01caf2,69a1b278a2342e6c08876bcf,12872,trial,3
3279,46,8,0,0,,United States of America,relaxed,2,209691,1772205558088,1772205348397,female,true,7,5d52aab4d01b31001941a7f1,69a1b519ec178b5b8a01caf2,69a1b278a2342e6c08876bcf,7400,trial,8
3279,46,6,0,0,,United States of America,slightly_frowning_face,2,209691,1772205558088,1772205348397,female,true,7,5d52aab4d01b31001941a7f1,69a1b519ec178b5b8a01caf2,69a1b278a2342e6c08876bcf,8744,trial,4
3279,46,3,3,1,,United States of America,arrow_up,2,209691,1772205558088,1772205348397,female,true,7,5d52aab4d01b31001941a7f1,69a1b519ec178b5b8a01caf2,69a1b278a2342e6c08876bcf,11880,attention,1
3279,46,6,0,0,,United States of America,weary,2,209691,1772205558088,1772205348397,female,true,7,5d52aab4d01b31001941a7f1,69a1b519ec178b5b8a01caf2,69a1b278a2342e6c08876bcf,15767,trial,3
3279,46,8,0,0,,United States of America,white_frowning_face,2,209691,1772205558088,1772205348397,female,true,7,5d52aab4d01b31001941a7f1,69a1b519ec178b5b8a01caf2,69a1b278a2342e6c08876bcf,6512,trial,1
3279,46,9,0,0,,United States of America,grinning,2,209691,1772205558088,1772205348397,female,true,7,5d52aab4d01b31001941a7f1,69a1b519ec178b5b8a01caf2,69a1b278a2342e6c08876bcf,5568,trial,9
3279,46,2,0,0,,United States of America,kissing,2,209691,1772205558088,1772205348397,female,true,7,5d52aab4d01b31001941a7f1,69a1b519ec178b5b8a01caf2,69a1b278a2342e6c08876bcf,6960,trial,7
3279,46,3,3,5,,United States of America,arrow_up,2,209691,1772205558088,1772205348397,female,true,7,5d52aab4d01b31001941a7f1,69a1b519ec178b5b8a01caf2,69a1b278a2342e6c08876bcf,13384,attention,5
3279,46,6,0,0,,United States of America,slightly_smiling_face,2,209691,1772205558088,1772205348397,female,true,7,5d52aab4d01b31001941a7f1,69a1b519ec178b5b8a01caf2,69a1b278a2342e6c08876bcf,7104,trial,7
3279,46,7,0,0,,United States of America,laughing,2,209691,1772205558088,1772205348397,female,true,7,5d52aab4d01b31001941a7f1,69a1b519ec178b5b8a01caf2,69a1b278a2342e6c08876bcf,10328,trial,8
3279,46,8,0,0,,United States of America,smile,2,209691,1772205558088,1772205348397,female,true,7,5d52aab4d01b31001941a7f1,69a1b519ec178b5b8a01caf2,69a1b278a2342e6c08876bcf,12864,trial,6
3279,46,7,0,0,,United States of America,angry,2,209691,1772205558088,1772205348397,female,true,7,5d52aab4d01b31001941a7f1,69a1b519ec178b5b8a01caf2,69a1b278a2342e6c08876bcf,13247,trial,2
3266,28,8,0,0,,United Kingdom,angry,7,186314,1772205529324,1772205343010,female,true,7,6136268099d74b519c1c9287,69a1b5117f0e9e5bb5f0b535,69a1b278a2342e6c08876bcf,10941,trial,1
3266,28,7,0,0,,United Kingdom,smile,7,186314,1772205529324,1772205343010,female,true,7,6136268099d74b519c1c9287,69a1b5117f0e9e5bb5f0b535,69a1b278a2342e6c08876bcf,9219,trial,9
3266,28,4,0,0,,United Kingdom,pensive,7,186314,1772205529324,1772205343010,female,true,7,6136268099d74b519c1c9287,69a1b5117f0e9e5bb5f0b535,69a1b278a2342e6c08876bcf,8154,trial,1
3266,28,3,0,0,,United Kingdom,white_frowning_face,7,186314,1772205529324,1772205343010,female,true,7,6136268099d74b519c1c9287,69a1b5117f0e9e5bb5f0b535,69a1b278a2342e6c08876bcf,16170,trial,1
3266,28,2,2,2,,United Kingdom,arrow_up,7,186314,1772205529324,1772205343010,female,true,7,6136268099d74b519c1c9287,69a1b5117f0e9e5bb5f0b535,69a1b278a2342e6c08876bcf,11920,attention,2
3266,28,5,0,0,,United Kingdom,relaxed,7,186314,1772205529324,1772205343010,female,true,7,6136268099d74b519c1c9287,69a1b5117f0e9e5bb5f0b535,69a1b278a2342e6c08876bcf,9347,trial,9
3266,28,6,0,0,,United Kingdom,grinning,7,186314,1772205529324,1772205343010,female,true,7,6136268099d74b519c1c9287,69a1b5117f0e9e5bb5f0b535,69a1b278a2342e6c08876bcf,12843,trial,9
3266,28,3,0,0,,United Kingdom,slightly_smiling_face,7,186314,1772205529324,1772205343010,female,true,7,6136268099d74b519c1c9287,69a1b5117f0e9e5bb5f0b535,69a1b278a2342e6c08876bcf,11739,trial,6
3266,28,7,0,0,,United Kingdom,laughing,7,186314,1772205529324,1772205343010,female,true,7,6136268099d74b519c1c9287,69a1b5117f0e9e5bb5f0b535,69a1b278a2342e6c08876bcf,7039,trial,9
3266,28,3,3,5,,United Kingdom,arrow_up,7,186314,1772205529324,1772205343010,female,true,7,6136268099d74b519c1c9287,69a1b5117f0e9e5bb5f0b535,69a1b278a2342e6c08876bcf,10695,attention,5
3266,28,4,0,0,,United Kingdom,neutral_face,7,186314,1772205529324,1772205343010,female,true,7,6136268099d74b519c1c9287,69a1b5117f0e9e5bb5f0b535,69a1b278a2342e6c08876bcf,9392,trial,3
3266,28,5,0,0,,United Kingdom,kissing,7,186314,1772205529324,1772205343010,female,true,7,6136268099d74b519c1c9287,69a1b5117f0e9e5bb5f0b535,69a1b278a2342e6c08876bcf,8177,trial,6
3266,28,2,0,0,,United Kingdom,slightly_frowning_face,7,186314,1772205529324,1772205343010,female,true,7,6136268099d74b519c1c9287,69a1b5117f0e9e5bb5f0b535,69a1b278a2342e6c08876bcf,6721,trial,2
3266,28,8,0,0,,United Kingdom,weary,7,186314,1772205529324,1772205343010,female,true,7,6136268099d74b519c1c9287,69a1b5117f0e9e5bb5f0b535,69a1b278a2342e6c08876bcf,9577,trial,1
3269,58,5,0,0,not every emoji appeared so i answered these with rating of 5 ,United Kingdom,angry,5,207072,1772205541549,1772205334477,female,true,7,5c47910330525a0001038e30,69a1b50fc354bb1160a67514,69a1b278a2342e6c08876bcf,27146,trial,5
3269,58,3,0,0,not every emoji appeared so i answered these with rating of 5 ,United Kingdom,white_frowning_face,5,207072,1772205541549,1772205334477,female,true,7,5c47910330525a0001038e30,69a1b50fc354bb1160a67514,69a1b278a2342e6c08876bcf,17068,trial,1
3269,58,7,0,0,not every emoji appeared so i answered these with rating of 5 ,United Kingdom,weary,5,207072,1772205541549,1772205334477,female,true,7,5c47910330525a0001038e30,69a1b50fc354bb1160a67514,69a1b278a2342e6c08876bcf,8855,trial,1
3269,58,5,0,0,not every emoji appeared so i answered these with rating of 5 ,United Kingdom,laughing,5,207072,1772205541549,1772205334477,female,true,7,5c47910330525a0001038e30,69a1b50fc354bb1160a67514,69a1b278a2342e6c08876bcf,5108,trial,5
3269,58,5,5,1,not every emoji appeared so i answered these with rating of 5 ,United Kingdom,arrow_up,5,207072,1772205541549,1772205334477,female,true,7,5c47910330525a0001038e30,69a1b50fc354bb1160a67514,69a1b278a2342e6c08876bcf,7435,attention,1
3269,58,1,0,0,not every emoji appeared so i answered these with rating of 5 ,United Kingdom,neutral_face,5,207072,1772205541549,1772205334477,female,true,7,5c47910330525a0001038e30,69a1b50fc354bb1160a67514,69a1b278a2342e6c08876bcf,10271,trial,5
3269,58,7,0,0,not every emoji appeared so i answered these with rating of 5 ,United Kingdom,smile,5,207072,1772205541549,1772205334477,female,true,7,5c47910330525a0001038e30,69a1b50fc354bb1160a67514,69a1b278a2342e6c08876bcf,6129,trial,9
3269,58,3,0,0,not every emoji appeared so i answered these with rating of 5 ,United Kingdom,pensive,5,207072,1772205541549,1772205334477,female,true,7,5c47910330525a0001038e30,69a1b50fc354bb1160a67514,69a1b278a2342e6c08876bcf,5820,trial,1
3269,58,2,0,0,not every emoji appeared so i answered these with rating of 5 ,United Kingdom,grinning,5,207072,1772205541549,1772205334477,female,true,7,5c47910330525a0001038e30,69a1b50fc354bb1160a67514,69a1b278a2342e6c08876bcf,5754,trial,9
3269,58,6,3,1,not every emoji appeared so i answered these with rating of 5 ,United Kingdom,arrow_up,5,207072,1772205541549,1772205334477,female,false,7,5c47910330525a0001038e30,69a1b50fc354bb1160a67514,69a1b278a2342e6c08876bcf,7427,attention,7
3269,58,5,0,0,not every emoji appeared so i answered these with rating of 5 ,United Kingdom,kissing,5,207072,1772205541549,1772205334477,female,true,7,5c47910330525a0001038e30,69a1b50fc354bb1160a67514,69a1b278a2342e6c08876bcf,5872,trial,5
3269,58,3,0,0,not every emoji appeared so i answered these with rating of 5 ,United Kingdom,slightly_frowning_face,5,207072,1772205541549,1772205334477,female,true,7,5c47910330525a0001038e30,69a1b50fc354bb1160a67514,69a1b278a2342e6c08876bcf,13392,trial,2
3269,58,3,0,0,not every emoji appeared so i answered these with rating of 5 ,United Kingdom,slightly_smiling_face,5,207072,1772205541549,1772205334477,female,true,7,5c47910330525a0001038e30,69a1b50fc354bb1160a67514,69a1b278a2342e6c08876bcf,5671,trial,9
3269,58,7,0,0,not every emoji appeared so i answered these with rating of 5 ,United Kingdom,relaxed,5,207072,1772205541549,1772205334477,female,true,7,5c47910330525a0001038e30,69a1b50fc354bb1160a67514,69a1b278a2342e6c08876bcf,5295,trial,9
3270,31,9,0,0,,United Kingdom,grinning,6,207745,1772205545941,1772205338196,female,true,7,5f78eb1e3074f64de5e59754,69a1b5139105d7bbf8ec8d70,69a1b278a2342e6c08876bcf,5852,trial,9
3270,31,9,0,0,,United Kingdom,smile,6,207745,1772205545941,1772205338196,female,true,7,5f78eb1e3074f64de5e59754,69a1b5139105d7bbf8ec8d70,69a1b278a2342e6c08876bcf,24054,trial,9
3270,31,7,0,0,,United Kingdom,kissing,6,207745,1772205545941,1772205338196,female,true,7,5f78eb1e3074f64de5e59754,69a1b5139105d7bbf8ec8d70,69a1b278a2342e6c08876bcf,9938,trial,9
3270,31,4,0,0,,United Kingdom,slightly_smiling_face,6,207745,1772205545941,1772205338196,female,true,7,5f78eb1e3074f64de5e59754,69a1b5139105d7bbf8ec8d70,69a1b278a2342e6c08876bcf,7793,trial,9
3270,31,1,4,3,,United Kingdom,arrow_up,6,207745,1772205545941,1772205338196,female,false,7,5f78eb1e3074f64de5e59754,69a1b5139105d7bbf8ec8d70,69a1b278a2342e6c08876bcf,8981,attention,6
3270,31,5,0,0,,United Kingdom,neutral_face,6,207745,1772205545941,1772205338196,female,true,7,5f78eb1e3074f64de5e59754,69a1b5139105d7bbf8ec8d70,69a1b278a2342e6c08876bcf,7177,trial,5
3270,31,8,0,0,,United Kingdom,weary,6,207745,1772205545941,1772205338196,female,true,7,5f78eb1e3074f64de5e59754,69a1b5139105d7bbf8ec8d70,69a1b278a2342e6c08876bcf,5276,trial,1
3270,31,5,0,0,,United Kingdom,slightly_frowning_face,6,207745,1772205545941,1772205338196,female,true,7,5f78eb1e3074f64de5e59754,69a1b5139105d7bbf8ec8d70,69a1b278a2342e6c08876bcf,20402,trial,1
3270,31,7,0,0,,United Kingdom,pensive,6,207745,1772205545941,1772205338196,female,true,7,5f78eb1e3074f64de5e59754,69a1b5139105d7bbf8ec8d70,69a1b278a2342e6c08876bcf,4903,trial,1
3270,31,5,5,1,,United Kingdom,arrow_up,6,207745,1772205545941,1772205338196,female,false,7,5f78eb1e3074f64de5e59754,69a1b5139105d7bbf8ec8d70,69a1b278a2342e6c08876bcf,5654,attention,6
3270,31,8,0,0,,United Kingdom,angry,6,207745,1772205545941,1772205338196,female,true,7,5f78eb1e3074f64de5e59754,69a1b5139105d7bbf8ec8d70,69a1b278a2342e6c08876bcf,14424,trial,1
3270,31,8,0,0,,United Kingdom,laughing,6,207745,1772205545941,1772205338196,female,true,7,5f78eb1e3074f64de5e59754,69a1b5139105d7bbf8ec8d70,69a1b278a2342e6c08876bcf,14465,trial,9
3270,31,6,0,0,,United Kingdom,relaxed,6,207745,1772205545941,1772205338196,female,true,7,5f78eb1e3074f64de5e59754,69a1b5139105d7bbf8ec8d70,69a1b278a2342e6c08876bcf,5188,trial,9
3270,31,6,0,0,,United Kingdom,white_frowning_face,6,207745,1772205545941,1772205338196,female,true,7,5f78eb1e3074f64de5e59754,69a1b5139105d7bbf8ec8d70,69a1b278a2342e6c08876bcf,6041,trial,1
3272,34,2,0,0,,United Kingdom,pensive,6,112304,1772205548726,1772205436422,female,true,7,6786d7955dfbf40eae7ed3d9,69a1b5767f0e9e5bb5f0b545,69a1b278a2342e6c08876bcf,8032,trial,2
3272,34,7,0,0,,United Kingdom,weary,6,112304,1772205548726,1772205436422,female,true,7,6786d7955dfbf40eae7ed3d9,69a1b5767f0e9e5bb5f0b545,69a1b278a2342e6c08876bcf,8933,trial,2
3272,34,5,0,0,,United Kingdom,angry,6,112304,1772205548726,1772205436422,female,true,7,6786d7955dfbf40eae7ed3d9,69a1b5767f0e9e5bb5f0b545,69a1b278a2342e6c08876bcf,8033,trial,5
3272,34,5,0,0,,United Kingdom,grinning,6,112304,1772205548726,1772205436422,female,true,7,6786d7955dfbf40eae7ed3d9,69a1b5767f0e9e5bb5f0b545,69a1b278a2342e6c08876bcf,5033,trial,5
3272,34,5,5,3,,United Kingdom,arrow_up,6,112304,1772205548726,1772205436422,female,true,7,6786d7955dfbf40eae7ed3d9,69a1b5767f0e9e5bb5f0b545,69a1b278a2342e6c08876bcf,4584,attention,3
3272,34,4,0,0,,United Kingdom,slightly_smiling_face,6,112304,1772205548726,1772205436422,female,true,7,6786d7955dfbf40eae7ed3d9,69a1b5767f0e9e5bb5f0b545,69a1b278a2342e6c08876bcf,9833,trial,6
3272,34,7,0,0,,United Kingdom,relaxed,6,112304,1772205548726,1772205436422,female,true,7,6786d7955dfbf40eae7ed3d9,69a1b5767f0e9e5bb5f0b545,69a1b278a2342e6c08876bcf,5949,trial,8
3272,34,9,0,0,,United Kingdom,laughing,6,112304,1772205548726,1772205436422,female,true,7,6786d7955dfbf40eae7ed3d9,69a1b5767f0e9e5bb5f0b545,69a1b278a2342e6c08876bcf,4599,trial,9
3272,34,5,0,0,,United Kingdom,neutral_face,6,112304,1772205548726,1772205436422,female,true,7,6786d7955dfbf40eae7ed3d9,69a1b5767f0e9e5bb5f0b545,69a1b278a2342e6c08876bcf,4134,trial,5
3272,34,3,4,5,,United Kingdom,arrow_up,6,112304,1772205548726,1772205436422,female,false,7,6786d7955dfbf40eae7ed3d9,69a1b5767f0e9e5bb5f0b545,69a1b278a2342e6c08876bcf,6166,attention,6
3272,34,5,0,0,,United Kingdom,smile,6,112304,1772205548726,1772205436422,female,true,7,6786d7955dfbf40eae7ed3d9,69a1b5767f0e9e5bb5f0b545,69a1b278a2342e6c08876bcf,6667,trial,5
3272,34,2,0,0,,United Kingdom,slightly_frowning_face,6,112304,1772205548726,1772205436422,female,true,7,6786d7955dfbf40eae7ed3d9,69a1b5767f0e9e5bb5f0b545,69a1b278a2342e6c08876bcf,10483,trial,2
3272,34,2,0,0,,United Kingdom,white_frowning_face,6,112304,1772205548726,1772205436422,female,true,7,6786d7955dfbf40eae7ed3d9,69a1b5767f0e9e5bb5f0b545,69a1b278a2342e6c08876bcf,3067,trial,1
3272,34,6,0,0,,United Kingdom,kissing,6,112304,1772205548726,1772205436422,female,true,7,6786d7955dfbf40eae7ed3d9,69a1b5767f0e9e5bb5f0b545,69a1b278a2342e6c08876bcf,5499,trial,7
3276,36,8,0,0,,Ireland,kissing,7,231719,1772205557254,1772205325535,female,true,7,697e2331d6358c74ada83a84,69a1b4ff1f79239a26f2cae4,69a1b278a2342e6c08876bcf,18934,trial,6
3276,36,9,0,0,,Ireland,laughing,7,231719,1772205557254,1772205325535,female,true,7,697e2331d6358c74ada83a84,69a1b4ff1f79239a26f2cae4,69a1b278a2342e6c08876bcf,14766,trial,9
3276,36,9,0,0,,Ireland,grinning,7,231719,1772205557254,1772205325535,female,true,7,697e2331d6358c74ada83a84,69a1b4ff1f79239a26f2cae4,69a1b278a2342e6c08876bcf,7205,trial,9
3276,36,9,0,0,,Ireland,relaxed,7,231719,1772205557254,1772205325535,female,true,7,697e2331d6358c74ada83a84,69a1b4ff1f79239a26f2cae4,69a1b278a2342e6c08876bcf,6060,trial,9
3276,36,4,4,4,,Ireland,arrow_up,7,231719,1772205557254,1772205325535,female,true,7,697e2331d6358c74ada83a84,69a1b4ff1f79239a26f2cae4,69a1b278a2342e6c08876bcf,47659,attention,4
3276,36,3,0,0,,Ireland,pensive,7,231719,1772205557254,1772205325535,female,true,7,697e2331d6358c74ada83a84,69a1b4ff1f79239a26f2cae4,69a1b278a2342e6c08876bcf,15090,trial,2
3276,36,3,0,0,,Ireland,weary,7,231719,1772205557254,1772205325535,female,true,7,697e2331d6358c74ada83a84,69a1b4ff1f79239a26f2cae4,69a1b278a2342e6c08876bcf,5277,trial,3
3276,36,6,0,0,,Ireland,slightly_smiling_face,7,231719,1772205557254,1772205325535,female,true,7,697e2331d6358c74ada83a84,69a1b4ff1f79239a26f2cae4,69a1b278a2342e6c08876bcf,10374,trial,9
3276,36,1,0,0,,Ireland,slightly_frowning_face,7,231719,1772205557254,1772205325535,female,true,7,697e2331d6358c74ada83a84,69a1b4ff1f79239a26f2cae4,69a1b278a2342e6c08876bcf,7948,trial,1
3276,36,3,3,5,,Ireland,arrow_up,7,231719,1772205557254,1772205325535,female,true,7,697e2331d6358c74ada83a84,69a1b4ff1f79239a26f2cae4,69a1b278a2342e6c08876bcf,9593,attention,5
3276,36,9,0,0,,Ireland,smile,7,231719,1772205557254,1772205325535,female,true,7,697e2331d6358c74ada83a84,69a1b4ff1f79239a26f2cae4,69a1b278a2342e6c08876bcf,4513,trial,9
3276,36,1,0,0,,Ireland,white_frowning_face,7,231719,1772205557254,1772205325535,female,true,7,697e2331d6358c74ada83a84,69a1b4ff1f79239a26f2cae4,69a1b278a2342e6c08876bcf,5183,trial,1
3276,36,1,0,0,,Ireland,angry,7,231719,1772205557254,1772205325535,female,true,7,697e2331d6358c74ada83a84,69a1b4ff1f79239a26f2cae4,69a1b278a2342e6c08876bcf,5013,trial,1
3276,36,4,0,0,,Ireland,neutral_face,7,231719,1772205557254,1772205325535,female,true,7,697e2331d6358c74ada83a84,69a1b4ff1f79239a26f2cae4,69a1b278a2342e6c08876bcf,6399,trial,4
3273,56,3,0,0,great survey,United Kingdom,angry,5,165985,1772205552063,1772205386078,male,true,7,62e023ed4b0fdb8c95a9e47f,69a1b53df40f837b4ec2d7fb,69a1b278a2342e6c08876bcf,11084,trial,2
3273,56,4,0,0,great survey,United Kingdom,white_frowning_face,5,165985,1772205552063,1772205386078,male,true,7,62e023ed4b0fdb8c95a9e47f,69a1b53df40f837b4ec2d7fb,69a1b278a2342e6c08876bcf,6165,trial,1
3273,56,5,0,0,great survey,United Kingdom,weary,5,165985,1772205552063,1772205386078,male,true,7,62e023ed4b0fdb8c95a9e47f,69a1b53df40f837b4ec2d7fb,69a1b278a2342e6c08876bcf,11449,trial,1
3273,56,7,0,0,great survey,United Kingdom,kissing,5,165985,1772205552063,1772205386078,male,true,7,62e023ed4b0fdb8c95a9e47f,69a1b53df40f837b4ec2d7fb,69a1b278a2342e6c08876bcf,6096,trial,6
3273,56,5,5,3,great survey,United Kingdom,arrow_up,5,165985,1772205552063,1772205386078,male,true,7,62e023ed4b0fdb8c95a9e47f,69a1b53df40f837b4ec2d7fb,69a1b278a2342e6c08876bcf,8448,attention,3
3273,56,9,0,0,great survey,United Kingdom,laughing,5,165985,1772205552063,1772205386078,male,true,7,62e023ed4b0fdb8c95a9e47f,69a1b53df40f837b4ec2d7fb,69a1b278a2342e6c08876bcf,5832,trial,8
3273,56,8,0,0,great survey,United Kingdom,slightly_smiling_face,5,165985,1772205552063,1772205386078,male,true,7,62e023ed4b0fdb8c95a9e47f,69a1b53df40f837b4ec2d7fb,69a1b278a2342e6c08876bcf,8649,trial,8
3273,56,3,0,0,great survey,United Kingdom,relaxed,5,165985,1772205552063,1772205386078,male,true,7,62e023ed4b0fdb8c95a9e47f,69a1b53df40f837b4ec2d7fb,69a1b278a2342e6c08876bcf,9586,trial,5
3273,56,5,0,0,great survey,United Kingdom,slightly_frowning_face,5,165985,1772205552063,1772205386078,male,true,7,62e023ed4b0fdb8c95a9e47f,69a1b53df40f837b4ec2d7fb,69a1b278a2342e6c08876bcf,5098,trial,2
3273,56,1,1,1,great survey,United Kingdom,arrow_up,5,165985,1772205552063,1772205386078,male,true,7,62e023ed4b0fdb8c95a9e47f,69a1b53df40f837b4ec2d7fb,69a1b278a2342e6c08876bcf,5615,attention,1
3273,56,4,0,0,great survey,United Kingdom,neutral_face,5,165985,1772205552063,1772205386078,male,true,7,62e023ed4b0fdb8c95a9e47f,69a1b53df40f837b4ec2d7fb,69a1b278a2342e6c08876bcf,26216,trial,5
3273,56,3,0,0,great survey,United Kingdom,pensive,5,165985,1772205552063,1772205386078,male,true,7,62e023ed4b0fdb8c95a9e47f,69a1b53df40f837b4ec2d7fb,69a1b278a2342e6c08876bcf,6883,trial,5
3273,56,8,0,0,great survey,United Kingdom,smile,5,165985,1772205552063,1772205386078,male,true,7,62e023ed4b0fdb8c95a9e47f,69a1b53df40f837b4ec2d7fb,69a1b278a2342e6c08876bcf,5032,trial,8
3273,56,8,0,0,great survey,United Kingdom,grinning,5,165985,1772205552063,1772205386078,male,true,7,62e023ed4b0fdb8c95a9e47f,69a1b53df40f837b4ec2d7fb,69a1b278a2342e6c08876bcf,4114,trial,8
3275,35,9,0,0,,United Kingdom,grinning,6,142801,1772205554134,1772205411333,male,true,7,62c5d0a30d24dacc10d5ad1b,69a1b55a92b1fe54846dd29c,69a1b278a2342e6c08876bcf,14899,trial,9
3275,35,4,0,0,,United Kingdom,slightly_smiling_face,6,142801,1772205554134,1772205411333,male,true,7,62c5d0a30d24dacc10d5ad1b,69a1b55a92b1fe54846dd29c,69a1b278a2342e6c08876bcf,8716,trial,6
3275,35,1,0,0,,United Kingdom,relaxed,6,142801,1772205554134,1772205411333,male,true,7,62c5d0a30d24dacc10d5ad1b,69a1b55a92b1fe54846dd29c,69a1b278a2342e6c08876bcf,5711,trial,9
3275,35,6,0,0,,United Kingdom,neutral_face,6,142801,1772205554134,1772205411333,male,true,7,62c5d0a30d24dacc10d5ad1b,69a1b55a92b1fe54846dd29c,69a1b278a2342e6c08876bcf,8254,trial,3
3275,35,3,3,2,,United Kingdom,arrow_up,6,142801,1772205554134,1772205411333,male,true,7,62c5d0a30d24dacc10d5ad1b,69a1b55a92b1fe54846dd29c,69a1b278a2342e6c08876bcf,9102,attention,2
3275,35,6,0,0,,United Kingdom,kissing,6,142801,1772205554134,1772205411333,male,true,7,62c5d0a30d24dacc10d5ad1b,69a1b55a92b1fe54846dd29c,69a1b278a2342e6c08876bcf,10149,trial,7
3275,35,7,0,0,,United Kingdom,white_frowning_face,6,142801,1772205554134,1772205411333,male,true,7,62c5d0a30d24dacc10d5ad1b,69a1b55a92b1fe54846dd29c,69a1b278a2342e6c08876bcf,11117,trial,2
3275,35,5,0,0,,United Kingdom,slightly_frowning_face,6,142801,1772205554134,1772205411333,male,true,7,62c5d0a30d24dacc10d5ad1b,69a1b55a92b1fe54846dd29c,69a1b278a2342e6c08876bcf,6633,trial,4
3275,35,8,0,0,,United Kingdom,weary,6,142801,1772205554134,1772205411333,male,true,7,62c5d0a30d24dacc10d5ad1b,69a1b55a92b1fe54846dd29c,69a1b278a2342e6c08876bcf,5368,trial,2
3275,35,2,2,1,,United Kingdom,arrow_up,6,142801,1772205554134,1772205411333,male,true,7,62c5d0a30d24dacc10d5ad1b,69a1b55a92b1fe54846dd29c,69a1b278a2342e6c08876bcf,8834,attention,1
3275,35,4,0,0,,United Kingdom,pensive,6,142801,1772205554134,1772205411333,male,true,7,62c5d0a30d24dacc10d5ad1b,69a1b55a92b1fe54846dd29c,69a1b278a2342e6c08876bcf,6317,trial,3
3275,35,9,0,0,,United Kingdom,smile,6,142801,1772205554134,1772205411333,male,true,7,62c5d0a30d24dacc10d5ad1b,69a1b55a92b1fe54846dd29c,69a1b278a2342e6c08876bcf,4766,trial,9
3275,35,9,0,0,,United Kingdom,laughing,6,142801,1772205554134,1772205411333,male,true,7,62c5d0a30d24dacc10d5ad1b,69a1b55a92b1fe54846dd29c,69a1b278a2342e6c08876bcf,5004,trial,9
3275,35,8,0,0,,United Kingdom,angry,6,142801,1772205554134,1772205411333,male,true,7,62c5d0a30d24dacc10d5ad1b,69a1b55a92b1fe54846dd29c,69a1b278a2342e6c08876bcf,6718,trial,1
3274,42,5,0,0,,United States of America,relaxed,6,203838,1772205552455,1772205348617,female,true,7,67838c00a0e049fdf173f9bd,69a1b506f4a1a2f398c318fe,69a1b278a2342e6c08876bcf,21797,trial,8
3274,42,4,0,0,,United States of America,neutral_face,6,203838,1772205552455,1772205348617,female,true,7,67838c00a0e049fdf173f9bd,69a1b506f4a1a2f398c318fe,69a1b278a2342e6c08876bcf,8124,trial,4
3274,42,8,0,0,,United States of America,grinning,6,203838,1772205552455,1772205348617,female,true,7,67838c00a0e049fdf173f9bd,69a1b506f4a1a2f398c318fe,69a1b278a2342e6c08876bcf,31446,trial,9
3274,42,9,0,0,,United States of America,smile,6,203838,1772205552455,1772205348617,female,true,7,67838c00a0e049fdf173f9bd,69a1b506f4a1a2f398c318fe,69a1b278a2342e6c08876bcf,5512,trial,9
3274,42,5,5,2,,United States of America,arrow_up,6,203838,1772205552455,1772205348617,female,true,7,67838c00a0e049fdf173f9bd,69a1b506f4a1a2f398c318fe,69a1b278a2342e6c08876bcf,8476,attention,2
3274,42,6,0,0,,United States of America,white_frowning_face,6,203838,1772205552455,1772205348617,female,true,7,67838c00a0e049fdf173f9bd,69a1b506f4a1a2f398c318fe,69a1b278a2342e6c08876bcf,8547,trial,2
3274,42,9,0,0,,United States of America,angry,6,203838,1772205552455,1772205348617,female,true,7,67838c00a0e049fdf173f9bd,69a1b506f4a1a2f398c318fe,69a1b278a2342e6c08876bcf,6551,trial,1
3274,42,8,0,0,,United States of America,weary,6,203838,1772205552455,1772205348617,female,true,7,67838c00a0e049fdf173f9bd,69a1b506f4a1a2f398c318fe,69a1b278a2342e6c08876bcf,7303,trial,2
3274,42,4,0,0,,United States of America,slightly_smiling_face,6,203838,1772205552455,1772205348617,female,true,7,67838c00a0e049fdf173f9bd,69a1b506f4a1a2f398c318fe,69a1b278a2342e6c08876bcf,10524,trial,6
3274,42,5,5,1,,United States of America,arrow_up,6,203838,1772205552455,1772205348617,female,true,7,67838c00a0e049fdf173f9bd,69a1b506f4a1a2f398c318fe,69a1b278a2342e6c08876bcf,6238,attention,1
3274,42,3,0,0,,United States of America,slightly_frowning_face,6,203838,1772205552455,1772205348617,female,true,7,67838c00a0e049fdf173f9bd,69a1b506f4a1a2f398c318fe,69a1b278a2342e6c08876bcf,8390,trial,3
3274,42,9,0,0,,United States of America,laughing,6,203838,1772205552455,1772205348617,female,true,7,67838c00a0e049fdf173f9bd,69a1b506f4a1a2f398c318fe,69a1b278a2342e6c08876bcf,7939,trial,7
3274,42,3,0,0,,United States of America,pensive,6,203838,1772205552455,1772205348617,female,true,7,67838c00a0e049fdf173f9bd,69a1b506f4a1a2f398c318fe,69a1b278a2342e6c08876bcf,7294,trial,2
3274,42,7,0,0,,United States of America,kissing,6,203838,1772205552455,1772205348617,female,true,7,67838c00a0e049fdf173f9bd,69a1b506f4a1a2f398c318fe,69a1b278a2342e6c08876bcf,9670,trial,5
3280,63,8,0,0,fun study,United States of America,relaxed,6,159537,1772205570232,1772205410695,female,true,7,5bbf523d83f9790001ce549a,69a1b53dcf405e61d915d67a,69a1b278a2342e6c08876bcf,18649,trial,9
3280,63,4,0,0,fun study,United States of America,neutral_face,6,159537,1772205570232,1772205410695,female,true,7,5bbf523d83f9790001ce549a,69a1b53dcf405e61d915d67a,69a1b278a2342e6c08876bcf,6663,trial,5
3280,63,9,0,0,fun study,United States of America,smile,6,159537,1772205570232,1772205410695,female,true,7,5bbf523d83f9790001ce549a,69a1b53dcf405e61d915d67a,69a1b278a2342e6c08876bcf,6776,trial,9
3280,63,4,0,0,fun study,United States of America,pensive,6,159537,1772205570232,1772205410695,female,true,7,5bbf523d83f9790001ce549a,69a1b53dcf405e61d915d67a,69a1b278a2342e6c08876bcf,6504,trial,1
3280,63,1,1,3,fun study,United States of America,arrow_up,6,159537,1772205570232,1772205410695,female,true,7,5bbf523d83f9790001ce549a,69a1b53dcf405e61d915d67a,69a1b278a2342e6c08876bcf,11992,attention,3
3280,63,4,0,0,fun study,United States of America,weary,6,159537,1772205570232,1772205410695,female,true,7,5bbf523d83f9790001ce549a,69a1b53dcf405e61d915d67a,69a1b278a2342e6c08876bcf,9776,trial,1
3280,63,8,0,0,fun study,United States of America,slightly_smiling_face,6,159537,1772205570232,1772205410695,female,true,7,5bbf523d83f9790001ce549a,69a1b53dcf405e61d915d67a,69a1b278a2342e6c08876bcf,6711,trial,9
3280,63,8,0,0,fun study,United States of America,kissing,6,159537,1772205570232,1772205410695,female,true,7,5bbf523d83f9790001ce549a,69a1b53dcf405e61d915d67a,69a1b278a2342e6c08876bcf,4328,trial,8
3280,63,9,0,0,fun study,United States of America,grinning,6,159537,1772205570232,1772205410695,female,true,7,5bbf523d83f9790001ce549a,69a1b53dcf405e61d915d67a,69a1b278a2342e6c08876bcf,4072,trial,9
3280,63,2,2,1,fun study,United States of America,arrow_up,6,159537,1772205570232,1772205410695,female,true,7,5bbf523d83f9790001ce549a,69a1b53dcf405e61d915d67a,69a1b278a2342e6c08876bcf,7081,attention,1
3280,63,7,0,0,fun study,United States of America,white_frowning_face,6,159537,1772205570232,1772205410695,female,true,7,5bbf523d83f9790001ce549a,69a1b53dcf405e61d915d67a,69a1b278a2342e6c08876bcf,6584,trial,1
3280,63,9,0,0,fun study,United States of America,laughing,6,159537,1772205570232,1772205410695,female,true,7,5bbf523d83f9790001ce549a,69a1b53dcf405e61d915d67a,69a1b278a2342e6c08876bcf,3816,trial,9
3280,63,7,0,0,fun study,United States of America,angry,6,159537,1772205570232,1772205410695,female,true,7,5bbf523d83f9790001ce549a,69a1b53dcf405e61d915d67a,69a1b278a2342e6c08876bcf,5128,trial,1
3280,63,6,0,0,fun study,United States of America,slightly_frowning_face,6,159537,1772205570232,1772205410695,female,true,7,5bbf523d83f9790001ce549a,69a1b53dcf405e61d915d67a,69a1b278a2342e6c08876bcf,4727,trial,1
3281,32,7,0,0,,United Kingdom,laughing,6,119180,1772205570752,1772205451572,male,true,7,6543af72769aacc0bf14521e,69a1b585c9bccd06929caa9e,69a1b278a2342e6c08876bcf,14570,trial,6
3281,32,2,0,0,,United Kingdom,slightly_frowning_face,6,119180,1772205570752,1772205451572,male,true,7,6543af72769aacc0bf14521e,69a1b585c9bccd06929caa9e,69a1b278a2342e6c08876bcf,6043,trial,1
3281,32,7,0,0,,United Kingdom,smile,6,119180,1772205570752,1772205451572,male,true,7,6543af72769aacc0bf14521e,69a1b585c9bccd06929caa9e,69a1b278a2342e6c08876bcf,4791,trial,9
3281,32,1,0,0,,United Kingdom,pensive,6,119180,1772205570752,1772205451572,male,true,7,6543af72769aacc0bf14521e,69a1b585c9bccd06929caa9e,69a1b278a2342e6c08876bcf,5077,trial,2
3281,32,1,1,1,,United Kingdom,arrow_up,6,119180,1772205570752,1772205451572,male,true,7,6543af72769aacc0bf14521e,69a1b585c9bccd06929caa9e,69a1b278a2342e6c08876bcf,11286,attention,1
3281,32,5,0,0,,United Kingdom,grinning,6,119180,1772205570752,1772205451572,male,true,7,6543af72769aacc0bf14521e,69a1b585c9bccd06929caa9e,69a1b278a2342e6c08876bcf,6826,trial,8
3281,32,8,0,0,,United Kingdom,kissing,6,119180,1772205570752,1772205451572,male,true,7,6543af72769aacc0bf14521e,69a1b585c9bccd06929caa9e,69a1b278a2342e6c08876bcf,5300,trial,8
3281,32,9,0,0,,United Kingdom,angry,6,119180,1772205570752,1772205451572,male,true,7,6543af72769aacc0bf14521e,69a1b585c9bccd06929caa9e,69a1b278a2342e6c08876bcf,6898,trial,1
3281,32,2,0,0,,United Kingdom,slightly_smiling_face,6,119180,1772205570752,1772205451572,male,true,7,6543af72769aacc0bf14521e,69a1b585c9bccd06929caa9e,69a1b278a2342e6c08876bcf,5777,trial,7
3281,32,4,4,5,,United Kingdom,arrow_up,6,119180,1772205570752,1772205451572,male,true,7,6543af72769aacc0bf14521e,69a1b585c9bccd06929caa9e,69a1b278a2342e6c08876bcf,6385,attention,5
3281,32,2,0,0,,United Kingdom,neutral_face,6,119180,1772205570752,1772205451572,male,true,7,6543af72769aacc0bf14521e,69a1b585c9bccd06929caa9e,69a1b278a2342e6c08876bcf,4655,trial,2
3281,32,4,0,0,,United Kingdom,white_frowning_face,6,119180,1772205570752,1772205451572,male,true,7,6543af72769aacc0bf14521e,69a1b585c9bccd06929caa9e,69a1b278a2342e6c08876bcf,3856,trial,1
3281,32,6,0,0,,United Kingdom,weary,6,119180,1772205570752,1772205451572,male,true,7,6543af72769aacc0bf14521e,69a1b585c9bccd06929caa9e,69a1b278a2342e6c08876bcf,4830,trial,1
3281,32,6,0,0,,United Kingdom,relaxed,6,119180,1772205570752,1772205451572,male,true,7,6543af72769aacc0bf14521e,69a1b585c9bccd06929caa9e,69a1b278a2342e6c08876bcf,4830,trial,9
3283,34,8,0,0,,South Africa,weary,7,242276,1772205574766,1772205332490,female,true,7,695f9e14d4fe0b6a397d5002,69a1b4fb8237d963a752b7b7,69a1b278a2342e6c08876bcf,29080,trial,3
3283,34,7,0,0,,South Africa,laughing,7,242276,1772205574766,1772205332490,female,true,7,695f9e14d4fe0b6a397d5002,69a1b4fb8237d963a752b7b7,69a1b278a2342e6c08876bcf,20596,trial,9
3283,34,8,0,0,,South Africa,grinning,7,242276,1772205574766,1772205332490,female,true,7,695f9e14d4fe0b6a397d5002,69a1b4fb8237d963a752b7b7,69a1b278a2342e6c08876bcf,11167,trial,9
3283,34,7,0,0,,South Africa,smile,7,242276,1772205574766,1772205332490,female,true,7,695f9e14d4fe0b6a397d5002,69a1b4fb8237d963a752b7b7,69a1b278a2342e6c08876bcf,10174,trial,8
3283,34,1,1,4,,South Africa,arrow_up,7,242276,1772205574766,1772205332490,female,true,7,695f9e14d4fe0b6a397d5002,69a1b4fb8237d963a752b7b7,69a1b278a2342e6c08876bcf,26266,attention,4
3283,34,4,0,0,,South Africa,neutral_face,7,242276,1772205574766,1772205332490,female,true,7,695f9e14d4fe0b6a397d5002,69a1b4fb8237d963a752b7b7,69a1b278a2342e6c08876bcf,11051,trial,1
3283,34,2,0,0,,South Africa,relaxed,7,242276,1772205574766,1772205332490,female,true,7,695f9e14d4fe0b6a397d5002,69a1b4fb8237d963a752b7b7,69a1b278a2342e6c08876bcf,8630,trial,6
3283,34,7,0,0,,South Africa,angry,7,242276,1772205574766,1772205332490,female,true,7,695f9e14d4fe0b6a397d5002,69a1b4fb8237d963a752b7b7,69a1b278a2342e6c08876bcf,8946,trial,1
3283,34,2,0,0,,South Africa,slightly_smiling_face,7,242276,1772205574766,1772205332490,female,true,7,695f9e14d4fe0b6a397d5002,69a1b4fb8237d963a752b7b7,69a1b278a2342e6c08876bcf,11661,trial,6
3283,34,4,4,1,,South Africa,arrow_up,7,242276,1772205574766,1772205332490,female,true,7,695f9e14d4fe0b6a397d5002,69a1b4fb8237d963a752b7b7,69a1b278a2342e6c08876bcf,12294,attention,1
3283,34,3,0,0,,South Africa,white_frowning_face,7,242276,1772205574766,1772205332490,female,true,7,695f9e14d4fe0b6a397d5002,69a1b4fb8237d963a752b7b7,69a1b278a2342e6c08876bcf,8887,trial,1
3283,34,3,0,0,,South Africa,slightly_frowning_face,7,242276,1772205574766,1772205332490,female,true,7,695f9e14d4fe0b6a397d5002,69a1b4fb8237d963a752b7b7,69a1b278a2342e6c08876bcf,6420,trial,1
3283,34,3,0,0,,South Africa,pensive,7,242276,1772205574766,1772205332490,female,true,7,695f9e14d4fe0b6a397d5002,69a1b4fb8237d963a752b7b7,69a1b278a2342e6c08876bcf,9473,trial,3
3283,34,9,0,0,,South Africa,kissing,7,242276,1772205574766,1772205332490,female,true,7,695f9e14d4fe0b6a397d5002,69a1b4fb8237d963a752b7b7,69a1b278a2342e6c08876bcf,6968,trial,8
3284,48,8,0,0,,Canada,weary,7,210906,1772205578815,1772205367909,female,true,7,6997657c634ff1298999e05a,69a1b51effac1db35ef6d36c,69a1b278a2342e6c08876bcf,13097,trial,3
3284,48,5,0,0,,Canada,slightly_frowning_face,7,210906,1772205578815,1772205367909,female,true,7,6997657c634ff1298999e05a,69a1b51effac1db35ef6d36c,69a1b278a2342e6c08876bcf,14645,trial,4
3284,48,5,0,0,,Canada,neutral_face,7,210906,1772205578815,1772205367909,female,true,7,6997657c634ff1298999e05a,69a1b51effac1db35ef6d36c,69a1b278a2342e6c08876bcf,12321,trial,5
3284,48,6,0,0,,Canada,kissing,7,210906,1772205578815,1772205367909,female,true,7,6997657c634ff1298999e05a,69a1b51effac1db35ef6d36c,69a1b278a2342e6c08876bcf,12473,trial,6
3284,48,2,2,1,,Canada,arrow_up,7,210906,1772205578815,1772205367909,female,true,7,6997657c634ff1298999e05a,69a1b51effac1db35ef6d36c,69a1b278a2342e6c08876bcf,10222,attention,1
3284,48,8,0,0,,Canada,angry,7,210906,1772205578815,1772205367909,female,true,7,6997657c634ff1298999e05a,69a1b51effac1db35ef6d36c,69a1b278a2342e6c08876bcf,10328,trial,2
3284,48,6,0,0,,Canada,pensive,7,210906,1772205578815,1772205367909,female,true,7,6997657c634ff1298999e05a,69a1b51effac1db35ef6d36c,69a1b278a2342e6c08876bcf,14570,trial,4
3284,48,7,0,0,,Canada,white_frowning_face,7,210906,1772205578815,1772205367909,female,true,7,6997657c634ff1298999e05a,69a1b51effac1db35ef6d36c,69a1b278a2342e6c08876bcf,12129,trial,3
3284,48,7,0,0,,Canada,relaxed,7,210906,1772205578815,1772205367909,female,true,7,6997657c634ff1298999e05a,69a1b51effac1db35ef6d36c,69a1b278a2342e6c08876bcf,14961,trial,7
3284,48,4,4,2,,Canada,arrow_up,7,210906,1772205578815,1772205367909,female,true,7,6997657c634ff1298999e05a,69a1b51effac1db35ef6d36c,69a1b278a2342e6c08876bcf,7698,attention,2
3284,48,8,0,0,,Canada,laughing,7,210906,1772205578815,1772205367909,female,true,7,6997657c634ff1298999e05a,69a1b51effac1db35ef6d36c,69a1b278a2342e6c08876bcf,12140,trial,7
3284,48,7,0,0,,Canada,smile,7,210906,1772205578815,1772205367909,female,true,7,6997657c634ff1298999e05a,69a1b51effac1db35ef6d36c,69a1b278a2342e6c08876bcf,9193,trial,7
3284,48,6,0,0,,Canada,grinning,7,210906,1772205578815,1772205367909,female,true,7,6997657c634ff1298999e05a,69a1b51effac1db35ef6d36c,69a1b278a2342e6c08876bcf,10864,trial,6
3284,48,6,0,0,,Canada,slightly_smiling_face,7,210906,1772205578815,1772205367909,female,true,7,6997657c634ff1298999e05a,69a1b51effac1db35ef6d36c,69a1b278a2342e6c08876bcf,8270,trial,6
3285,47,3,0,0,,United States of America,kissing,7,125183,1772205579530,1772205454347,male,true,7,5c3a865019ceb400010c914a,69a1b5865c9bbf33ac47d20c,69a1b278a2342e6c08876bcf,7474,trial,9
3285,47,6,0,0,,United States of America,weary,7,125183,1772205579530,1772205454347,male,true,7,5c3a865019ceb400010c914a,69a1b5865c9bbf33ac47d20c,69a1b278a2342e6c08876bcf,9230,trial,2
3285,47,2,0,0,,United States of America,slightly_smiling_face,7,125183,1772205579530,1772205454347,male,true,7,5c3a865019ceb400010c914a,69a1b5865c9bbf33ac47d20c,69a1b278a2342e6c08876bcf,5553,trial,9
3285,47,7,0,0,,United States of America,angry,7,125183,1772205579530,1772205454347,male,true,7,5c3a865019ceb400010c914a,69a1b5865c9bbf33ac47d20c,69a1b278a2342e6c08876bcf,6667,trial,2
3285,47,1,1,5,,United States of America,arrow_up,7,125183,1772205579530,1772205454347,male,true,7,5c3a865019ceb400010c914a,69a1b5865c9bbf33ac47d20c,69a1b278a2342e6c08876bcf,8030,attention,5
3285,47,7,0,0,,United States of America,white_frowning_face,7,125183,1772205579530,1772205454347,male,true,7,5c3a865019ceb400010c914a,69a1b5865c9bbf33ac47d20c,69a1b278a2342e6c08876bcf,5615,trial,2
3285,47,7,0,0,,United States of America,laughing,7,125183,1772205579530,1772205454347,male,true,7,5c3a865019ceb400010c914a,69a1b5865c9bbf33ac47d20c,69a1b278a2342e6c08876bcf,6038,trial,8
3285,47,7,0,0,,United States of America,smile,7,125183,1772205579530,1772205454347,male,true,7,5c3a865019ceb400010c914a,69a1b5865c9bbf33ac47d20c,69a1b278a2342e6c08876bcf,5622,trial,7
3285,47,3,0,0,,United States of America,relaxed,7,125183,1772205579530,1772205454347,male,true,7,5c3a865019ceb400010c914a,69a1b5865c9bbf33ac47d20c,69a1b278a2342e6c08876bcf,5366,trial,8
3285,47,1,1,4,,United States of America,arrow_up,7,125183,1772205579530,1772205454347,male,true,7,5c3a865019ceb400010c914a,69a1b5865c9bbf33ac47d20c,69a1b278a2342e6c08876bcf,4826,attention,4
3285,47,1,0,0,,United States of America,neutral_face,7,125183,1772205579530,1772205454347,male,true,7,5c3a865019ceb400010c914a,69a1b5865c9bbf33ac47d20c,69a1b278a2342e6c08876bcf,5268,trial,5
3285,47,3,0,0,,United States of America,slightly_frowning_face,7,125183,1772205579530,1772205454347,male,true,7,5c3a865019ceb400010c914a,69a1b5865c9bbf33ac47d20c,69a1b278a2342e6c08876bcf,4314,trial,2
3285,47,4,0,0,,United States of America,pensive,7,125183,1772205579530,1772205454347,male,true,7,5c3a865019ceb400010c914a,69a1b5865c9bbf33ac47d20c,69a1b278a2342e6c08876bcf,5116,trial,1
3285,47,8,0,0,,United States of America,grinning,7,125183,1772205579530,1772205454347,male,true,7,5c3a865019ceb400010c914a,69a1b5865c9bbf33ac47d20c,69a1b278a2342e6c08876bcf,4492,trial,7
3286,72,6,0,0,,United States of America,kissing,3,251947,1772205581360,1772205329413,male,true,7,675758f40df8b09c8aa98ad0,69a1b507b99bbddf7390e2f2,69a1b278a2342e6c08876bcf,25748,trial,4
3286,72,7,0,0,,United States of America,slightly_smiling_face,3,251947,1772205581360,1772205329413,male,true,7,675758f40df8b09c8aa98ad0,69a1b507b99bbddf7390e2f2,69a1b278a2342e6c08876bcf,15276,trial,8
3286,72,8,0,0,,United States of America,angry,3,251947,1772205581360,1772205329413,male,true,7,675758f40df8b09c8aa98ad0,69a1b507b99bbddf7390e2f2,69a1b278a2342e6c08876bcf,13414,trial,2
3286,72,6,0,0,,United States of America,slightly_frowning_face,3,251947,1772205581360,1772205329413,male,true,7,675758f40df8b09c8aa98ad0,69a1b507b99bbddf7390e2f2,69a1b278a2342e6c08876bcf,23474,trial,2
3286,72,3,3,1,,United States of America,arrow_up,3,251947,1772205581360,1772205329413,male,true,7,675758f40df8b09c8aa98ad0,69a1b507b99bbddf7390e2f2,69a1b278a2342e6c08876bcf,9632,attention,1
3286,72,7,0,0,,United States of America,grinning,3,251947,1772205581360,1772205329413,male,true,7,675758f40df8b09c8aa98ad0,69a1b507b99bbddf7390e2f2,69a1b278a2342e6c08876bcf,11062,trial,8
3286,72,8,0,0,,United States of America,laughing,3,251947,1772205581360,1772205329413,male,true,7,675758f40df8b09c8aa98ad0,69a1b507b99bbddf7390e2f2,69a1b278a2342e6c08876bcf,10609,trial,8
3286,72,4,0,0,,United States of America,neutral_face,3,251947,1772205581360,1772205329413,male,true,7,675758f40df8b09c8aa98ad0,69a1b507b99bbddf7390e2f2,69a1b278a2342e6c08876bcf,21215,trial,4
3286,72,5,0,0,,United States of America,pensive,3,251947,1772205581360,1772205329413,male,true,7,675758f40df8b09c8aa98ad0,69a1b507b99bbddf7390e2f2,69a1b278a2342e6c08876bcf,22721,trial,2
3286,72,2,2,3,,United States of America,arrow_up,3,251947,1772205581360,1772205329413,male,true,7,675758f40df8b09c8aa98ad0,69a1b507b99bbddf7390e2f2,69a1b278a2342e6c08876bcf,5479,attention,3
3286,72,8,0,0,,United States of America,smile,3,251947,1772205581360,1772205329413,male,true,7,675758f40df8b09c8aa98ad0,69a1b507b99bbddf7390e2f2,69a1b278a2342e6c08876bcf,11360,trial,8
3286,72,6,0,0,,United States of America,white_frowning_face,3,251947,1772205581360,1772205329413,male,true,7,675758f40df8b09c8aa98ad0,69a1b507b99bbddf7390e2f2,69a1b278a2342e6c08876bcf,13568,trial,2
3286,72,7,0,0,,United States of America,relaxed,3,251947,1772205581360,1772205329413,male,true,7,675758f40df8b09c8aa98ad0,69a1b507b99bbddf7390e2f2,69a1b278a2342e6c08876bcf,9059,trial,7
3286,72,7,0,0,,United States of America,weary,3,251947,1772205581360,1772205329413,male,true,7,675758f40df8b09c8aa98ad0,69a1b507b99bbddf7390e2f2,69a1b278a2342e6c08876bcf,11276,trial,2
3287,29,9,0,0,,United Kingdom,laughing,6,226007,1772205580167,1772205354160,male,true,7,673f0e83fbba6c167eebd6f7,69a1b500b7d5c3e15058de86,69a1b278a2342e6c08876bcf,33042,trial,7
3287,29,7,0,0,,United Kingdom,smile,6,226007,1772205580167,1772205354160,male,true,7,673f0e83fbba6c167eebd6f7,69a1b500b7d5c3e15058de86,69a1b278a2342e6c08876bcf,24516,trial,7
3287,29,3,0,0,,United Kingdom,slightly_smiling_face,6,226007,1772205580167,1772205354160,male,true,7,673f0e83fbba6c167eebd6f7,69a1b500b7d5c3e15058de86,69a1b278a2342e6c08876bcf,6666,trial,6
3287,29,6,0,0,,United Kingdom,grinning,6,226007,1772205580167,1772205354160,male,true,7,673f0e83fbba6c167eebd6f7,69a1b500b7d5c3e15058de86,69a1b278a2342e6c08876bcf,3837,trial,7
3287,29,4,4,5,,United Kingdom,arrow_up,6,226007,1772205580167,1772205354160,male,true,7,673f0e83fbba6c167eebd6f7,69a1b500b7d5c3e15058de86,69a1b278a2342e6c08876bcf,6822,attention,5
3287,29,8,0,0,,United Kingdom,angry,6,226007,1772205580167,1772205354160,male,true,7,673f0e83fbba6c167eebd6f7,69a1b500b7d5c3e15058de86,69a1b278a2342e6c08876bcf,32723,trial,2
3287,29,3,0,0,,United Kingdom,pensive,6,226007,1772205580167,1772205354160,male,true,7,673f0e83fbba6c167eebd6f7,69a1b500b7d5c3e15058de86,69a1b278a2342e6c08876bcf,17491,trial,2
3287,29,4,0,0,,United Kingdom,slightly_frowning_face,6,226007,1772205580167,1772205354160,male,true,7,673f0e83fbba6c167eebd6f7,69a1b500b7d5c3e15058de86,69a1b278a2342e6c08876bcf,6387,trial,2
3287,29,5,0,0,,United Kingdom,neutral_face,6,226007,1772205580167,1772205354160,male,true,7,673f0e83fbba6c167eebd6f7,69a1b500b7d5c3e15058de86,69a1b278a2342e6c08876bcf,18591,trial,5
3287,29,4,4,4,,United Kingdom,arrow_up,6,226007,1772205580167,1772205354160,male,true,7,673f0e83fbba6c167eebd6f7,69a1b500b7d5c3e15058de86,69a1b278a2342e6c08876bcf,3294,attention,4
3287,29,4,0,0,,United Kingdom,kissing,6,226007,1772205580167,1772205354160,male,true,7,673f0e83fbba6c167eebd6f7,69a1b500b7d5c3e15058de86,69a1b278a2342e6c08876bcf,4734,trial,5
3287,29,4,0,0,,United Kingdom,white_frowning_face,6,226007,1772205580167,1772205354160,male,true,7,673f0e83fbba6c167eebd6f7,69a1b500b7d5c3e15058de86,69a1b278a2342e6c08876bcf,13907,trial,4
3287,29,4,0,0,,United Kingdom,relaxed,6,226007,1772205580167,1772205354160,male,true,7,673f0e83fbba6c167eebd6f7,69a1b500b7d5c3e15058de86,69a1b278a2342e6c08876bcf,5946,trial,7
3287,29,9,0,0,,United Kingdom,weary,6,226007,1772205580167,1772205354160,male,true,7,673f0e83fbba6c167eebd6f7,69a1b500b7d5c3e15058de86,69a1b278a2342e6c08876bcf,7730,trial,1
3289,44,9,0,0,,Canada,grinning,7,214688,1772205585868,1772205371180,female,true,7,5a2200b38c1e5c0001713f42,69a1b50762c23e7c182669be,69a1b278a2342e6c08876bcf,9622,trial,9
3289,44,5,0,0,,Canada,relaxed,7,214688,1772205585868,1772205371180,female,true,7,5a2200b38c1e5c0001713f42,69a1b50762c23e7c182669be,69a1b278a2342e6c08876bcf,18643,trial,7
3289,44,4,0,0,,Canada,slightly_smiling_face,7,214688,1772205585868,1772205371180,female,true,7,5a2200b38c1e5c0001713f42,69a1b50762c23e7c182669be,69a1b278a2342e6c08876bcf,14431,trial,6
3289,44,6,0,0,,Canada,kissing,7,214688,1772205585868,1772205371180,female,true,7,5a2200b38c1e5c0001713f42,69a1b50762c23e7c182669be,69a1b278a2342e6c08876bcf,7462,trial,7
3289,44,2,2,1,,Canada,arrow_up,7,214688,1772205585868,1772205371180,female,true,7,5a2200b38c1e5c0001713f42,69a1b50762c23e7c182669be,69a1b278a2342e6c08876bcf,16138,attention,1
3289,44,4,0,0,,Canada,pensive,7,214688,1772205585868,1772205371180,female,true,7,5a2200b38c1e5c0001713f42,69a1b50762c23e7c182669be,69a1b278a2342e6c08876bcf,11661,trial,3
3289,44,7,0,0,,Canada,weary,7,214688,1772205585868,1772205371180,female,true,7,5a2200b38c1e5c0001713f42,69a1b50762c23e7c182669be,69a1b278a2342e6c08876bcf,11101,trial,3
3289,44,4,0,0,,Canada,white_frowning_face,7,214688,1772205585868,1772205371180,female,true,7,5a2200b38c1e5c0001713f42,69a1b50762c23e7c182669be,69a1b278a2342e6c08876bcf,15797,trial,2
3289,44,8,0,0,,Canada,angry,7,214688,1772205585868,1772205371180,female,true,7,5a2200b38c1e5c0001713f42,69a1b50762c23e7c182669be,69a1b278a2342e6c08876bcf,12144,trial,1
3289,44,4,4,1,,Canada,arrow_up,7,214688,1772205585868,1772205371180,female,true,7,5a2200b38c1e5c0001713f42,69a1b50762c23e7c182669be,69a1b278a2342e6c08876bcf,8406,attention,1
3289,44,2,0,0,,Canada,neutral_face,7,214688,1772205585868,1772205371180,female,true,7,5a2200b38c1e5c0001713f42,69a1b50762c23e7c182669be,69a1b278a2342e6c08876bcf,15269,trial,5
3289,44,2,0,0,,Canada,slightly_frowning_face,7,214688,1772205585868,1772205371180,female,true,7,5a2200b38c1e5c0001713f42,69a1b50762c23e7c182669be,69a1b278a2342e6c08876bcf,11292,trial,3
3289,44,8,0,0,,Canada,laughing,7,214688,1772205585868,1772205371180,female,true,7,5a2200b38c1e5c0001713f42,69a1b50762c23e7c182669be,69a1b278a2342e6c08876bcf,15678,trial,8
3289,44,7,0,0,,Canada,smile,7,214688,1772205585868,1772205371180,female,true,7,5a2200b38c1e5c0001713f42,69a1b50762c23e7c182669be,69a1b278a2342e6c08876bcf,9946,trial,8
3293,43,7,0,0,,United Kingdom,angry,5,92539,1772205593926,1772205501387,female,true,7,5ef89ca507b0e3040299f1a3,69a1b584ead4bbd8b0e2c3e1,69a1b278a2342e6c08876bcf,9225,trial,3
3293,43,5,0,0,,United Kingdom,slightly_frowning_face,5,92539,1772205593926,1772205501387,female,true,7,5ef89ca507b0e3040299f1a3,69a1b584ead4bbd8b0e2c3e1,69a1b278a2342e6c08876bcf,6570,trial,4
3293,43,4,0,0,,United Kingdom,white_frowning_face,5,92539,1772205593926,1772205501387,female,true,7,5ef89ca507b0e3040299f1a3,69a1b584ead4bbd8b0e2c3e1,69a1b278a2342e6c08876bcf,3536,trial,3
3293,43,7,0,0,,United Kingdom,slightly_smiling_face,5,92539,1772205593926,1772205501387,female,true,7,5ef89ca507b0e3040299f1a3,69a1b584ead4bbd8b0e2c3e1,69a1b278a2342e6c08876bcf,4575,trial,6
3293,43,5,1,1,,United Kingdom,arrow_up,5,92539,1772205593926,1772205501387,female,false,7,5ef89ca507b0e3040299f1a3,69a1b584ead4bbd8b0e2c3e1,69a1b278a2342e6c08876bcf,2845,attention,5
3293,43,8,0,0,,United Kingdom,laughing,5,92539,1772205593926,1772205501387,female,true,7,5ef89ca507b0e3040299f1a3,69a1b584ead4bbd8b0e2c3e1,69a1b278a2342e6c08876bcf,3670,trial,8
3293,43,4,0,0,,United Kingdom,pensive,5,92539,1772205593926,1772205501387,female,true,7,5ef89ca507b0e3040299f1a3,69a1b584ead4bbd8b0e2c3e1,69a1b278a2342e6c08876bcf,6990,trial,4
3293,43,6,0,0,,United Kingdom,smile,5,92539,1772205593926,1772205501387,female,true,7,5ef89ca507b0e3040299f1a3,69a1b584ead4bbd8b0e2c3e1,69a1b278a2342e6c08876bcf,3730,trial,7
3293,43,3,0,0,,United Kingdom,weary,5,92539,1772205593926,1772205501387,female,true,7,5ef89ca507b0e3040299f1a3,69a1b584ead4bbd8b0e2c3e1,69a1b278a2342e6c08876bcf,4218,trial,4
3293,43,5,5,3,,United Kingdom,arrow_up,5,92539,1772205593926,1772205501387,female,false,7,5ef89ca507b0e3040299f1a3,69a1b584ead4bbd8b0e2c3e1,69a1b278a2342e6c08876bcf,2868,attention,5
3293,43,6,0,0,,United Kingdom,neutral_face,5,92539,1772205593926,1772205501387,female,true,7,5ef89ca507b0e3040299f1a3,69a1b584ead4bbd8b0e2c3e1,69a1b278a2342e6c08876bcf,6477,trial,5
3293,43,7,0,0,,United Kingdom,grinning,5,92539,1772205593926,1772205501387,female,true,7,5ef89ca507b0e3040299f1a3,69a1b584ead4bbd8b0e2c3e1,69a1b278a2342e6c08876bcf,4998,trial,8
3293,43,6,0,0,,United Kingdom,kissing,5,92539,1772205593926,1772205501387,female,true,7,5ef89ca507b0e3040299f1a3,69a1b584ead4bbd8b0e2c3e1,69a1b278a2342e6c08876bcf,3690,trial,6
3293,43,7,0,0,,United Kingdom,relaxed,5,92539,1772205593926,1772205501387,female,true,7,5ef89ca507b0e3040299f1a3,69a1b584ead4bbd8b0e2c3e1,69a1b278a2342e6c08876bcf,2992,trial,7
3294,32,4,0,0,,Japan,weary,7,197729,1772205596086,1772205398357,female,true,7,6474ac134acd9382ba20005a,69a1b5188762a38ce8b63308,69a1b278a2342e6c08876bcf,18390,trial,4
3294,32,1,0,0,,Japan,pensive,7,197729,1772205596086,1772205398357,female,true,7,6474ac134acd9382ba20005a,69a1b5188762a38ce8b63308,69a1b278a2342e6c08876bcf,30884,trial,4
3294,32,1,0,0,,Japan,white_frowning_face,7,197729,1772205596086,1772205398357,female,true,7,6474ac134acd9382ba20005a,69a1b5188762a38ce8b63308,69a1b278a2342e6c08876bcf,11333,trial,2
3294,32,1,0,0,,Japan,neutral_face,7,197729,1772205596086,1772205398357,female,true,7,6474ac134acd9382ba20005a,69a1b5188762a38ce8b63308,69a1b278a2342e6c08876bcf,12035,trial,2
3294,32,4,4,2,,Japan,arrow_up,7,197729,1772205596086,1772205398357,female,true,7,6474ac134acd9382ba20005a,69a1b5188762a38ce8b63308,69a1b278a2342e6c08876bcf,11565,attention,2
3294,32,5,0,0,,Japan,smile,7,197729,1772205596086,1772205398357,female,true,7,6474ac134acd9382ba20005a,69a1b5188762a38ce8b63308,69a1b278a2342e6c08876bcf,13708,trial,9
3294,32,1,0,0,,Japan,angry,7,197729,1772205596086,1772205398357,female,true,7,6474ac134acd9382ba20005a,69a1b5188762a38ce8b63308,69a1b278a2342e6c08876bcf,6030,trial,1
3294,32,7,0,0,,Japan,kissing,7,197729,1772205596086,1772205398357,female,true,7,6474ac134acd9382ba20005a,69a1b5188762a38ce8b63308,69a1b278a2342e6c08876bcf,11408,trial,7
3294,32,1,0,0,,Japan,slightly_frowning_face,7,197729,1772205596086,1772205398357,female,true,7,6474ac134acd9382ba20005a,69a1b5188762a38ce8b63308,69a1b278a2342e6c08876bcf,10988,trial,1
3294,32,4,4,5,,Japan,arrow_up,7,197729,1772205596086,1772205398357,female,true,7,6474ac134acd9382ba20005a,69a1b5188762a38ce8b63308,69a1b278a2342e6c08876bcf,5597,attention,5
3294,32,1,0,0,,Japan,slightly_smiling_face,7,197729,1772205596086,1772205398357,female,true,7,6474ac134acd9382ba20005a,69a1b5188762a38ce8b63308,69a1b278a2342e6c08876bcf,15355,trial,9
3294,32,1,0,0,,Japan,grinning,7,197729,1772205596086,1772205398357,female,true,7,6474ac134acd9382ba20005a,69a1b5188762a38ce8b63308,69a1b278a2342e6c08876bcf,4986,trial,9
3294,32,5,0,0,,Japan,relaxed,7,197729,1772205596086,1772205398357,female,true,7,6474ac134acd9382ba20005a,69a1b5188762a38ce8b63308,69a1b278a2342e6c08876bcf,7375,trial,9
3294,32,5,0,0,,Japan,laughing,7,197729,1772205596086,1772205398357,female,true,7,6474ac134acd9382ba20005a,69a1b5188762a38ce8b63308,69a1b278a2342e6c08876bcf,8554,trial,5
3299,21,4,0,0,,United Kingdom,slightly_smiling_face,6,165209,1772205612147,1772205446938,male,true,7,676055469b245b53e81358d0,69a1b57f1e26c0f8c7a67533,69a1b278a2342e6c08876bcf,7326,trial,7
3299,21,8,0,0,,United Kingdom,weary,6,165209,1772205612147,1772205446938,male,true,7,676055469b245b53e81358d0,69a1b57f1e26c0f8c7a67533,69a1b278a2342e6c08876bcf,6726,trial,2
3299,21,6,0,0,,United Kingdom,relaxed,6,165209,1772205612147,1772205446938,male,true,7,676055469b245b53e81358d0,69a1b57f1e26c0f8c7a67533,69a1b278a2342e6c08876bcf,4160,trial,8
3299,21,7,0,0,,United Kingdom,laughing,6,165209,1772205612147,1772205446938,male,true,7,676055469b245b53e81358d0,69a1b57f1e26c0f8c7a67533,69a1b278a2342e6c08876bcf,5939,trial,7
3299,21,4,4,2,,United Kingdom,arrow_up,6,165209,1772205612147,1772205446938,male,true,7,676055469b245b53e81358d0,69a1b57f1e26c0f8c7a67533,69a1b278a2342e6c08876bcf,5630,attention,2
3299,21,4,0,0,,United Kingdom,white_frowning_face,6,165209,1772205612147,1772205446938,male,true,7,676055469b245b53e81358d0,69a1b57f1e26c0f8c7a67533,69a1b278a2342e6c08876bcf,5617,trial,2
3299,21,7,0,0,,United Kingdom,grinning,6,165209,1772205612147,1772205446938,male,true,7,676055469b245b53e81358d0,69a1b57f1e26c0f8c7a67533,69a1b278a2342e6c08876bcf,4787,trial,7
3299,21,8,0,0,,United Kingdom,angry,6,165209,1772205612147,1772205446938,male,true,7,676055469b245b53e81358d0,69a1b57f1e26c0f8c7a67533,69a1b278a2342e6c08876bcf,4314,trial,2
3299,21,6,0,0,,United Kingdom,slightly_frowning_face,6,165209,1772205612147,1772205446938,male,true,7,676055469b245b53e81358d0,69a1b57f1e26c0f8c7a67533,69a1b278a2342e6c08876bcf,4064,trial,3
3299,21,2,2,1,,United Kingdom,arrow_up,6,165209,1772205612147,1772205446938,male,true,7,676055469b245b53e81358d0,69a1b57f1e26c0f8c7a67533,69a1b278a2342e6c08876bcf,3971,attention,1
3299,21,4,0,0,,United Kingdom,pensive,6,165209,1772205612147,1772205446938,male,true,7,676055469b245b53e81358d0,69a1b57f1e26c0f8c7a67533,69a1b278a2342e6c08876bcf,6336,trial,3
3299,21,3,0,0,,United Kingdom,neutral_face,6,165209,1772205612147,1772205446938,male,true,7,676055469b245b53e81358d0,69a1b57f1e26c0f8c7a67533,69a1b278a2342e6c08876bcf,5591,trial,4
3299,21,7,0,0,,United Kingdom,smile,6,165209,1772205612147,1772205446938,male,true,7,676055469b245b53e81358d0,69a1b57f1e26c0f8c7a67533,69a1b278a2342e6c08876bcf,5534,trial,8
3299,21,8,0,0,,United Kingdom,kissing,6,165209,1772205612147,1772205446938,male,true,7,676055469b245b53e81358d0,69a1b57f1e26c0f8c7a67533,69a1b278a2342e6c08876bcf,4390,trial,7
3297,30,3,0,0,,United Kingdom,relaxed,5,251600,1772205602313,1772205350713,male,true,7,6761d7843f52c97b6028f43a,69a1b50f4d66769a5b7cccdd,69a1b278a2342e6c08876bcf,35314,trial,5
3297,30,7,0,0,,United Kingdom,smile,5,251600,1772205602313,1772205350713,male,true,7,6761d7843f52c97b6028f43a,69a1b50f4d66769a5b7cccdd,69a1b278a2342e6c08876bcf,22477,trial,7
3297,30,8,0,0,,United Kingdom,laughing,5,251600,1772205602313,1772205350713,male,true,7,6761d7843f52c97b6028f43a,69a1b50f4d66769a5b7cccdd,69a1b278a2342e6c08876bcf,3357,trial,8
3297,30,3,0,0,,United Kingdom,kissing,5,251600,1772205602313,1772205350713,male,true,7,6761d7843f52c97b6028f43a,69a1b50f4d66769a5b7cccdd,69a1b278a2342e6c08876bcf,20534,trial,5
3297,30,1,1,4,,United Kingdom,arrow_up,5,251600,1772205602313,1772205350713,male,true,7,6761d7843f52c97b6028f43a,69a1b50f4d66769a5b7cccdd,69a1b278a2342e6c08876bcf,4187,attention,4
3297,30,6,0,0,,United Kingdom,grinning,5,251600,1772205602313,1772205350713,male,true,7,6761d7843f52c97b6028f43a,69a1b50f4d66769a5b7cccdd,69a1b278a2342e6c08876bcf,15242,trial,6
3297,30,3,0,0,,United Kingdom,slightly_smiling_face,5,251600,1772205602313,1772205350713,male,true,7,6761d7843f52c97b6028f43a,69a1b50f4d66769a5b7cccdd,69a1b278a2342e6c08876bcf,3834,trial,7
3297,30,4,0,0,,United Kingdom,weary,5,251600,1772205602313,1772205350713,male,true,7,6761d7843f52c97b6028f43a,69a1b50f4d66769a5b7cccdd,69a1b278a2342e6c08876bcf,11058,trial,3
3297,30,5,0,0,,United Kingdom,neutral_face,5,251600,1772205602313,1772205350713,male,true,7,6761d7843f52c97b6028f43a,69a1b50f4d66769a5b7cccdd,69a1b278a2342e6c08876bcf,2973,trial,5
3297,30,4,4,3,,United Kingdom,arrow_up,5,251600,1772205602313,1772205350713,male,true,7,6761d7843f52c97b6028f43a,69a1b50f4d66769a5b7cccdd,69a1b278a2342e6c08876bcf,3578,attention,3
3297,30,4,0,0,,United Kingdom,slightly_frowning_face,5,251600,1772205602313,1772205350713,male,true,7,6761d7843f52c97b6028f43a,69a1b50f4d66769a5b7cccdd,69a1b278a2342e6c08876bcf,6938,trial,3
3297,30,4,0,0,,United Kingdom,pensive,5,251600,1772205602313,1772205350713,male,true,7,6761d7843f52c97b6028f43a,69a1b50f4d66769a5b7cccdd,69a1b278a2342e6c08876bcf,33581,trial,4
3297,30,5,0,0,,United Kingdom,white_frowning_face,5,251600,1772205602313,1772205350713,male,true,7,6761d7843f52c97b6028f43a,69a1b50f4d66769a5b7cccdd,69a1b278a2342e6c08876bcf,8038,trial,4
3297,30,8,0,0,,United Kingdom,angry,5,251600,1772205602313,1772205350713,male,true,7,6761d7843f52c97b6028f43a,69a1b50f4d66769a5b7cccdd,69a1b278a2342e6c08876bcf,8811,trial,3
3298,52,6,0,0,,United Kingdom,smile,7,163998,1772205607032,1772205443034,female,true,7,648372339f2307df269b2851,69a1b5788d6d889a4af6d19c,69a1b278a2342e6c08876bcf,8937,trial,9
3298,52,5,0,0,,United Kingdom,kissing,7,163998,1772205607032,1772205443034,female,true,7,648372339f2307df269b2851,69a1b5788d6d889a4af6d19c,69a1b278a2342e6c08876bcf,7649,trial,6
3298,52,5,0,0,,United Kingdom,weary,7,163998,1772205607032,1772205443034,female,true,7,648372339f2307df269b2851,69a1b5788d6d889a4af6d19c,69a1b278a2342e6c08876bcf,11265,trial,4
3298,52,7,0,0,,United Kingdom,grinning,7,163998,1772205607032,1772205443034,female,true,7,648372339f2307df269b2851,69a1b5788d6d889a4af6d19c,69a1b278a2342e6c08876bcf,10917,trial,9
3298,52,3,3,4,,United Kingdom,arrow_up,7,163998,1772205607032,1772205443034,female,true,7,648372339f2307df269b2851,69a1b5788d6d889a4af6d19c,69a1b278a2342e6c08876bcf,8869,attention,4
3298,52,6,0,0,,United Kingdom,relaxed,7,163998,1772205607032,1772205443034,female,true,7,648372339f2307df269b2851,69a1b5788d6d889a4af6d19c,69a1b278a2342e6c08876bcf,10714,trial,8
3298,52,5,0,0,,United Kingdom,angry,7,163998,1772205607032,1772205443034,female,true,7,648372339f2307df269b2851,69a1b5788d6d889a4af6d19c,69a1b278a2342e6c08876bcf,7966,trial,2
3298,52,5,0,0,,United Kingdom,white_frowning_face,7,163998,1772205607032,1772205443034,female,true,7,648372339f2307df269b2851,69a1b5788d6d889a4af6d19c,69a1b278a2342e6c08876bcf,7100,trial,1
3298,52,8,0,0,,United Kingdom,laughing,7,163998,1772205607032,1772205443034,female,true,7,648372339f2307df269b2851,69a1b5788d6d889a4af6d19c,69a1b278a2342e6c08876bcf,7816,trial,7
3298,52,2,2,1,,United Kingdom,arrow_up,7,163998,1772205607032,1772205443034,female,true,7,648372339f2307df269b2851,69a1b5788d6d889a4af6d19c,69a1b278a2342e6c08876bcf,6536,attention,1
3298,52,6,0,0,,United Kingdom,slightly_smiling_face,7,163998,1772205607032,1772205443034,female,true,7,648372339f2307df269b2851,69a1b5788d6d889a4af6d19c,69a1b278a2342e6c08876bcf,9500,trial,8
3298,52,5,0,0,,United Kingdom,neutral_face,7,163998,1772205607032,1772205443034,female,true,7,648372339f2307df269b2851,69a1b5788d6d889a4af6d19c,69a1b278a2342e6c08876bcf,15613,trial,5
3298,52,4,0,0,,United Kingdom,pensive,7,163998,1772205607032,1772205443034,female,true,7,648372339f2307df269b2851,69a1b5788d6d889a4af6d19c,69a1b278a2342e6c08876bcf,7835,trial,4
3298,52,3,0,0,,United Kingdom,slightly_frowning_face,7,163998,1772205607032,1772205443034,female,true,7,648372339f2307df269b2851,69a1b5788d6d889a4af6d19c,69a1b278a2342e6c08876bcf,6617,trial,1
3302,67,3,0,0,,United Kingdom,weary,7,178023,1772205621746,1772205443723,female,true,7,5c2f587f70d93a000122ac27,69a1b5747807c3c41e55a273,69a1b278a2342e6c08876bcf,12259,trial,4
3302,67,6,0,0,,United Kingdom,grinning,7,178023,1772205621746,1772205443723,female,true,7,5c2f587f70d93a000122ac27,69a1b5747807c3c41e55a273,69a1b278a2342e6c08876bcf,9584,trial,7
3302,67,4,0,0,,United Kingdom,white_frowning_face,7,178023,1772205621746,1772205443723,female,true,7,5c2f587f70d93a000122ac27,69a1b5747807c3c41e55a273,69a1b278a2342e6c08876bcf,9440,trial,3
3302,67,5,0,0,,United Kingdom,kissing,7,178023,1772205621746,1772205443723,female,true,7,5c2f587f70d93a000122ac27,69a1b5747807c3c41e55a273,69a1b278a2342e6c08876bcf,7037,trial,5
3302,67,5,5,5,,United Kingdom,arrow_up,7,178023,1772205621746,1772205443723,female,true,7,5c2f587f70d93a000122ac27,69a1b5747807c3c41e55a273,69a1b278a2342e6c08876bcf,9491,attention,5
3302,67,5,0,0,,United Kingdom,slightly_smiling_face,7,178023,1772205621746,1772205443723,female,true,7,5c2f587f70d93a000122ac27,69a1b5747807c3c41e55a273,69a1b278a2342e6c08876bcf,8357,trial,6
3302,67,3,0,0,,United Kingdom,pensive,7,178023,1772205621746,1772205443723,female,true,7,5c2f587f70d93a000122ac27,69a1b5747807c3c41e55a273,69a1b278a2342e6c08876bcf,10259,trial,3
3302,67,6,0,0,,United Kingdom,angry,7,178023,1772205621746,1772205443723,female,true,7,5c2f587f70d93a000122ac27,69a1b5747807c3c41e55a273,69a1b278a2342e6c08876bcf,6696,trial,3
3302,67,6,0,0,,United Kingdom,smile,7,178023,1772205621746,1772205443723,female,true,7,5c2f587f70d93a000122ac27,69a1b5747807c3c41e55a273,69a1b278a2342e6c08876bcf,5578,trial,7
3302,67,5,5,1,,United Kingdom,arrow_up,7,178023,1772205621746,1772205443723,female,true,7,5c2f587f70d93a000122ac27,69a1b5747807c3c41e55a273,69a1b278a2342e6c08876bcf,8700,attention,1
3302,67,7,0,0,,United Kingdom,laughing,7,178023,1772205621746,1772205443723,female,true,7,5c2f587f70d93a000122ac27,69a1b5747807c3c41e55a273,69a1b278a2342e6c08876bcf,6349,trial,8
3302,67,4,0,0,,United Kingdom,slightly_frowning_face,7,178023,1772205621746,1772205443723,female,true,7,5c2f587f70d93a000122ac27,69a1b5747807c3c41e55a273,69a1b278a2342e6c08876bcf,11995,trial,4
3302,67,2,0,0,,United Kingdom,neutral_face,7,178023,1772205621746,1772205443723,female,true,7,5c2f587f70d93a000122ac27,69a1b5747807c3c41e55a273,69a1b278a2342e6c08876bcf,7943,trial,5
3302,67,6,0,0,,United Kingdom,relaxed,7,178023,1772205621746,1772205443723,female,true,7,5c2f587f70d93a000122ac27,69a1b5747807c3c41e55a273,69a1b278a2342e6c08876bcf,5745,trial,6
3303,44,8,0,0,"Some emojis didn't load, so I just put both ratings to 5 for those.",United Kingdom,kissing,4,218543,1772205630915,1772205412372,male,true,7,5f0255082e1a9e3f9039b435,69a1b5610013df22fbfc7ce8,69a1b278a2342e6c08876bcf,10104,trial,3
3303,44,8,0,0,"Some emojis didn't load, so I just put both ratings to 5 for those.",United Kingdom,weary,4,218543,1772205630915,1772205412372,male,true,7,5f0255082e1a9e3f9039b435,69a1b5610013df22fbfc7ce8,69a1b278a2342e6c08876bcf,6214,trial,1
3303,44,5,0,0,"Some emojis didn't load, so I just put both ratings to 5 for those.",United Kingdom,laughing,4,218543,1772205630915,1772205412372,male,true,7,5f0255082e1a9e3f9039b435,69a1b5610013df22fbfc7ce8,69a1b278a2342e6c08876bcf,35114,trial,5
3303,44,5,0,0,"Some emojis didn't load, so I just put both ratings to 5 for those.",United Kingdom,slightly_frowning_face,4,218543,1772205630915,1772205412372,male,true,7,5f0255082e1a9e3f9039b435,69a1b5610013df22fbfc7ce8,69a1b278a2342e6c08876bcf,34439,trial,5
3303,44,3,5,1,"Some emojis didn't load, so I just put both ratings to 5 for those.",United Kingdom,arrow_up,4,218543,1772205630915,1772205412372,male,false,7,5f0255082e1a9e3f9039b435,69a1b5610013df22fbfc7ce8,69a1b278a2342e6c08876bcf,7344,attention,7
3303,44,7,0,0,"Some emojis didn't load, so I just put both ratings to 5 for those.",United Kingdom,grinning,4,218543,1772205630915,1772205412372,male,true,7,5f0255082e1a9e3f9039b435,69a1b5610013df22fbfc7ce8,69a1b278a2342e6c08876bcf,4825,trial,7
3303,44,7,0,0,"Some emojis didn't load, so I just put both ratings to 5 for those.",United Kingdom,angry,4,218543,1772205630915,1772205412372,male,true,7,5f0255082e1a9e3f9039b435,69a1b5610013df22fbfc7ce8,69a1b278a2342e6c08876bcf,3758,trial,2
3303,44,7,0,0,"Some emojis didn't load, so I just put both ratings to 5 for those.",United Kingdom,white_frowning_face,4,218543,1772205630915,1772205412372,male,true,7,5f0255082e1a9e3f9039b435,69a1b5610013df22fbfc7ce8,69a1b278a2342e6c08876bcf,4152,trial,3
3303,44,5,0,0,"Some emojis didn't load, so I just put both ratings to 5 for those.",United Kingdom,neutral_face,4,218543,1772205630915,1772205412372,male,true,7,5f0255082e1a9e3f9039b435,69a1b5610013df22fbfc7ce8,69a1b278a2342e6c08876bcf,47399,trial,5
3303,44,1,1,1,"Some emojis didn't load, so I just put both ratings to 5 for those.",United Kingdom,arrow_up,4,218543,1772205630915,1772205412372,male,true,7,5f0255082e1a9e3f9039b435,69a1b5610013df22fbfc7ce8,69a1b278a2342e6c08876bcf,5040,attention,1
3303,44,6,0,0,"Some emojis didn't load, so I just put both ratings to 5 for those.",United Kingdom,slightly_smiling_face,4,218543,1772205630915,1772205412372,male,true,7,5f0255082e1a9e3f9039b435,69a1b5610013df22fbfc7ce8,69a1b278a2342e6c08876bcf,5293,trial,7
3303,44,7,0,0,"Some emojis didn't load, so I just put both ratings to 5 for those.",United Kingdom,smile,4,218543,1772205630915,1772205412372,male,true,7,5f0255082e1a9e3f9039b435,69a1b5610013df22fbfc7ce8,69a1b278a2342e6c08876bcf,3875,trial,8
3303,44,4,0,0,"Some emojis didn't load, so I just put both ratings to 5 for those.",United Kingdom,pensive,4,218543,1772205630915,1772205412372,male,true,7,5f0255082e1a9e3f9039b435,69a1b5610013df22fbfc7ce8,69a1b278a2342e6c08876bcf,4848,trial,4
3303,44,7,0,0,"Some emojis didn't load, so I just put both ratings to 5 for those.",United Kingdom,relaxed,4,218543,1772205630915,1772205412372,male,true,7,5f0255082e1a9e3f9039b435,69a1b5610013df22fbfc7ce8,69a1b278a2342e6c08876bcf,4473,trial,7
3304,66,8,0,0,,United States of America,laughing,2,189306,1772205637795,1772205448489,female,true,7,6794ed55eb2149d852be82a1,69a1b582c843468de316428b,69a1b278a2342e6c08876bcf,15273,trial,8
3304,66,7,0,0,,United States of America,grinning,2,189306,1772205637795,1772205448489,female,true,7,6794ed55eb2149d852be82a1,69a1b582c843468de316428b,69a1b278a2342e6c08876bcf,6824,trial,7
3304,66,7,0,0,,United States of America,smile,2,189306,1772205637795,1772205448489,female,true,7,6794ed55eb2149d852be82a1,69a1b582c843468de316428b,69a1b278a2342e6c08876bcf,7727,trial,7
3304,66,4,0,0,,United States of America,pensive,2,189306,1772205637795,1772205448489,female,true,7,6794ed55eb2149d852be82a1,69a1b582c843468de316428b,69a1b278a2342e6c08876bcf,10008,trial,3
3304,66,5,5,5,,United States of America,arrow_up,2,189306,1772205637795,1772205448489,female,true,7,6794ed55eb2149d852be82a1,69a1b582c843468de316428b,69a1b278a2342e6c08876bcf,9592,attention,5
3304,66,5,0,0,,United States of America,neutral_face,2,189306,1772205637795,1772205448489,female,true,7,6794ed55eb2149d852be82a1,69a1b582c843468de316428b,69a1b278a2342e6c08876bcf,7048,trial,5
3304,66,3,0,0,,United States of America,slightly_frowning_face,2,189306,1772205637795,1772205448489,female,true,7,6794ed55eb2149d852be82a1,69a1b582c843468de316428b,69a1b278a2342e6c08876bcf,9431,trial,3
3304,66,2,0,0,,United States of America,angry,2,189306,1772205637795,1772205448489,female,true,7,6794ed55eb2149d852be82a1,69a1b582c843468de316428b,69a1b278a2342e6c08876bcf,6119,trial,2
3304,66,6,0,0,,United States of America,relaxed,2,189306,1772205637795,1772205448489,female,true,7,6794ed55eb2149d852be82a1,69a1b582c843468de316428b,69a1b278a2342e6c08876bcf,7601,trial,6
3304,66,3,3,3,,United States of America,arrow_up,2,189306,1772205637795,1772205448489,female,true,7,6794ed55eb2149d852be82a1,69a1b582c843468de316428b,69a1b278a2342e6c08876bcf,4864,attention,3
3304,66,5,0,0,,United States of America,kissing,2,189306,1772205637795,1772205448489,female,true,7,6794ed55eb2149d852be82a1,69a1b582c843468de316428b,69a1b278a2342e6c08876bcf,17632,trial,4
3304,66,6,0,0,,United States of America,weary,2,189306,1772205637795,1772205448489,female,true,7,6794ed55eb2149d852be82a1,69a1b582c843468de316428b,69a1b278a2342e6c08876bcf,11014,trial,3
3304,66,4,0,0,,United States of America,white_frowning_face,2,189306,1772205637795,1772205448489,female,true,7,6794ed55eb2149d852be82a1,69a1b582c843468de316428b,69a1b278a2342e6c08876bcf,9753,trial,3
3304,66,7,0,0,,United States of America,slightly_smiling_face,2,189306,1772205637795,1772205448489,female,true,7,6794ed55eb2149d852be82a1,69a1b582c843468de316428b,69a1b278a2342e6c08876bcf,4599,trial,7
3306,39,2,0,0,,Canada,kissing,6,241626,1772205651878,1772205410252,male,true,6,5bda1da4d6fef5000181aab2,69a1b55c4bf1ff6d812f5593,69a1b278a2342e6c08876bcf,9896,trial,8
3306,39,1,0,0,,Canada,slightly_smiling_face,6,241626,1772205651878,1772205410252,male,true,6,5bda1da4d6fef5000181aab2,69a1b55c4bf1ff6d812f5593,69a1b278a2342e6c08876bcf,8719,trial,8
3306,39,8,0,0,,Canada,smile,6,241626,1772205651878,1772205410252,male,true,6,5bda1da4d6fef5000181aab2,69a1b55c4bf1ff6d812f5593,69a1b278a2342e6c08876bcf,11524,trial,6
3306,39,9,0,0,,Canada,laughing,6,241626,1772205651878,1772205410252,male,true,6,5bda1da4d6fef5000181aab2,69a1b55c4bf1ff6d812f5593,69a1b278a2342e6c08876bcf,7556,trial,3
3306,39,3,3,5,,Canada,arrow_up,6,241626,1772205651878,1772205410252,male,true,6,5bda1da4d6fef5000181aab2,69a1b55c4bf1ff6d812f5593,69a1b278a2342e6c08876bcf,21414,attention,5
3306,39,2,0,0,,Canada,relaxed,6,241626,1772205651878,1772205410252,male,true,6,5bda1da4d6fef5000181aab2,69a1b55c4bf1ff6d812f5593,69a1b278a2342e6c08876bcf,18882,trial,8
3306,39,5,0,0,,Canada,weary,6,241626,1772205651878,1772205410252,male,true,6,5bda1da4d6fef5000181aab2,69a1b55c4bf1ff6d812f5593,69a1b278a2342e6c08876bcf,12353,trial,2
3306,39,5,0,0,,Canada,white_frowning_face,6,241626,1772205651878,1772205410252,male,true,6,5bda1da4d6fef5000181aab2,69a1b55c4bf1ff6d812f5593,69a1b278a2342e6c08876bcf,19204,trial,2
3306,39,5,0,0,,Canada,neutral_face,6,241626,1772205651878,1772205410252,male,true,6,5bda1da4d6fef5000181aab2,69a1b55c4bf1ff6d812f5593,69a1b278a2342e6c08876bcf,10321,trial,5
3306,39,4,4,3,,Canada,arrow_up,6,241626,1772205651878,1772205410252,male,true,6,5bda1da4d6fef5000181aab2,69a1b55c4bf1ff6d812f5593,69a1b278a2342e6c08876bcf,11367,attention,3
3306,39,5,0,0,,Canada,slightly_frowning_face,6,241626,1772205651878,1772205410252,male,true,6,5bda1da4d6fef5000181aab2,69a1b55c4bf1ff6d812f5593,69a1b278a2342e6c08876bcf,48757,trial,2
3306,39,5,0,0,,Canada,pensive,6,241626,1772205651878,1772205410252,male,true,6,5bda1da4d6fef5000181aab2,69a1b55c4bf1ff6d812f5593,69a1b278a2342e6c08876bcf,5411,trial,1
3306,39,7,0,0,,Canada,grinning,6,241626,1772205651878,1772205410252,male,true,6,5bda1da4d6fef5000181aab2,69a1b55c4bf1ff6d812f5593,69a1b278a2342e6c08876bcf,7694,trial,8
3306,39,8,0,0,,Canada,angry,6,241626,1772205651878,1772205410252,male,true,6,5bda1da4d6fef5000181aab2,69a1b55c4bf1ff6d812f5593,69a1b278a2342e6c08876bcf,5010,trial,1
3307,53,5,0,0,Thank you :),United Kingdom,kissing,5,187577,1772205653202,1772205465625,male,true,7,67d00ceb0de1512e5669d4c5,69a1b5906e3f86c15965bbc4,69a1b278a2342e6c08876bcf,13347,trial,6
3307,53,2,0,0,Thank you :),United Kingdom,grinning,5,187577,1772205653202,1772205465625,male,true,7,67d00ceb0de1512e5669d4c5,69a1b5906e3f86c15965bbc4,69a1b278a2342e6c08876bcf,10811,trial,9
3307,53,7,0,0,Thank you :),United Kingdom,smile,5,187577,1772205653202,1772205465625,male,true,7,67d00ceb0de1512e5669d4c5,69a1b5906e3f86c15965bbc4,69a1b278a2342e6c08876bcf,8030,trial,9
3307,53,5,0,0,Thank you :),United Kingdom,neutral_face,5,187577,1772205653202,1772205465625,male,true,7,67d00ceb0de1512e5669d4c5,69a1b5906e3f86c15965bbc4,69a1b278a2342e6c08876bcf,6720,trial,5
3307,53,2,2,4,Thank you :),United Kingdom,arrow_up,5,187577,1772205653202,1772205465625,male,true,7,67d00ceb0de1512e5669d4c5,69a1b5906e3f86c15965bbc4,69a1b278a2342e6c08876bcf,10858,attention,4
3307,53,5,0,0,Thank you :),United Kingdom,white_frowning_face,5,187577,1772205653202,1772205465625,male,true,7,67d00ceb0de1512e5669d4c5,69a1b5906e3f86c15965bbc4,69a1b278a2342e6c08876bcf,11758,trial,2
3307,53,1,0,0,Thank you :),United Kingdom,slightly_smiling_face,5,187577,1772205653202,1772205465625,male,true,7,67d00ceb0de1512e5669d4c5,69a1b5906e3f86c15965bbc4,69a1b278a2342e6c08876bcf,7573,trial,8
3307,53,2,0,0,Thank you :),United Kingdom,relaxed,5,187577,1772205653202,1772205465625,male,true,7,67d00ceb0de1512e5669d4c5,69a1b5906e3f86c15965bbc4,69a1b278a2342e6c08876bcf,7962,trial,9
3307,53,8,0,0,Thank you :),United Kingdom,laughing,5,187577,1772205653202,1772205465625,male,true,7,67d00ceb0de1512e5669d4c5,69a1b5906e3f86c15965bbc4,69a1b278a2342e6c08876bcf,4213,trial,9
3307,53,5,5,3,Thank you :),United Kingdom,arrow_up,5,187577,1772205653202,1772205465625,male,true,7,67d00ceb0de1512e5669d4c5,69a1b5906e3f86c15965bbc4,69a1b278a2342e6c08876bcf,5875,attention,3
3307,53,7,0,0,Thank you :),United Kingdom,weary,5,187577,1772205653202,1772205465625,male,true,7,67d00ceb0de1512e5669d4c5,69a1b5906e3f86c15965bbc4,69a1b278a2342e6c08876bcf,8236,trial,2
3307,53,8,0,0,Thank you :),United Kingdom,angry,5,187577,1772205653202,1772205465625,male,true,7,67d00ceb0de1512e5669d4c5,69a1b5906e3f86c15965bbc4,69a1b278a2342e6c08876bcf,7127,trial,1
3307,53,4,0,0,Thank you :),United Kingdom,slightly_frowning_face,5,187577,1772205653202,1772205465625,male,true,7,67d00ceb0de1512e5669d4c5,69a1b5906e3f86c15965bbc4,69a1b278a2342e6c08876bcf,6479,trial,2
3307,53,3,0,0,Thank you :),United Kingdom,pensive,5,187577,1772205653202,1772205465625,male,true,7,67d00ceb0de1512e5669d4c5,69a1b5906e3f86c15965bbc4,69a1b278a2342e6c08876bcf,4097,trial,2
3308,53,7,0,0,,United States of America,weary,2,205340,1772205664905,1772205459565,male,true,7,6123d102b713b8a947fd2eb2,69a1b5854724ced0280944e1,69a1b278a2342e6c08876bcf,13729,trial,3
3308,53,7,0,0,,United States of America,grinning,2,205340,1772205664905,1772205459565,male,true,7,6123d102b713b8a947fd2eb2,69a1b5854724ced0280944e1,69a1b278a2342e6c08876bcf,6501,trial,7
3308,53,5,0,0,,United States of America,slightly_frowning_face,2,205340,1772205664905,1772205459565,male,true,7,6123d102b713b8a947fd2eb2,69a1b5854724ced0280944e1,69a1b278a2342e6c08876bcf,10964,trial,4
3308,53,8,0,0,,United States of America,laughing,2,205340,1772205664905,1772205459565,male,true,7,6123d102b713b8a947fd2eb2,69a1b5854724ced0280944e1,69a1b278a2342e6c08876bcf,9037,trial,8
3308,53,3,2,1,,United States of America,arrow_up,2,205340,1772205664905,1772205459565,male,false,7,6123d102b713b8a947fd2eb2,69a1b5854724ced0280944e1,69a1b278a2342e6c08876bcf,8806,attention,5
3308,53,7,0,0,,United States of America,smile,2,205340,1772205664905,1772205459565,male,true,7,6123d102b713b8a947fd2eb2,69a1b5854724ced0280944e1,69a1b278a2342e6c08876bcf,15110,trial,7
3308,53,6,0,0,,United States of America,angry,2,205340,1772205664905,1772205459565,male,true,7,6123d102b713b8a947fd2eb2,69a1b5854724ced0280944e1,69a1b278a2342e6c08876bcf,16818,trial,3
3308,53,7,0,0,,United States of America,relaxed,2,205340,1772205664905,1772205459565,male,true,7,6123d102b713b8a947fd2eb2,69a1b5854724ced0280944e1,69a1b278a2342e6c08876bcf,10553,trial,7
3308,53,6,0,0,,United States of America,slightly_smiling_face,2,205340,1772205664905,1772205459565,male,true,7,6123d102b713b8a947fd2eb2,69a1b5854724ced0280944e1,69a1b278a2342e6c08876bcf,5699,trial,7
3308,53,2,2,3,,United States of America,arrow_up,2,205340,1772205664905,1772205459565,male,true,7,6123d102b713b8a947fd2eb2,69a1b5854724ced0280944e1,69a1b278a2342e6c08876bcf,14833,attention,3
3308,53,4,0,0,,United States of America,pensive,2,205340,1772205664905,1772205459565,male,true,7,6123d102b713b8a947fd2eb2,69a1b5854724ced0280944e1,69a1b278a2342e6c08876bcf,17486,trial,4
3308,53,4,0,0,,United States of America,neutral_face,2,205340,1772205664905,1772205459565,male,true,7,6123d102b713b8a947fd2eb2,69a1b5854724ced0280944e1,69a1b278a2342e6c08876bcf,7764,trial,5
3308,53,3,0,0,,United States of America,kissing,2,205340,1772205664905,1772205459565,male,true,7,6123d102b713b8a947fd2eb2,69a1b5854724ced0280944e1,69a1b278a2342e6c08876bcf,10222,trial,5
3308,53,7,0,0,,United States of America,white_frowning_face,2,205340,1772205664905,1772205459565,male,true,7,6123d102b713b8a947fd2eb2,69a1b5854724ced0280944e1,69a1b278a2342e6c08876bcf,11597,trial,2
3309,66,9,0,0,,United Kingdom,laughing,3,96727,1772205674527,1772205577800,female,true,7,613129fdf8f6b04c9a7a2429,69a1b4f4466bf3ab1beb25bc,69a1b278a2342e6c08876bcf,6402,trial,9
3309,66,8,0,0,,United Kingdom,relaxed,3,96727,1772205674527,1772205577800,female,true,7,613129fdf8f6b04c9a7a2429,69a1b4f4466bf3ab1beb25bc,69a1b278a2342e6c08876bcf,4502,trial,8
3309,66,8,0,0,,United Kingdom,grinning,3,96727,1772205674527,1772205577800,female,true,7,613129fdf8f6b04c9a7a2429,69a1b4f4466bf3ab1beb25bc,69a1b278a2342e6c08876bcf,3520,trial,8
3309,66,3,0,0,,United Kingdom,pensive,3,96727,1772205674527,1772205577800,female,true,7,613129fdf8f6b04c9a7a2429,69a1b4f4466bf3ab1beb25bc,69a1b278a2342e6c08876bcf,6948,trial,4
3309,66,5,5,4,,United Kingdom,arrow_up,3,96727,1772205674527,1772205577800,female,false,7,613129fdf8f6b04c9a7a2429,69a1b4f4466bf3ab1beb25bc,69a1b278a2342e6c08876bcf,3796,attention,5
3309,66,5,0,0,,United Kingdom,weary,3,96727,1772205674527,1772205577800,female,true,7,613129fdf8f6b04c9a7a2429,69a1b4f4466bf3ab1beb25bc,69a1b278a2342e6c08876bcf,6324,trial,3
3309,66,4,0,0,,United Kingdom,white_frowning_face,3,96727,1772205674527,1772205577800,female,true,7,613129fdf8f6b04c9a7a2429,69a1b4f4466bf3ab1beb25bc,69a1b278a2342e6c08876bcf,3848,trial,4
3309,66,4,0,0,,United Kingdom,slightly_frowning_face,3,96727,1772205674527,1772205577800,female,true,7,613129fdf8f6b04c9a7a2429,69a1b4f4466bf3ab1beb25bc,69a1b278a2342e6c08876bcf,4689,trial,4
3309,66,5,0,0,,United Kingdom,neutral_face,3,96727,1772205674527,1772205577800,female,true,7,613129fdf8f6b04c9a7a2429,69a1b4f4466bf3ab1beb25bc,69a1b278a2342e6c08876bcf,3118,trial,5
3309,66,5,5,3,,United Kingdom,arrow_up,3,96727,1772205674527,1772205577800,female,true,7,613129fdf8f6b04c9a7a2429,69a1b4f4466bf3ab1beb25bc,69a1b278a2342e6c08876bcf,6690,attention,3
3309,66,8,0,0,,United Kingdom,smile,3,96727,1772205674527,1772205577800,female,true,7,613129fdf8f6b04c9a7a2429,69a1b4f4466bf3ab1beb25bc,69a1b278a2342e6c08876bcf,5681,trial,8
3309,66,8,0,0,,United Kingdom,kissing,3,96727,1772205674527,1772205577800,female,true,7,613129fdf8f6b04c9a7a2429,69a1b4f4466bf3ab1beb25bc,69a1b278a2342e6c08876bcf,4846,trial,9
3309,66,8,0,0,,United Kingdom,slightly_smiling_face,3,96727,1772205674527,1772205577800,female,true,7,613129fdf8f6b04c9a7a2429,69a1b4f4466bf3ab1beb25bc,69a1b278a2342e6c08876bcf,3570,trial,8
3309,66,8,0,0,,United Kingdom,angry,3,96727,1772205674527,1772205577800,female,true,7,613129fdf8f6b04c9a7a2429,69a1b4f4466bf3ab1beb25bc,69a1b278a2342e6c08876bcf,4716,trial,2
3313,23,2,0,0,,United Kingdom,slightly_frowning_face,7,191986,1772205710190,1772205518204,female,true,7,60d075b6af3d46debaf3cfd8,69a1b5c1950e84b8af5c3906,69a1b278a2342e6c08876bcf,8067,trial,2
3313,23,6,0,0,,United Kingdom,kissing,7,191986,1772205710190,1772205518204,female,true,7,60d075b6af3d46debaf3cfd8,69a1b5c1950e84b8af5c3906,69a1b278a2342e6c08876bcf,5683,trial,6
3313,23,5,0,0,,United Kingdom,relaxed,7,191986,1772205710190,1772205518204,female,true,7,60d075b6af3d46debaf3cfd8,69a1b5c1950e84b8af5c3906,69a1b278a2342e6c08876bcf,7416,trial,8
3313,23,3,0,0,,United Kingdom,white_frowning_face,7,191986,1772205710190,1772205518204,female,true,7,60d075b6af3d46debaf3cfd8,69a1b5c1950e84b8af5c3906,69a1b278a2342e6c08876bcf,6183,trial,1
3313,23,4,4,4,,United Kingdom,arrow_up,7,191986,1772205710190,1772205518204,female,true,7,60d075b6af3d46debaf3cfd8,69a1b5c1950e84b8af5c3906,69a1b278a2342e6c08876bcf,6150,attention,4
3313,23,8,0,0,,United Kingdom,grinning,7,191986,1772205710190,1772205518204,female,true,7,60d075b6af3d46debaf3cfd8,69a1b5c1950e84b8af5c3906,69a1b278a2342e6c08876bcf,5367,trial,8
3313,23,8,0,0,,United Kingdom,angry,7,191986,1772205710190,1772205518204,female,true,7,60d075b6af3d46debaf3cfd8,69a1b5c1950e84b8af5c3906,69a1b278a2342e6c08876bcf,6366,trial,1
3313,23,7,0,0,,United Kingdom,weary,7,191986,1772205710190,1772205518204,female,true,7,60d075b6af3d46debaf3cfd8,69a1b5c1950e84b8af5c3906,69a1b278a2342e6c08876bcf,5200,trial,4
3313,23,3,0,0,,United Kingdom,pensive,7,191986,1772205710190,1772205518204,female,true,7,60d075b6af3d46debaf3cfd8,69a1b5c1950e84b8af5c3906,69a1b278a2342e6c08876bcf,4417,trial,2
3313,23,2,2,4,,United Kingdom,arrow_up,7,191986,1772205710190,1772205518204,female,true,7,60d075b6af3d46debaf3cfd8,69a1b5c1950e84b8af5c3906,69a1b278a2342e6c08876bcf,3883,attention,4
3313,23,9,0,0,,United Kingdom,laughing,7,191986,1772205710190,1772205518204,female,true,7,60d075b6af3d46debaf3cfd8,69a1b5c1950e84b8af5c3906,69a1b278a2342e6c08876bcf,4217,trial,9
3313,23,4,0,0,,United Kingdom,neutral_face,7,191986,1772205710190,1772205518204,female,true,7,60d075b6af3d46debaf3cfd8,69a1b5c1950e84b8af5c3906,69a1b278a2342e6c08876bcf,5233,trial,5
3313,23,9,0,0,,United Kingdom,smile,7,191986,1772205710190,1772205518204,female,true,7,60d075b6af3d46debaf3cfd8,69a1b5c1950e84b8af5c3906,69a1b278a2342e6c08876bcf,3517,trial,9
3313,23,2,0,0,,United Kingdom,slightly_smiling_face,7,191986,1772205710190,1772205518204,female,true,7,60d075b6af3d46debaf3cfd8,69a1b5c1950e84b8af5c3906,69a1b278a2342e6c08876bcf,8016,trial,8
3314,52,8,0,0,,United Kingdom,weary,6,173001,1772205714381,1772205541380,female,true,7,5a986d1789de8200013ef74e,69a1b5c76a3c1198578707ae,69a1b278a2342e6c08876bcf,9386,trial,2
3314,52,7,0,0,,United Kingdom,angry,6,173001,1772205714381,1772205541380,female,true,7,5a986d1789de8200013ef74e,69a1b5c76a3c1198578707ae,69a1b278a2342e6c08876bcf,5816,trial,1
3314,52,4,0,0,,United Kingdom,slightly_smiling_face,6,173001,1772205714381,1772205541380,female,true,7,5a986d1789de8200013ef74e,69a1b5c76a3c1198578707ae,69a1b278a2342e6c08876bcf,5021,trial,7
3314,52,5,0,0,,United Kingdom,pensive,6,173001,1772205714381,1772205541380,female,true,7,5a986d1789de8200013ef74e,69a1b5c76a3c1198578707ae,69a1b278a2342e6c08876bcf,4245,trial,3
3314,52,2,2,2,,United Kingdom,arrow_up,6,173001,1772205714381,1772205541380,female,true,7,5a986d1789de8200013ef74e,69a1b5c76a3c1198578707ae,69a1b278a2342e6c08876bcf,11988,attention,2
3314,52,7,0,0,,United Kingdom,laughing,6,173001,1772205714381,1772205541380,female,true,7,5a986d1789de8200013ef74e,69a1b5c76a3c1198578707ae,69a1b278a2342e6c08876bcf,18984,trial,7
3314,52,8,0,0,,United Kingdom,smile,6,173001,1772205714381,1772205541380,female,true,7,5a986d1789de8200013ef74e,69a1b5c76a3c1198578707ae,69a1b278a2342e6c08876bcf,5595,trial,9
3314,52,4,0,0,,United Kingdom,relaxed,6,173001,1772205714381,1772205541380,female,true,7,5a986d1789de8200013ef74e,69a1b5c76a3c1198578707ae,69a1b278a2342e6c08876bcf,4881,trial,7
3314,52,7,0,0,,United Kingdom,grinning,6,173001,1772205714381,1772205541380,female,true,7,5a986d1789de8200013ef74e,69a1b5c76a3c1198578707ae,69a1b278a2342e6c08876bcf,3852,trial,8
3314,52,4,4,5,,United Kingdom,arrow_up,6,173001,1772205714381,1772205541380,female,true,7,5a986d1789de8200013ef74e,69a1b5c76a3c1198578707ae,69a1b278a2342e6c08876bcf,5043,attention,5
3314,52,4,0,0,,United Kingdom,neutral_face,6,173001,1772205714381,1772205541380,female,true,7,5a986d1789de8200013ef74e,69a1b5c76a3c1198578707ae,69a1b278a2342e6c08876bcf,4893,trial,4
3314,52,5,0,0,,United Kingdom,slightly_frowning_face,6,173001,1772205714381,1772205541380,female,true,7,5a986d1789de8200013ef74e,69a1b5c76a3c1198578707ae,69a1b278a2342e6c08876bcf,6132,trial,3
3314,52,6,0,0,,United Kingdom,kissing,6,173001,1772205714381,1772205541380,female,true,7,5a986d1789de8200013ef74e,69a1b5c76a3c1198578707ae,69a1b278a2342e6c08876bcf,6254,trial,6
3314,52,5,0,0,,United Kingdom,white_frowning_face,6,173001,1772205714381,1772205541380,female,true,7,5a986d1789de8200013ef74e,69a1b5c76a3c1198578707ae,69a1b278a2342e6c08876bcf,12707,trial,2
3316,25,8,0,0,,United Kingdom,grinning,6,144994,1772205718081,1772205573087,male,true,7,60eda0b5e8f579f6a73d0f6b,69a1b4f90d409cb55521b9ee,69a1b278a2342e6c08876bcf,39558,trial,8
3316,25,6,0,0,,United Kingdom,weary,6,144994,1772205718081,1772205573087,male,true,7,60eda0b5e8f579f6a73d0f6b,69a1b4f90d409cb55521b9ee,69a1b278a2342e6c08876bcf,7230,trial,2
3316,25,3,0,0,,United Kingdom,relaxed,6,144994,1772205718081,1772205573087,male,true,7,60eda0b5e8f579f6a73d0f6b,69a1b4f90d409cb55521b9ee,69a1b278a2342e6c08876bcf,7334,trial,7
3316,25,7,0,0,,United Kingdom,smile,6,144994,1772205718081,1772205573087,male,true,7,60eda0b5e8f579f6a73d0f6b,69a1b4f90d409cb55521b9ee,69a1b278a2342e6c08876bcf,4919,trial,7
3316,25,2,2,5,,United Kingdom,arrow_up,6,144994,1772205718081,1772205573087,male,true,7,60eda0b5e8f579f6a73d0f6b,69a1b4f90d409cb55521b9ee,69a1b278a2342e6c08876bcf,9583,attention,5
3316,25,2,0,0,,United Kingdom,slightly_frowning_face,6,144994,1772205718081,1772205573087,male,true,7,60eda0b5e8f579f6a73d0f6b,69a1b4f90d409cb55521b9ee,69a1b278a2342e6c08876bcf,5836,trial,2
3316,25,2,0,0,,United Kingdom,white_frowning_face,6,144994,1772205718081,1772205573087,male,true,7,60eda0b5e8f579f6a73d0f6b,69a1b4f90d409cb55521b9ee,69a1b278a2342e6c08876bcf,3719,trial,3
3316,25,7,0,0,,United Kingdom,laughing,6,144994,1772205718081,1772205573087,male,true,7,60eda0b5e8f579f6a73d0f6b,69a1b4f90d409cb55521b9ee,69a1b278a2342e6c08876bcf,4248,trial,8
3316,25,2,0,0,,United Kingdom,pensive,6,144994,1772205718081,1772205573087,male,true,7,60eda0b5e8f579f6a73d0f6b,69a1b4f90d409cb55521b9ee,69a1b278a2342e6c08876bcf,6042,trial,3
3316,25,5,5,1,,United Kingdom,arrow_up,6,144994,1772205718081,1772205573087,male,true,7,60eda0b5e8f579f6a73d0f6b,69a1b4f90d409cb55521b9ee,69a1b278a2342e6c08876bcf,5261,attention,1
3316,25,6,0,0,,United Kingdom,kissing,6,144994,1772205718081,1772205573087,male,true,7,60eda0b5e8f579f6a73d0f6b,69a1b4f90d409cb55521b9ee,69a1b278a2342e6c08876bcf,5600,trial,5
3316,25,3,0,0,,United Kingdom,slightly_smiling_face,6,144994,1772205718081,1772205573087,male,true,7,60eda0b5e8f579f6a73d0f6b,69a1b4f90d409cb55521b9ee,69a1b278a2342e6c08876bcf,8128,trial,6
3316,25,3,0,0,,United Kingdom,neutral_face,6,144994,1772205718081,1772205573087,male,true,7,60eda0b5e8f579f6a73d0f6b,69a1b4f90d409cb55521b9ee,69a1b278a2342e6c08876bcf,6674,trial,3
3316,25,5,0,0,,United Kingdom,angry,6,144994,1772205718081,1772205573087,male,true,7,60eda0b5e8f579f6a73d0f6b,69a1b4f90d409cb55521b9ee,69a1b278a2342e6c08876bcf,6357,trial,2
3317,44,2,0,0,,United Kingdom,pensive,5,198800,1772205714248,1772205515448,male,true,7,62d59b380be0866cf039e0ee,69a1b5cf4a3971b4438a166e,69a1b278a2342e6c08876bcf,20671,trial,2
3317,44,9,0,0,,United Kingdom,smile,5,198800,1772205714248,1772205515448,male,true,7,62d59b380be0866cf039e0ee,69a1b5cf4a3971b4438a166e,69a1b278a2342e6c08876bcf,9997,trial,9
3317,44,1,0,0,,United Kingdom,white_frowning_face,5,198800,1772205714248,1772205515448,male,true,7,62d59b380be0866cf039e0ee,69a1b5cf4a3971b4438a166e,69a1b278a2342e6c08876bcf,5915,trial,1
3317,44,4,0,0,,United Kingdom,neutral_face,5,198800,1772205714248,1772205515448,male,true,7,62d59b380be0866cf039e0ee,69a1b5cf4a3971b4438a166e,69a1b278a2342e6c08876bcf,21392,trial,4
3317,44,5,4,4,,United Kingdom,arrow_up,5,198800,1772205714248,1772205515448,male,false,7,62d59b380be0866cf039e0ee,69a1b5cf4a3971b4438a166e,69a1b278a2342e6c08876bcf,6634,attention,6
3317,44,7,0,0,,United Kingdom,relaxed,5,198800,1772205714248,1772205515448,male,true,7,62d59b380be0866cf039e0ee,69a1b5cf4a3971b4438a166e,69a1b278a2342e6c08876bcf,3814,trial,8
3317,44,4,0,0,,United Kingdom,weary,5,198800,1772205714248,1772205515448,male,true,7,62d59b380be0866cf039e0ee,69a1b5cf4a3971b4438a166e,69a1b278a2342e6c08876bcf,6362,trial,3
3317,44,2,0,0,,United Kingdom,slightly_frowning_face,5,198800,1772205714248,1772205515448,male,true,7,62d59b380be0866cf039e0ee,69a1b5cf4a3971b4438a166e,69a1b278a2342e6c08876bcf,10433,trial,3
3317,44,9,0,0,,United Kingdom,laughing,5,198800,1772205714248,1772205515448,male,true,7,62d59b380be0866cf039e0ee,69a1b5cf4a3971b4438a166e,69a1b278a2342e6c08876bcf,4006,trial,9
3317,44,3,3,1,,United Kingdom,arrow_up,5,198800,1772205714248,1772205515448,male,true,7,62d59b380be0866cf039e0ee,69a1b5cf4a3971b4438a166e,69a1b278a2342e6c08876bcf,14240,attention,1
3317,44,5,0,0,,United Kingdom,angry,5,198800,1772205714248,1772205515448,male,true,7,62d59b380be0866cf039e0ee,69a1b5cf4a3971b4438a166e,69a1b278a2342e6c08876bcf,27670,trial,1
3317,44,8,0,0,,United Kingdom,grinning,5,198800,1772205714248,1772205515448,male,true,7,62d59b380be0866cf039e0ee,69a1b5cf4a3971b4438a166e,69a1b278a2342e6c08876bcf,3176,trial,8
3317,44,6,0,0,,United Kingdom,slightly_smiling_face,5,198800,1772205714248,1772205515448,male,true,7,62d59b380be0866cf039e0ee,69a1b5cf4a3971b4438a166e,69a1b278a2342e6c08876bcf,4637,trial,7
3317,44,6,0,0,,United Kingdom,kissing,5,198800,1772205714248,1772205515448,male,true,7,62d59b380be0866cf039e0ee,69a1b5cf4a3971b4438a166e,69a1b278a2342e6c08876bcf,5813,trial,7
3318,48,6,0,0,,United Kingdom,grinning,5,100182,1772205726357,1772205626175,male,true,7,5bebf332cef79f00014d230c,69a1b63508ef7ba4ce3b3552,69a1b278a2342e6c08876bcf,30272,trial,9
3318,48,5,0,0,,United Kingdom,slightly_frowning_face,5,100182,1772205726357,1772205626175,male,true,7,5bebf332cef79f00014d230c,69a1b63508ef7ba4ce3b3552,69a1b278a2342e6c08876bcf,4279,trial,2
3318,48,5,0,0,,United Kingdom,weary,5,100182,1772205726357,1772205626175,male,true,7,5bebf332cef79f00014d230c,69a1b63508ef7ba4ce3b3552,69a1b278a2342e6c08876bcf,5144,trial,1
3318,48,5,0,0,,United Kingdom,pensive,5,100182,1772205726357,1772205626175,male,true,7,5bebf332cef79f00014d230c,69a1b63508ef7ba4ce3b3552,69a1b278a2342e6c08876bcf,3048,trial,2
3318,48,5,3,3,,United Kingdom,arrow_up,5,100182,1772205726357,1772205626175,male,false,7,5bebf332cef79f00014d230c,69a1b63508ef7ba4ce3b3552,69a1b278a2342e6c08876bcf,5232,attention,6
3318,48,7,0,0,,United Kingdom,relaxed,5,100182,1772205726357,1772205626175,male,true,7,5bebf332cef79f00014d230c,69a1b63508ef7ba4ce3b3552,69a1b278a2342e6c08876bcf,3105,trial,8
3318,48,8,0,0,,United Kingdom,smile,5,100182,1772205726357,1772205626175,male,true,7,5bebf332cef79f00014d230c,69a1b63508ef7ba4ce3b3552,69a1b278a2342e6c08876bcf,2840,trial,9
3318,48,8,0,0,,United Kingdom,laughing,5,100182,1772205726357,1772205626175,male,true,7,5bebf332cef79f00014d230c,69a1b63508ef7ba4ce3b3552,69a1b278a2342e6c08876bcf,2912,trial,9
3318,48,4,0,0,,United Kingdom,white_frowning_face,5,100182,1772205726357,1772205626175,male,true,7,5bebf332cef79f00014d230c,69a1b63508ef7ba4ce3b3552,69a1b278a2342e6c08876bcf,3337,trial,2
3318,48,6,2,1,,United Kingdom,arrow_up,5,100182,1772205726357,1772205626175,male,false,7,5bebf332cef79f00014d230c,69a1b63508ef7ba4ce3b3552,69a1b278a2342e6c08876bcf,3440,attention,6
3318,48,6,0,0,,United Kingdom,slightly_smiling_face,5,100182,1772205726357,1772205626175,male,true,7,5bebf332cef79f00014d230c,69a1b63508ef7ba4ce3b3552,69a1b278a2342e6c08876bcf,2984,trial,6
3318,48,8,0,0,,United Kingdom,angry,5,100182,1772205726357,1772205626175,male,true,7,5bebf332cef79f00014d230c,69a1b63508ef7ba4ce3b3552,69a1b278a2342e6c08876bcf,4640,trial,2
3318,48,5,0,0,,United Kingdom,neutral_face,5,100182,1772205726357,1772205626175,male,true,7,5bebf332cef79f00014d230c,69a1b63508ef7ba4ce3b3552,69a1b278a2342e6c08876bcf,2832,trial,5
3318,48,5,0,0,,United Kingdom,kissing,5,100182,1772205726357,1772205626175,male,true,7,5bebf332cef79f00014d230c,69a1b63508ef7ba4ce3b3552,69a1b278a2342e6c08876bcf,3264,trial,4
3319,41,1,0,0,,United Kingdom,neutral_face,1,286409,1772205727321,1772205440912,female,true,7,631610af8e747093cd90e00d,69a1b57ad9d5555368c76dea,69a1b278a2342e6c08876bcf,15943,trial,5
3319,41,7,0,0,,United Kingdom,kissing,1,286409,1772205727321,1772205440912,female,true,7,631610af8e747093cd90e00d,69a1b57ad9d5555368c76dea,69a1b278a2342e6c08876bcf,6081,trial,8
3319,41,7,0,0,,United Kingdom,relaxed,1,286409,1772205727321,1772205440912,female,true,7,631610af8e747093cd90e00d,69a1b57ad9d5555368c76dea,69a1b278a2342e6c08876bcf,4632,trial,9
3319,41,6,0,0,,United Kingdom,pensive,1,286409,1772205727321,1772205440912,female,true,7,631610af8e747093cd90e00d,69a1b57ad9d5555368c76dea,69a1b278a2342e6c08876bcf,6156,trial,2
3319,41,3,3,3,,United Kingdom,arrow_up,1,286409,1772205727321,1772205440912,female,true,7,631610af8e747093cd90e00d,69a1b57ad9d5555368c76dea,69a1b278a2342e6c08876bcf,5680,attention,3
3319,41,6,0,0,,United Kingdom,slightly_frowning_face,1,286409,1772205727321,1772205440912,female,true,7,631610af8e747093cd90e00d,69a1b57ad9d5555368c76dea,69a1b278a2342e6c08876bcf,170662,trial,2
3319,41,7,0,0,,United Kingdom,white_frowning_face,1,286409,1772205727321,1772205440912,female,true,7,631610af8e747093cd90e00d,69a1b57ad9d5555368c76dea,69a1b278a2342e6c08876bcf,9342,trial,1
3319,41,8,0,0,,United Kingdom,angry,1,286409,1772205727321,1772205440912,female,true,7,631610af8e747093cd90e00d,69a1b57ad9d5555368c76dea,69a1b278a2342e6c08876bcf,7110,trial,1
3319,41,5,0,0,,United Kingdom,slightly_smiling_face,1,286409,1772205727321,1772205440912,female,true,7,631610af8e747093cd90e00d,69a1b57ad9d5555368c76dea,69a1b278a2342e6c08876bcf,6422,trial,7
3319,41,3,3,2,,United Kingdom,arrow_up,1,286409,1772205727321,1772205440912,female,true,7,631610af8e747093cd90e00d,69a1b57ad9d5555368c76dea,69a1b278a2342e6c08876bcf,3862,attention,2
3319,41,9,0,0,,United Kingdom,smile,1,286409,1772205727321,1772205440912,female,true,7,631610af8e747093cd90e00d,69a1b57ad9d5555368c76dea,69a1b278a2342e6c08876bcf,2905,trial,9
3319,41,9,0,0,,United Kingdom,laughing,1,286409,1772205727321,1772205440912,female,true,7,631610af8e747093cd90e00d,69a1b57ad9d5555368c76dea,69a1b278a2342e6c08876bcf,2709,trial,9
3319,41,9,0,0,,United Kingdom,weary,1,286409,1772205727321,1772205440912,female,true,7,631610af8e747093cd90e00d,69a1b57ad9d5555368c76dea,69a1b278a2342e6c08876bcf,5187,trial,2
3319,41,9,0,0,,United Kingdom,grinning,1,286409,1772205727321,1772205440912,female,true,7,631610af8e747093cd90e00d,69a1b57ad9d5555368c76dea,69a1b278a2342e6c08876bcf,4355,trial,8
3324,42,8,0,0,,United Kingdom,laughing,4,397098,1772205755606,1772205358508,male,true,7,672c8eee8120e669315a528e,69a1b516d54778767da309d2,69a1b278a2342e6c08876bcf,32856,trial,9
3324,42,6,0,0,,United Kingdom,neutral_face,4,397098,1772205755606,1772205358508,male,true,7,672c8eee8120e669315a528e,69a1b516d54778767da309d2,69a1b278a2342e6c08876bcf,16057,trial,5
3324,42,6,0,0,,United Kingdom,grinning,4,397098,1772205755606,1772205358508,male,true,7,672c8eee8120e669315a528e,69a1b516d54778767da309d2,69a1b278a2342e6c08876bcf,5886,trial,6
3324,42,7,0,0,,United Kingdom,smile,4,397098,1772205755606,1772205358508,male,true,7,672c8eee8120e669315a528e,69a1b516d54778767da309d2,69a1b278a2342e6c08876bcf,266753,trial,8
3324,42,1,1,4,,United Kingdom,arrow_up,4,397098,1772205755606,1772205358508,male,true,7,672c8eee8120e669315a528e,69a1b516d54778767da309d2,69a1b278a2342e6c08876bcf,3676,attention,4
3324,42,3,0,0,,United Kingdom,kissing,4,397098,1772205755606,1772205358508,male,true,7,672c8eee8120e669315a528e,69a1b516d54778767da309d2,69a1b278a2342e6c08876bcf,4263,trial,5
3324,42,3,0,0,,United Kingdom,slightly_frowning_face,4,397098,1772205755606,1772205358508,male,true,7,672c8eee8120e669315a528e,69a1b516d54778767da309d2,69a1b278a2342e6c08876bcf,4289,trial,1
3324,42,9,0,0,,United Kingdom,weary,4,397098,1772205755606,1772205358508,male,true,7,672c8eee8120e669315a528e,69a1b516d54778767da309d2,69a1b278a2342e6c08876bcf,2914,trial,2
3324,42,8,0,0,,United Kingdom,white_frowning_face,4,397098,1772205755606,1772205358508,male,true,7,672c8eee8120e669315a528e,69a1b516d54778767da309d2,69a1b278a2342e6c08876bcf,4583,trial,3
3324,42,3,3,2,,United Kingdom,arrow_up,4,397098,1772205755606,1772205358508,male,true,7,672c8eee8120e669315a528e,69a1b516d54778767da309d2,69a1b278a2342e6c08876bcf,4035,attention,2
3324,42,3,0,0,,United Kingdom,pensive,4,397098,1772205755606,1772205358508,male,true,7,672c8eee8120e669315a528e,69a1b516d54778767da309d2,69a1b278a2342e6c08876bcf,6645,trial,2
3324,42,5,0,0,,United Kingdom,slightly_smiling_face,4,397098,1772205755606,1772205358508,male,true,7,672c8eee8120e669315a528e,69a1b516d54778767da309d2,69a1b278a2342e6c08876bcf,3947,trial,7
3324,42,9,0,0,,United Kingdom,angry,4,397098,1772205755606,1772205358508,male,true,7,672c8eee8120e669315a528e,69a1b516d54778767da309d2,69a1b278a2342e6c08876bcf,3447,trial,1
3324,42,6,0,0,,United Kingdom,relaxed,4,397098,1772205755606,1772205358508,male,true,7,672c8eee8120e669315a528e,69a1b516d54778767da309d2,69a1b278a2342e6c08876bcf,6541,trial,7
3321,42,4,0,0,,United Kingdom,slightly_smiling_face,4,147265,1772205733048,1772205585783,male,true,7,5be742980bedce00010bcf31,69a1b608bcab0a257b8eec59,69a1b278a2342e6c08876bcf,11596,trial,7
3321,42,7,0,0,,United Kingdom,laughing,4,147265,1772205733048,1772205585783,male,true,7,5be742980bedce00010bcf31,69a1b608bcab0a257b8eec59,69a1b278a2342e6c08876bcf,11293,trial,7
3321,42,3,0,0,,United Kingdom,relaxed,4,147265,1772205733048,1772205585783,male,true,7,5be742980bedce00010bcf31,69a1b608bcab0a257b8eec59,69a1b278a2342e6c08876bcf,5519,trial,8
3321,42,4,0,0,,United Kingdom,pensive,4,147265,1772205733048,1772205585783,male,true,7,5be742980bedce00010bcf31,69a1b608bcab0a257b8eec59,69a1b278a2342e6c08876bcf,8552,trial,4
3321,42,2,2,5,,United Kingdom,arrow_up,4,147265,1772205733048,1772205585783,male,true,7,5be742980bedce00010bcf31,69a1b608bcab0a257b8eec59,69a1b278a2342e6c08876bcf,15501,attention,5
3321,42,7,0,0,,United Kingdom,white_frowning_face,4,147265,1772205733048,1772205585783,male,true,7,5be742980bedce00010bcf31,69a1b608bcab0a257b8eec59,69a1b278a2342e6c08876bcf,9640,trial,3
3321,42,7,0,0,,United Kingdom,weary,4,147265,1772205733048,1772205585783,male,true,7,5be742980bedce00010bcf31,69a1b608bcab0a257b8eec59,69a1b278a2342e6c08876bcf,6177,trial,2
3321,42,5,0,0,,United Kingdom,slightly_frowning_face,4,147265,1772205733048,1772205585783,male,true,7,5be742980bedce00010bcf31,69a1b608bcab0a257b8eec59,69a1b278a2342e6c08876bcf,5403,trial,3
3321,42,5,0,0,,United Kingdom,neutral_face,4,147265,1772205733048,1772205585783,male,true,7,5be742980bedce00010bcf31,69a1b608bcab0a257b8eec59,69a1b278a2342e6c08876bcf,4685,trial,5
3321,42,1,1,5,,United Kingdom,arrow_up,4,147265,1772205733048,1772205585783,male,true,7,5be742980bedce00010bcf31,69a1b608bcab0a257b8eec59,69a1b278a2342e6c08876bcf,5080,attention,5
3321,42,7,0,0,,United Kingdom,grinning,4,147265,1772205733048,1772205585783,male,true,7,5be742980bedce00010bcf31,69a1b608bcab0a257b8eec59,69a1b278a2342e6c08876bcf,5267,trial,7
3321,42,8,0,0,,United Kingdom,smile,4,147265,1772205733048,1772205585783,male,true,7,5be742980bedce00010bcf31,69a1b608bcab0a257b8eec59,69a1b278a2342e6c08876bcf,6624,trial,7
3321,42,4,0,0,,United Kingdom,kissing,4,147265,1772205733048,1772205585783,male,true,7,5be742980bedce00010bcf31,69a1b608bcab0a257b8eec59,69a1b278a2342e6c08876bcf,6329,trial,6
3321,42,8,0,0,,United Kingdom,angry,4,147265,1772205733048,1772205585783,male,true,7,5be742980bedce00010bcf31,69a1b608bcab0a257b8eec59,69a1b278a2342e6c08876bcf,4694,trial,2
3323,57,4,0,0,,United States of America,kissing,6,158119,1772205736326,1772205578207,female,true,7,6985d2c030e6415f9dc00e00,69a1b600b5d05049eae2a7ed,69a1b278a2342e6c08876bcf,15098,trial,6
3323,57,7,0,0,,United States of America,white_frowning_face,6,158119,1772205736326,1772205578207,female,true,7,6985d2c030e6415f9dc00e00,69a1b600b5d05049eae2a7ed,69a1b278a2342e6c08876bcf,12031,trial,2
3323,57,7,0,0,,United States of America,smile,6,158119,1772205736326,1772205578207,female,true,7,6985d2c030e6415f9dc00e00,69a1b600b5d05049eae2a7ed,69a1b278a2342e6c08876bcf,7574,trial,8
3323,57,7,0,0,,United States of America,laughing,6,158119,1772205736326,1772205578207,female,true,7,6985d2c030e6415f9dc00e00,69a1b600b5d05049eae2a7ed,69a1b278a2342e6c08876bcf,7975,trial,7
3323,57,4,4,1,,United States of America,arrow_up,6,158119,1772205736326,1772205578207,female,true,7,6985d2c030e6415f9dc00e00,69a1b600b5d05049eae2a7ed,69a1b278a2342e6c08876bcf,8511,attention,1
3323,57,5,0,0,,United States of America,neutral_face,6,158119,1772205736326,1772205578207,female,true,7,6985d2c030e6415f9dc00e00,69a1b600b5d05049eae2a7ed,69a1b278a2342e6c08876bcf,10276,trial,3
3323,57,8,0,0,,United States of America,angry,6,158119,1772205736326,1772205578207,female,true,7,6985d2c030e6415f9dc00e00,69a1b600b5d05049eae2a7ed,69a1b278a2342e6c08876bcf,7848,trial,3
3323,57,5,0,0,,United States of America,pensive,6,158119,1772205736326,1772205578207,female,true,7,6985d2c030e6415f9dc00e00,69a1b600b5d05049eae2a7ed,69a1b278a2342e6c08876bcf,8696,trial,5
3323,57,7,0,0,,United States of America,grinning,6,158119,1772205736326,1772205578207,female,true,7,6985d2c030e6415f9dc00e00,69a1b600b5d05049eae2a7ed,69a1b278a2342e6c08876bcf,5967,trial,8
3323,57,3,3,1,,United States of America,arrow_up,6,158119,1772205736326,1772205578207,female,true,7,6985d2c030e6415f9dc00e00,69a1b600b5d05049eae2a7ed,69a1b278a2342e6c08876bcf,4449,attention,1
3323,57,8,0,0,,United States of America,weary,6,158119,1772205736326,1772205578207,female,true,7,6985d2c030e6415f9dc00e00,69a1b600b5d05049eae2a7ed,69a1b278a2342e6c08876bcf,7341,trial,2
3323,57,6,0,0,,United States of America,relaxed,6,158119,1772205736326,1772205578207,female,true,7,6985d2c030e6415f9dc00e00,69a1b600b5d05049eae2a7ed,69a1b278a2342e6c08876bcf,7736,trial,6
3323,57,5,0,0,,United States of America,slightly_smiling_face,6,158119,1772205736326,1772205578207,female,true,7,6985d2c030e6415f9dc00e00,69a1b600b5d05049eae2a7ed,69a1b278a2342e6c08876bcf,6130,trial,6
3323,57,5,0,0,,United States of America,slightly_frowning_face,6,158119,1772205736326,1772205578207,female,true,7,6985d2c030e6415f9dc00e00,69a1b600b5d05049eae2a7ed,69a1b278a2342e6c08876bcf,9150,trial,4
3322,29,3,0,0,,United Kingdom,neutral_face,7,202747,1772205736199,1772205533452,female,true,7,65c900c7a7dc9db70e311289,69a1b58663587fd4e60aa748,69a1b278a2342e6c08876bcf,6697,trial,3
3322,29,2,0,0,,United Kingdom,slightly_smiling_face,7,202747,1772205736199,1772205533452,female,true,7,65c900c7a7dc9db70e311289,69a1b58663587fd4e60aa748,69a1b278a2342e6c08876bcf,9376,trial,6
3322,29,8,0,0,,United Kingdom,smile,7,202747,1772205736199,1772205533452,female,true,7,65c900c7a7dc9db70e311289,69a1b58663587fd4e60aa748,69a1b278a2342e6c08876bcf,3868,trial,9
3322,29,4,0,0,,United Kingdom,slightly_frowning_face,7,202747,1772205736199,1772205533452,female,true,7,65c900c7a7dc9db70e311289,69a1b58663587fd4e60aa748,69a1b278a2342e6c08876bcf,4257,trial,3
3322,29,5,5,3,,United Kingdom,arrow_up,7,202747,1772205736199,1772205533452,female,true,7,65c900c7a7dc9db70e311289,69a1b58663587fd4e60aa748,69a1b278a2342e6c08876bcf,5745,attention,3
3322,29,9,0,0,,United Kingdom,laughing,7,202747,1772205736199,1772205533452,female,true,7,65c900c7a7dc9db70e311289,69a1b58663587fd4e60aa748,69a1b278a2342e6c08876bcf,30551,trial,9
3322,29,7,0,0,,United Kingdom,relaxed,7,202747,1772205736199,1772205533452,female,true,7,65c900c7a7dc9db70e311289,69a1b58663587fd4e60aa748,69a1b278a2342e6c08876bcf,17651,trial,8
3322,29,7,0,0,,United Kingdom,grinning,7,202747,1772205736199,1772205533452,female,true,7,65c900c7a7dc9db70e311289,69a1b58663587fd4e60aa748,69a1b278a2342e6c08876bcf,4554,trial,8
3322,29,6,0,0,,United Kingdom,white_frowning_face,7,202747,1772205736199,1772205533452,female,true,7,65c900c7a7dc9db70e311289,69a1b58663587fd4e60aa748,69a1b278a2342e6c08876bcf,6575,trial,2
3322,29,5,5,1,,United Kingdom,arrow_up,7,202747,1772205736199,1772205533452,female,true,7,65c900c7a7dc9db70e311289,69a1b58663587fd4e60aa748,69a1b278a2342e6c08876bcf,3055,attention,1
3322,29,7,0,0,,United Kingdom,kissing,7,202747,1772205736199,1772205533452,female,true,7,65c900c7a7dc9db70e311289,69a1b58663587fd4e60aa748,69a1b278a2342e6c08876bcf,7508,trial,5
3322,29,5,0,0,,United Kingdom,pensive,7,202747,1772205736199,1772205533452,female,true,7,65c900c7a7dc9db70e311289,69a1b58663587fd4e60aa748,69a1b278a2342e6c08876bcf,4459,trial,2
3322,29,7,0,0,,United Kingdom,angry,7,202747,1772205736199,1772205533452,female,true,7,65c900c7a7dc9db70e311289,69a1b58663587fd4e60aa748,69a1b278a2342e6c08876bcf,5471,trial,1
3322,29,7,0,0,,United Kingdom,weary,7,202747,1772205736199,1772205533452,female,true,7,65c900c7a7dc9db70e311289,69a1b58663587fd4e60aa748,69a1b278a2342e6c08876bcf,5055,trial,1
3326,28,8,0,0,,United States of America,laughing,4,158501,1772205776894,1772205618393,female,true,7,698c919d505ef1862de8b8e9,69a1b62a164789138a083bb2,69a1b278a2342e6c08876bcf,6475,trial,8
3326,28,8,0,0,,United States of America,angry,4,158501,1772205776894,1772205618393,female,true,7,698c919d505ef1862de8b8e9,69a1b62a164789138a083bb2,69a1b278a2342e6c08876bcf,8310,trial,1
3326,28,3,0,0,,United States of America,relaxed,4,158501,1772205776894,1772205618393,female,true,7,698c919d505ef1862de8b8e9,69a1b62a164789138a083bb2,69a1b278a2342e6c08876bcf,6712,trial,8
3326,28,6,0,0,,United States of America,weary,4,158501,1772205776894,1772205618393,female,true,7,698c919d505ef1862de8b8e9,69a1b62a164789138a083bb2,69a1b278a2342e6c08876bcf,5536,trial,3
3326,28,4,4,2,,United States of America,arrow_up,4,158501,1772205776894,1772205618393,female,true,7,698c919d505ef1862de8b8e9,69a1b62a164789138a083bb2,69a1b278a2342e6c08876bcf,10077,attention,2
3326,28,2,0,0,,United States of America,neutral_face,4,158501,1772205776894,1772205618393,female,true,7,698c919d505ef1862de8b8e9,69a1b62a164789138a083bb2,69a1b278a2342e6c08876bcf,7380,trial,4
3326,28,4,0,0,,United States of America,slightly_smiling_face,4,158501,1772205776894,1772205618393,female,true,7,698c919d505ef1862de8b8e9,69a1b62a164789138a083bb2,69a1b278a2342e6c08876bcf,8298,trial,6
3326,28,4,0,0,,United States of America,slightly_frowning_face,4,158501,1772205776894,1772205618393,female,true,7,698c919d505ef1862de8b8e9,69a1b62a164789138a083bb2,69a1b278a2342e6c08876bcf,4787,trial,4
3326,28,3,0,0,,United States of America,pensive,4,158501,1772205776894,1772205618393,female,true,7,698c919d505ef1862de8b8e9,69a1b62a164789138a083bb2,69a1b278a2342e6c08876bcf,4543,trial,3
3326,28,1,1,3,,United States of America,arrow_up,4,158501,1772205776894,1772205618393,female,true,7,698c919d505ef1862de8b8e9,69a1b62a164789138a083bb2,69a1b278a2342e6c08876bcf,5503,attention,3
3326,28,8,0,0,,United States of America,smile,4,158501,1772205776894,1772205618393,female,true,7,698c919d505ef1862de8b8e9,69a1b62a164789138a083bb2,69a1b278a2342e6c08876bcf,3786,trial,8
3326,28,2,0,0,,United States of America,kissing,4,158501,1772205776894,1772205618393,female,true,7,698c919d505ef1862de8b8e9,69a1b62a164789138a083bb2,69a1b278a2342e6c08876bcf,6126,trial,4
3326,28,7,0,0,,United States of America,grinning,4,158501,1772205776894,1772205618393,female,true,7,698c919d505ef1862de8b8e9,69a1b62a164789138a083bb2,69a1b278a2342e6c08876bcf,5810,trial,7
3326,28,6,0,0,,United States of America,white_frowning_face,4,158501,1772205776894,1772205618393,female,true,7,698c919d505ef1862de8b8e9,69a1b62a164789138a083bb2,69a1b278a2342e6c08876bcf,5601,trial,2
3327,34,8,0,0,,United Kingdom,laughing,5,82124,1772205778883,1772205696759,male,true,7,5c765990f33ac60016b7b2a1,69a1b676eea8a7c11b21b97f,69a1b278a2342e6c08876bcf,7580,trial,9
3327,34,8,0,0,,United Kingdom,grinning,5,82124,1772205778883,1772205696759,male,true,7,5c765990f33ac60016b7b2a1,69a1b676eea8a7c11b21b97f,69a1b278a2342e6c08876bcf,4047,trial,8
3327,34,7,0,0,,United Kingdom,kissing,5,82124,1772205778883,1772205696759,male,true,7,5c765990f33ac60016b7b2a1,69a1b676eea8a7c11b21b97f,69a1b278a2342e6c08876bcf,4342,trial,7
3327,34,3,0,0,,United Kingdom,slightly_frowning_face,5,82124,1772205778883,1772205696759,male,true,7,5c765990f33ac60016b7b2a1,69a1b676eea8a7c11b21b97f,69a1b278a2342e6c08876bcf,4198,trial,2
3327,34,6,5,2,,United Kingdom,arrow_up,5,82124,1772205778883,1772205696759,male,false,7,5c765990f33ac60016b7b2a1,69a1b676eea8a7c11b21b97f,69a1b278a2342e6c08876bcf,3981,attention,6
3327,34,5,0,0,,United Kingdom,slightly_smiling_face,5,82124,1772205778883,1772205696759,male,true,7,5c765990f33ac60016b7b2a1,69a1b676eea8a7c11b21b97f,69a1b278a2342e6c08876bcf,4950,trial,7
3327,34,7,0,0,,United Kingdom,angry,5,82124,1772205778883,1772205696759,male,true,7,5c765990f33ac60016b7b2a1,69a1b676eea8a7c11b21b97f,69a1b278a2342e6c08876bcf,5621,trial,2
3327,34,4,0,0,,United Kingdom,white_frowning_face,5,82124,1772205778883,1772205696759,male,true,7,5c765990f33ac60016b7b2a1,69a1b676eea8a7c11b21b97f,69a1b278a2342e6c08876bcf,4294,trial,2
3327,34,6,0,0,,United Kingdom,weary,5,82124,1772205778883,1772205696759,male,true,7,5c765990f33ac60016b7b2a1,69a1b676eea8a7c11b21b97f,69a1b278a2342e6c08876bcf,3885,trial,3
3327,34,5,2,4,,United Kingdom,arrow_up,5,82124,1772205778883,1772205696759,male,false,7,5c765990f33ac60016b7b2a1,69a1b676eea8a7c11b21b97f,69a1b278a2342e6c08876bcf,3110,attention,5
3327,34,3,0,0,,United Kingdom,pensive,5,82124,1772205778883,1772205696759,male,true,7,5c765990f33ac60016b7b2a1,69a1b676eea8a7c11b21b97f,69a1b278a2342e6c08876bcf,4567,trial,3
3327,34,7,0,0,,United Kingdom,smile,5,82124,1772205778883,1772205696759,male,true,7,5c765990f33ac60016b7b2a1,69a1b676eea8a7c11b21b97f,69a1b278a2342e6c08876bcf,3190,trial,9
3327,34,4,0,0,,United Kingdom,relaxed,5,82124,1772205778883,1772205696759,male,true,7,5c765990f33ac60016b7b2a1,69a1b676eea8a7c11b21b97f,69a1b278a2342e6c08876bcf,4965,trial,7
3327,34,2,0,0,,United Kingdom,neutral_face,5,82124,1772205778883,1772205696759,male,true,7,5c765990f33ac60016b7b2a1,69a1b676eea8a7c11b21b97f,69a1b278a2342e6c08876bcf,4870,trial,5
3328,46,7,0,0,,United Kingdom,relaxed,5,98531,1772205788021,1772205689490,male,true,7,5e5521580ee1b951df544c3c,69a1b5ff669b87658a2f5513,69a1b278a2342e6c08876bcf,6024,trial,7
3328,46,7,0,0,,United Kingdom,weary,5,98531,1772205788021,1772205689490,male,true,7,5e5521580ee1b951df544c3c,69a1b5ff669b87658a2f5513,69a1b278a2342e6c08876bcf,8663,trial,2
3328,46,6,0,0,,United Kingdom,slightly_smiling_face,5,98531,1772205788021,1772205689490,male,true,7,5e5521580ee1b951df544c3c,69a1b5ff669b87658a2f5513,69a1b278a2342e6c08876bcf,6175,trial,8
3328,46,7,0,0,,United Kingdom,white_frowning_face,5,98531,1772205788021,1772205689490,male,true,7,5e5521580ee1b951df544c3c,69a1b5ff669b87658a2f5513,69a1b278a2342e6c08876bcf,5640,trial,2
3328,46,2,2,3,,United Kingdom,arrow_up,5,98531,1772205788021,1772205689490,male,true,7,5e5521580ee1b951df544c3c,69a1b5ff669b87658a2f5513,69a1b278a2342e6c08876bcf,4665,attention,3
3328,46,5,0,0,,United Kingdom,slightly_frowning_face,5,98531,1772205788021,1772205689490,male,true,7,5e5521580ee1b951df544c3c,69a1b5ff669b87658a2f5513,69a1b278a2342e6c08876bcf,2776,trial,5
3328,46,3,0,0,,United Kingdom,neutral_face,5,98531,1772205788021,1772205689490,male,true,7,5e5521580ee1b951df544c3c,69a1b5ff669b87658a2f5513,69a1b278a2342e6c08876bcf,4656,trial,5
3328,46,7,0,0,,United Kingdom,angry,5,98531,1772205788021,1772205689490,male,true,7,5e5521580ee1b951df544c3c,69a1b5ff669b87658a2f5513,69a1b278a2342e6c08876bcf,5152,trial,2
3328,46,8,0,0,,United Kingdom,laughing,5,98531,1772205788021,1772205689490,male,true,7,5e5521580ee1b951df544c3c,69a1b5ff669b87658a2f5513,69a1b278a2342e6c08876bcf,5800,trial,9
3328,46,2,2,5,,United Kingdom,arrow_up,5,98531,1772205788021,1772205689490,male,true,7,5e5521580ee1b951df544c3c,69a1b5ff669b87658a2f5513,69a1b278a2342e6c08876bcf,5744,attention,5
3328,46,7,0,0,,United Kingdom,kissing,5,98531,1772205788021,1772205689490,male,true,7,5e5521580ee1b951df544c3c,69a1b5ff669b87658a2f5513,69a1b278a2342e6c08876bcf,9551,trial,7
3328,46,8,0,0,,United Kingdom,grinning,5,98531,1772205788021,1772205689490,male,true,7,5e5521580ee1b951df544c3c,69a1b5ff669b87658a2f5513,69a1b278a2342e6c08876bcf,5136,trial,9
3328,46,5,0,0,,United Kingdom,pensive,5,98531,1772205788021,1772205689490,male,true,7,5e5521580ee1b951df544c3c,69a1b5ff669b87658a2f5513,69a1b278a2342e6c08876bcf,3656,trial,3
3328,46,5,0,0,,United Kingdom,smile,5,98531,1772205788021,1772205689490,male,true,7,5e5521580ee1b951df544c3c,69a1b5ff669b87658a2f5513,69a1b278a2342e6c08876bcf,4880,trial,5
3330,49,4,0,0,,United Kingdom,white_frowning_face,6,110460,1772205790531,1772205680071,male,true,7,63ed50df25d0ea08696b393f,69a1b66abf220b2ff64b550c,69a1b278a2342e6c08876bcf,11956,trial,3
3330,49,5,0,0,,United Kingdom,weary,6,110460,1772205790531,1772205680071,male,true,7,63ed50df25d0ea08696b393f,69a1b66abf220b2ff64b550c,69a1b278a2342e6c08876bcf,6040,trial,3
3330,49,7,0,0,,United Kingdom,slightly_smiling_face,6,110460,1772205790531,1772205680071,male,true,7,63ed50df25d0ea08696b393f,69a1b66abf220b2ff64b550c,69a1b278a2342e6c08876bcf,4273,trial,7
3330,49,8,0,0,,United Kingdom,grinning,6,110460,1772205790531,1772205680071,male,true,7,63ed50df25d0ea08696b393f,69a1b66abf220b2ff64b550c,69a1b278a2342e6c08876bcf,5647,trial,8
3330,49,1,1,1,,United Kingdom,arrow_up,6,110460,1772205790531,1772205680071,male,true,7,63ed50df25d0ea08696b393f,69a1b66abf220b2ff64b550c,69a1b278a2342e6c08876bcf,19344,attention,1
3330,49,3,0,0,,United Kingdom,slightly_frowning_face,6,110460,1772205790531,1772205680071,male,true,7,63ed50df25d0ea08696b393f,69a1b66abf220b2ff64b550c,69a1b278a2342e6c08876bcf,6956,trial,3
3330,49,5,0,0,,United Kingdom,neutral_face,6,110460,1772205790531,1772205680071,male,true,7,63ed50df25d0ea08696b393f,69a1b66abf220b2ff64b550c,69a1b278a2342e6c08876bcf,3871,trial,4
3330,49,7,0,0,,United Kingdom,relaxed,6,110460,1772205790531,1772205680071,male,true,7,63ed50df25d0ea08696b393f,69a1b66abf220b2ff64b550c,69a1b278a2342e6c08876bcf,3024,trial,6
3330,49,3,0,0,,United Kingdom,pensive,6,110460,1772205790531,1772205680071,male,true,7,63ed50df25d0ea08696b393f,69a1b66abf220b2ff64b550c,69a1b278a2342e6c08876bcf,3168,trial,3
3330,49,1,1,4,,United Kingdom,arrow_up,6,110460,1772205790531,1772205680071,male,true,7,63ed50df25d0ea08696b393f,69a1b66abf220b2ff64b550c,69a1b278a2342e6c08876bcf,6457,attention,4
3330,49,9,0,0,,United Kingdom,smile,6,110460,1772205790531,1772205680071,male,true,7,63ed50df25d0ea08696b393f,69a1b66abf220b2ff64b550c,69a1b278a2342e6c08876bcf,3375,trial,9
3330,49,1,0,0,,United Kingdom,angry,6,110460,1772205790531,1772205680071,male,true,7,63ed50df25d0ea08696b393f,69a1b66abf220b2ff64b550c,69a1b278a2342e6c08876bcf,3881,trial,2
3330,49,8,0,0,,United Kingdom,laughing,6,110460,1772205790531,1772205680071,male,true,7,63ed50df25d0ea08696b393f,69a1b66abf220b2ff64b550c,69a1b278a2342e6c08876bcf,3331,trial,8
3330,49,6,0,0,,United Kingdom,kissing,6,110460,1772205790531,1772205680071,male,true,7,63ed50df25d0ea08696b393f,69a1b66abf220b2ff64b550c,69a1b278a2342e6c08876bcf,3328,trial,6
3331,30,8,0,0,,Canada,angry,6,198041,1772205790872,1772205592831,female,true,7,5e8eea7d2ee237000aef1557,69a1b6125621dd794f9caabb,69a1b278a2342e6c08876bcf,14455,trial,1
3331,30,5,0,0,,Canada,slightly_frowning_face,6,198041,1772205790872,1772205592831,female,true,7,5e8eea7d2ee237000aef1557,69a1b6125621dd794f9caabb,69a1b278a2342e6c08876bcf,12561,trial,3
3331,30,9,0,0,,Canada,grinning,6,198041,1772205790872,1772205592831,female,true,7,5e8eea7d2ee237000aef1557,69a1b6125621dd794f9caabb,69a1b278a2342e6c08876bcf,5349,trial,9
3331,30,4,0,0,,Canada,white_frowning_face,6,198041,1772205790872,1772205592831,female,true,7,5e8eea7d2ee237000aef1557,69a1b6125621dd794f9caabb,69a1b278a2342e6c08876bcf,10953,trial,2
3331,30,1,1,4,,Canada,arrow_up,6,198041,1772205790872,1772205592831,female,true,7,5e8eea7d2ee237000aef1557,69a1b6125621dd794f9caabb,69a1b278a2342e6c08876bcf,13132,attention,4
3331,30,9,0,0,,Canada,laughing,6,198041,1772205790872,1772205592831,female,true,7,5e8eea7d2ee237000aef1557,69a1b6125621dd794f9caabb,69a1b278a2342e6c08876bcf,9896,trial,9
3331,30,3,0,0,,Canada,relaxed,6,198041,1772205790872,1772205592831,female,true,7,5e8eea7d2ee237000aef1557,69a1b6125621dd794f9caabb,69a1b278a2342e6c08876bcf,9120,trial,9
3331,30,9,0,0,,Canada,smile,6,198041,1772205790872,1772205592831,female,true,7,5e8eea7d2ee237000aef1557,69a1b6125621dd794f9caabb,69a1b278a2342e6c08876bcf,4580,trial,9
3331,30,4,0,0,,Canada,pensive,6,198041,1772205790872,1772205592831,female,true,7,5e8eea7d2ee237000aef1557,69a1b6125621dd794f9caabb,69a1b278a2342e6c08876bcf,12918,trial,3
3331,30,3,3,3,,Canada,arrow_up,6,198041,1772205790872,1772205592831,female,true,7,5e8eea7d2ee237000aef1557,69a1b6125621dd794f9caabb,69a1b278a2342e6c08876bcf,6713,attention,3
3331,30,6,0,0,,Canada,kissing,6,198041,1772205790872,1772205592831,female,true,7,5e8eea7d2ee237000aef1557,69a1b6125621dd794f9caabb,69a1b278a2342e6c08876bcf,15902,trial,7
3331,30,5,0,0,,Canada,weary,6,198041,1772205790872,1772205592831,female,true,7,5e8eea7d2ee237000aef1557,69a1b6125621dd794f9caabb,69a1b278a2342e6c08876bcf,9046,trial,1
3331,30,3,0,0,,Canada,slightly_smiling_face,6,198041,1772205790872,1772205592831,female,true,7,5e8eea7d2ee237000aef1557,69a1b6125621dd794f9caabb,69a1b278a2342e6c08876bcf,6600,trial,8
3331,30,4,0,0,,Canada,neutral_face,6,198041,1772205790872,1772205592831,female,true,7,5e8eea7d2ee237000aef1557,69a1b6125621dd794f9caabb,69a1b278a2342e6c08876bcf,8999,trial,4
3332,51,6,0,0,,United States of America,laughing,6,189562,1772205793159,1772205603597,female,true,7,60bd3c5036187d1b1edaa99b,69a1b6181de12f7ba97fe894,69a1b278a2342e6c08876bcf,11759,trial,9
3332,51,6,0,0,,United States of America,smile,6,189562,1772205793159,1772205603597,female,true,7,60bd3c5036187d1b1edaa99b,69a1b6181de12f7ba97fe894,69a1b278a2342e6c08876bcf,7862,trial,9
3332,51,5,0,0,,United States of America,weary,6,189562,1772205793159,1772205603597,female,true,7,60bd3c5036187d1b1edaa99b,69a1b6181de12f7ba97fe894,69a1b278a2342e6c08876bcf,8540,trial,3
3332,51,5,0,0,,United States of America,slightly_smiling_face,6,189562,1772205793159,1772205603597,female,true,7,60bd3c5036187d1b1edaa99b,69a1b6181de12f7ba97fe894,69a1b278a2342e6c08876bcf,14651,trial,5
3332,51,5,4,1,,United States of America,arrow_up,6,189562,1772205793159,1772205603597,female,false,7,60bd3c5036187d1b1edaa99b,69a1b6181de12f7ba97fe894,69a1b278a2342e6c08876bcf,6340,attention,9
3332,51,3,0,0,,United States of America,pensive,6,189562,1772205793159,1772205603597,female,true,7,60bd3c5036187d1b1edaa99b,69a1b6181de12f7ba97fe894,69a1b278a2342e6c08876bcf,6723,trial,2
3332,51,8,0,0,,United States of America,grinning,6,189562,1772205793159,1772205603597,female,true,7,60bd3c5036187d1b1edaa99b,69a1b6181de12f7ba97fe894,69a1b278a2342e6c08876bcf,14838,trial,9
3332,51,6,0,0,,United States of America,neutral_face,6,189562,1772205793159,1772205603597,female,true,7,60bd3c5036187d1b1edaa99b,69a1b6181de12f7ba97fe894,69a1b278a2342e6c08876bcf,3872,trial,5
3332,51,3,0,0,,United States of America,slightly_frowning_face,6,189562,1772205793159,1772205603597,female,true,7,60bd3c5036187d1b1edaa99b,69a1b6181de12f7ba97fe894,69a1b278a2342e6c08876bcf,4111,trial,2
3332,51,6,4,2,,United States of America,arrow_up,6,189562,1772205793159,1772205603597,female,false,7,60bd3c5036187d1b1edaa99b,69a1b6181de12f7ba97fe894,69a1b278a2342e6c08876bcf,3646,attention,9
3332,51,4,0,0,,United States of America,angry,6,189562,1772205793159,1772205603597,female,true,7,60bd3c5036187d1b1edaa99b,69a1b6181de12f7ba97fe894,69a1b278a2342e6c08876bcf,14602,trial,1
3332,51,7,0,0,,United States of America,relaxed,6,189562,1772205793159,1772205603597,female,true,7,60bd3c5036187d1b1edaa99b,69a1b6181de12f7ba97fe894,69a1b278a2342e6c08876bcf,5511,trial,9
3332,51,2,0,0,,United States of America,white_frowning_face,6,189562,1772205793159,1772205603597,female,true,7,60bd3c5036187d1b1edaa99b,69a1b6181de12f7ba97fe894,69a1b278a2342e6c08876bcf,4028,trial,2
3332,51,6,0,0,,United States of America,kissing,6,189562,1772205793159,1772205603597,female,true,7,60bd3c5036187d1b1edaa99b,69a1b6181de12f7ba97fe894,69a1b278a2342e6c08876bcf,4995,trial,5
3378,52,7,0,0,,United Kingdom,relaxed,4,330073,1772206301406,1772205971333,female,true,7,60e97cc8cfc0ba33080d90fe,69a1b7858475aeb8c0c37695,69a1b278a2342e6c08876bcf,23127,trial,8
3378,52,6,0,0,,United Kingdom,slightly_smiling_face,4,330073,1772206301406,1772205971333,female,true,7,60e97cc8cfc0ba33080d90fe,69a1b7858475aeb8c0c37695,69a1b278a2342e6c08876bcf,7835,trial,6
3378,52,7,0,0,,United Kingdom,pensive,4,330073,1772206301406,1772205971333,female,true,7,60e97cc8cfc0ba33080d90fe,69a1b7858475aeb8c0c37695,69a1b278a2342e6c08876bcf,29463,trial,2
3378,52,8,0,0,,United Kingdom,weary,4,330073,1772206301406,1772205971333,female,true,7,60e97cc8cfc0ba33080d90fe,69a1b7858475aeb8c0c37695,69a1b278a2342e6c08876bcf,7682,trial,1
3378,52,4,4,1,,United Kingdom,arrow_up,4,330073,1772206301406,1772205971333,female,true,7,60e97cc8cfc0ba33080d90fe,69a1b7858475aeb8c0c37695,69a1b278a2342e6c08876bcf,10914,attention,1
3378,52,7,0,0,,United Kingdom,kissing,4,330073,1772206301406,1772205971333,female,true,7,60e97cc8cfc0ba33080d90fe,69a1b7858475aeb8c0c37695,69a1b278a2342e6c08876bcf,20344,trial,6
3378,52,8,0,0,,United Kingdom,white_frowning_face,4,330073,1772206301406,1772205971333,female,true,7,60e97cc8cfc0ba33080d90fe,69a1b7858475aeb8c0c37695,69a1b278a2342e6c08876bcf,7614,trial,2
3378,52,6,0,0,,United Kingdom,neutral_face,4,330073,1772206301406,1772205971333,female,true,7,60e97cc8cfc0ba33080d90fe,69a1b7858475aeb8c0c37695,69a1b278a2342e6c08876bcf,10535,trial,4
3378,52,6,0,0,,United Kingdom,slightly_frowning_face,4,330073,1772206301406,1772205971333,female,true,7,60e97cc8cfc0ba33080d90fe,69a1b7858475aeb8c0c37695,69a1b278a2342e6c08876bcf,33547,trial,4
3378,52,3,3,4,,United Kingdom,arrow_up,4,330073,1772206301406,1772205971333,female,true,7,60e97cc8cfc0ba33080d90fe,69a1b7858475aeb8c0c37695,69a1b278a2342e6c08876bcf,8480,attention,4
3378,52,8,0,0,,United Kingdom,grinning,4,330073,1772206301406,1772205971333,female,true,7,60e97cc8cfc0ba33080d90fe,69a1b7858475aeb8c0c37695,69a1b278a2342e6c08876bcf,16892,trial,9
3378,52,8,0,0,,United Kingdom,angry,4,330073,1772206301406,1772205971333,female,true,7,60e97cc8cfc0ba33080d90fe,69a1b7858475aeb8c0c37695,69a1b278a2342e6c08876bcf,8213,trial,1
3378,52,8,0,0,,United Kingdom,smile,4,330073,1772206301406,1772205971333,female,true,7,60e97cc8cfc0ba33080d90fe,69a1b7858475aeb8c0c37695,69a1b278a2342e6c08876bcf,8842,trial,9
3378,52,9,0,0,,United Kingdom,laughing,4,330073,1772206301406,1772205971333,female,true,7,60e97cc8cfc0ba33080d90fe,69a1b7858475aeb8c0c37695,69a1b278a2342e6c08876bcf,43755,trial,8
3334,41,3,0,0,,United Kingdom,pensive,5,354010,1772205799318,1772205445308,male,true,7,6697cf02d714e7ee3fdedcec,69a1b57ac5d0076dfe461056,69a1b278a2342e6c08876bcf,168888,trial,2
3334,41,6,0,0,,United Kingdom,relaxed,5,354010,1772205799318,1772205445308,male,true,7,6697cf02d714e7ee3fdedcec,69a1b57ac5d0076dfe461056,69a1b278a2342e6c08876bcf,8470,trial,9
3334,41,5,0,0,,United Kingdom,white_frowning_face,5,354010,1772205799318,1772205445308,male,true,7,6697cf02d714e7ee3fdedcec,69a1b57ac5d0076dfe461056,69a1b278a2342e6c08876bcf,9647,trial,3
3334,41,5,0,0,,United Kingdom,slightly_smiling_face,5,354010,1772205799318,1772205445308,male,true,7,6697cf02d714e7ee3fdedcec,69a1b57ac5d0076dfe461056,69a1b278a2342e6c08876bcf,7657,trial,7
3334,41,2,2,5,,United Kingdom,arrow_up,5,354010,1772205799318,1772205445308,male,true,7,6697cf02d714e7ee3fdedcec,69a1b57ac5d0076dfe461056,69a1b278a2342e6c08876bcf,8271,attention,5
3334,41,9,0,0,,United Kingdom,laughing,5,354010,1772205799318,1772205445308,male,true,7,6697cf02d714e7ee3fdedcec,69a1b57ac5d0076dfe461056,69a1b278a2342e6c08876bcf,5208,trial,9
3334,41,7,0,0,,United Kingdom,weary,5,354010,1772205799318,1772205445308,male,true,7,6697cf02d714e7ee3fdedcec,69a1b57ac5d0076dfe461056,69a1b278a2342e6c08876bcf,13152,trial,3
3334,41,7,0,0,,United Kingdom,grinning,5,354010,1772205799318,1772205445308,male,true,7,6697cf02d714e7ee3fdedcec,69a1b57ac5d0076dfe461056,69a1b278a2342e6c08876bcf,5239,trial,8
3334,41,5,0,0,,United Kingdom,neutral_face,5,354010,1772205799318,1772205445308,male,true,7,6697cf02d714e7ee3fdedcec,69a1b57ac5d0076dfe461056,69a1b278a2342e6c08876bcf,3377,trial,5
3334,41,4,4,5,,United Kingdom,arrow_up,5,354010,1772205799318,1772205445308,male,true,7,6697cf02d714e7ee3fdedcec,69a1b57ac5d0076dfe461056,69a1b278a2342e6c08876bcf,45416,attention,5
3334,41,6,0,0,,United Kingdom,kissing,5,354010,1772205799318,1772205445308,male,true,7,6697cf02d714e7ee3fdedcec,69a1b57ac5d0076dfe461056,69a1b278a2342e6c08876bcf,9616,trial,4
3334,41,8,0,0,,United Kingdom,smile,5,354010,1772205799318,1772205445308,male,true,7,6697cf02d714e7ee3fdedcec,69a1b57ac5d0076dfe461056,69a1b278a2342e6c08876bcf,4847,trial,8
3334,41,4,0,0,,United Kingdom,slightly_frowning_face,5,354010,1772205799318,1772205445308,male,true,7,6697cf02d714e7ee3fdedcec,69a1b57ac5d0076dfe461056,69a1b278a2342e6c08876bcf,6081,trial,3
3334,41,9,0,0,,United Kingdom,angry,5,354010,1772205799318,1772205445308,male,true,7,6697cf02d714e7ee3fdedcec,69a1b57ac5d0076dfe461056,69a1b278a2342e6c08876bcf,6112,trial,1
3340,46,9,0,0,,United States of America,angry,4,373970,1772205828000,1772205454030,female,true,7,66635646a7a1d8a178001236,69a1b57fe87f3d81fb075a14,69a1b278a2342e6c08876bcf,20484,trial,1
3340,46,9,0,0,,United States of America,relaxed,4,373970,1772205828000,1772205454030,female,true,7,66635646a7a1d8a178001236,69a1b57fe87f3d81fb075a14,69a1b278a2342e6c08876bcf,13184,trial,9
3340,46,8,0,0,,United States of America,weary,4,373970,1772205828000,1772205454030,female,true,7,66635646a7a1d8a178001236,69a1b57fe87f3d81fb075a14,69a1b278a2342e6c08876bcf,41685,trial,2
3340,46,9,0,0,,United States of America,laughing,4,373970,1772205828000,1772205454030,female,true,7,66635646a7a1d8a178001236,69a1b57fe87f3d81fb075a14,69a1b278a2342e6c08876bcf,19739,trial,8
3340,46,5,5,2,,United States of America,arrow_up,4,373970,1772205828000,1772205454030,female,true,7,66635646a7a1d8a178001236,69a1b57fe87f3d81fb075a14,69a1b278a2342e6c08876bcf,15868,attention,2
3340,46,7,0,0,,United States of America,smile,4,373970,1772205828000,1772205454030,female,true,7,66635646a7a1d8a178001236,69a1b57fe87f3d81fb075a14,69a1b278a2342e6c08876bcf,18078,trial,8
3340,46,8,0,0,,United States of America,kissing,4,373970,1772205828000,1772205454030,female,true,7,66635646a7a1d8a178001236,69a1b57fe87f3d81fb075a14,69a1b278a2342e6c08876bcf,25048,trial,5
3340,46,1,0,0,,United States of America,white_frowning_face,4,373970,1772205828000,1772205454030,female,true,7,66635646a7a1d8a178001236,69a1b57fe87f3d81fb075a14,69a1b278a2342e6c08876bcf,14452,trial,1
3340,46,3,0,0,,United States of America,pensive,4,373970,1772205828000,1772205454030,female,true,7,66635646a7a1d8a178001236,69a1b57fe87f3d81fb075a14,69a1b278a2342e6c08876bcf,25028,trial,3
3340,46,5,5,4,,United States of America,arrow_up,4,373970,1772205828000,1772205454030,female,true,7,66635646a7a1d8a178001236,69a1b57fe87f3d81fb075a14,69a1b278a2342e6c08876bcf,8877,attention,4
3340,46,5,0,0,,United States of America,slightly_smiling_face,4,373970,1772205828000,1772205454030,female,true,7,66635646a7a1d8a178001236,69a1b57fe87f3d81fb075a14,69a1b278a2342e6c08876bcf,19263,trial,8
3340,46,3,0,0,,United States of America,slightly_frowning_face,4,373970,1772205828000,1772205454030,female,true,7,66635646a7a1d8a178001236,69a1b57fe87f3d81fb075a14,69a1b278a2342e6c08876bcf,15467,trial,2
3340,46,2,0,0,,United States of America,neutral_face,4,373970,1772205828000,1772205454030,female,true,7,66635646a7a1d8a178001236,69a1b57fe87f3d81fb075a14,69a1b278a2342e6c08876bcf,31999,trial,4
3340,46,8,0,0,,United States of America,grinning,4,373970,1772205828000,1772205454030,female,true,7,66635646a7a1d8a178001236,69a1b57fe87f3d81fb075a14,69a1b278a2342e6c08876bcf,15209,trial,8
3389,28,6,0,0,,South Africa,pensive,7,339766,1772206411214,1772206071448,female,true,7,60c076e9ce50e01ef77bdcdb,69a1b7e8570a054093e2de4e,69a1b278a2342e6c08876bcf,27864,trial,4
3389,28,8,0,0,,South Africa,relaxed,7,339766,1772206411214,1772206071448,female,true,7,60c076e9ce50e01ef77bdcdb,69a1b7e8570a054093e2de4e,69a1b278a2342e6c08876bcf,7376,trial,9
3389,28,7,0,0,,South Africa,smile,7,339766,1772206411214,1772206071448,female,true,7,60c076e9ce50e01ef77bdcdb,69a1b7e8570a054093e2de4e,69a1b278a2342e6c08876bcf,27136,trial,9
3389,28,6,0,0,,South Africa,grinning,7,339766,1772206411214,1772206071448,female,true,7,60c076e9ce50e01ef77bdcdb,69a1b7e8570a054093e2de4e,69a1b278a2342e6c08876bcf,38375,trial,6
3389,28,4,1,5,,South Africa,arrow_up,7,339766,1772206411214,1772206071448,female,false,7,60c076e9ce50e01ef77bdcdb,69a1b7e8570a054093e2de4e,69a1b278a2342e6c08876bcf,15568,attention,4
3389,28,5,0,0,,South Africa,kissing,7,339766,1772206411214,1772206071448,female,true,7,60c076e9ce50e01ef77bdcdb,69a1b7e8570a054093e2de4e,69a1b278a2342e6c08876bcf,6696,trial,6
3389,28,5,0,0,,South Africa,slightly_smiling_face,7,339766,1772206411214,1772206071448,female,true,7,60c076e9ce50e01ef77bdcdb,69a1b7e8570a054093e2de4e,69a1b278a2342e6c08876bcf,43935,trial,6
3389,28,9,0,0,,South Africa,laughing,7,339766,1772206411214,1772206071448,female,true,7,60c076e9ce50e01ef77bdcdb,69a1b7e8570a054093e2de4e,69a1b278a2342e6c08876bcf,7058,trial,9
3389,28,5,0,0,,South Africa,weary,7,339766,1772206411214,1772206071448,female,true,7,60c076e9ce50e01ef77bdcdb,69a1b7e8570a054093e2de4e,69a1b278a2342e6c08876bcf,20406,trial,5
3389,28,4,2,1,,South Africa,arrow_up,7,339766,1772206411214,1772206071448,female,false,7,60c076e9ce50e01ef77bdcdb,69a1b7e8570a054093e2de4e,69a1b278a2342e6c08876bcf,20912,attention,5
3389,28,1,0,0,,South Africa,slightly_frowning_face,7,339766,1772206411214,1772206071448,female,true,7,60c076e9ce50e01ef77bdcdb,69a1b7e8570a054093e2de4e,69a1b278a2342e6c08876bcf,8328,trial,1
3389,28,4,0,0,,South Africa,white_frowning_face,7,339766,1772206411214,1772206071448,female,true,7,60c076e9ce50e01ef77bdcdb,69a1b7e8570a054093e2de4e,69a1b278a2342e6c08876bcf,27763,trial,1
3389,28,4,0,0,,South Africa,neutral_face,7,339766,1772206411214,1772206071448,female,true,7,60c076e9ce50e01ef77bdcdb,69a1b7e8570a054093e2de4e,69a1b278a2342e6c08876bcf,16556,trial,4
3389,28,3,0,0,,South Africa,angry,7,339766,1772206411214,1772206071448,female,true,7,60c076e9ce50e01ef77bdcdb,69a1b7e8570a054093e2de4e,69a1b278a2342e6c08876bcf,17800,trial,1
3335,48,9,0,0,,United Kingdom,angry,6,112255,1772205802004,1772205689749,male,true,7,5e68d2b5576136000ba058a2,69a1b673137b0b832d5f1773,69a1b278a2342e6c08876bcf,7910,trial,1
3335,48,8,0,0,,United Kingdom,slightly_frowning_face,6,112255,1772205802004,1772205689749,male,true,7,5e68d2b5576136000ba058a2,69a1b673137b0b832d5f1773,69a1b278a2342e6c08876bcf,12530,trial,2
3335,48,2,0,0,,United Kingdom,pensive,6,112255,1772205802004,1772205689749,male,true,7,5e68d2b5576136000ba058a2,69a1b673137b0b832d5f1773,69a1b278a2342e6c08876bcf,6760,trial,4
3335,48,9,0,0,,United Kingdom,grinning,6,112255,1772205802004,1772205689749,male,true,7,5e68d2b5576136000ba058a2,69a1b673137b0b832d5f1773,69a1b278a2342e6c08876bcf,4326,trial,9
3335,48,8,1,5,,United Kingdom,arrow_up,6,112255,1772205802004,1772205689749,male,false,7,5e68d2b5576136000ba058a2,69a1b673137b0b832d5f1773,69a1b278a2342e6c08876bcf,8766,attention,8
3335,48,4,0,0,,United Kingdom,weary,6,112255,1772205802004,1772205689749,male,true,7,5e68d2b5576136000ba058a2,69a1b673137b0b832d5f1773,69a1b278a2342e6c08876bcf,5236,trial,2
3335,48,8,0,0,,United Kingdom,laughing,6,112255,1772205802004,1772205689749,male,true,7,5e68d2b5576136000ba058a2,69a1b673137b0b832d5f1773,69a1b278a2342e6c08876bcf,6536,trial,8
3335,48,8,0,0,,United Kingdom,kissing,6,112255,1772205802004,1772205689749,male,true,7,5e68d2b5576136000ba058a2,69a1b673137b0b832d5f1773,69a1b278a2342e6c08876bcf,5040,trial,9
3335,48,4,0,0,,United Kingdom,slightly_smiling_face,6,112255,1772205802004,1772205689749,male,true,7,5e68d2b5576136000ba058a2,69a1b673137b0b832d5f1773,69a1b278a2342e6c08876bcf,3772,trial,7
3335,48,7,5,3,,United Kingdom,arrow_up,6,112255,1772205802004,1772205689749,male,false,7,5e68d2b5576136000ba058a2,69a1b673137b0b832d5f1773,69a1b278a2342e6c08876bcf,6278,attention,8
3335,48,9,0,0,,United Kingdom,smile,6,112255,1772205802004,1772205689749,male,true,7,5e68d2b5576136000ba058a2,69a1b673137b0b832d5f1773,69a1b278a2342e6c08876bcf,4646,trial,9
3335,48,5,0,0,,United Kingdom,neutral_face,6,112255,1772205802004,1772205689749,male,true,7,5e68d2b5576136000ba058a2,69a1b673137b0b832d5f1773,69a1b278a2342e6c08876bcf,4156,trial,5
3335,48,3,0,0,,United Kingdom,white_frowning_face,6,112255,1772205802004,1772205689749,male,true,7,5e68d2b5576136000ba058a2,69a1b673137b0b832d5f1773,69a1b278a2342e6c08876bcf,5800,trial,2
3335,48,9,0,0,,United Kingdom,relaxed,6,112255,1772205802004,1772205689749,male,true,7,5e68d2b5576136000ba058a2,69a1b673137b0b832d5f1773,69a1b278a2342e6c08876bcf,3026,trial,9
3348,33,1,0,0,,United Kingdom,slightly_smiling_face,6,237505,1772205857294,1772205619789,male,true,7,63ed4ffc9e011d70035477c5,69a1b61eb4c1eacdbccdcf61,69a1b278a2342e6c08876bcf,11051,trial,9
3348,33,2,0,0,,United Kingdom,kissing,6,237505,1772205857294,1772205619789,male,true,7,63ed4ffc9e011d70035477c5,69a1b61eb4c1eacdbccdcf61,69a1b278a2342e6c08876bcf,15287,trial,8
3348,33,4,0,0,,United Kingdom,white_frowning_face,6,237505,1772205857294,1772205619789,male,true,7,63ed4ffc9e011d70035477c5,69a1b61eb4c1eacdbccdcf61,69a1b278a2342e6c08876bcf,16648,trial,4
3348,33,7,0,0,,United Kingdom,smile,6,237505,1772205857294,1772205619789,male,true,7,63ed4ffc9e011d70035477c5,69a1b61eb4c1eacdbccdcf61,69a1b278a2342e6c08876bcf,14649,trial,9
3348,33,2,2,5,,United Kingdom,arrow_up,6,237505,1772205857294,1772205619789,male,true,7,63ed4ffc9e011d70035477c5,69a1b61eb4c1eacdbccdcf61,69a1b278a2342e6c08876bcf,10473,attention,5
3348,33,5,0,0,,United Kingdom,weary,6,237505,1772205857294,1772205619789,male,true,7,63ed4ffc9e011d70035477c5,69a1b61eb4c1eacdbccdcf61,69a1b278a2342e6c08876bcf,13129,trial,3
3348,33,5,0,0,,United Kingdom,neutral_face,6,237505,1772205857294,1772205619789,male,true,7,63ed4ffc9e011d70035477c5,69a1b61eb4c1eacdbccdcf61,69a1b278a2342e6c08876bcf,9142,trial,5
3348,33,9,0,0,,United Kingdom,grinning,6,237505,1772205857294,1772205619789,male,true,7,63ed4ffc9e011d70035477c5,69a1b61eb4c1eacdbccdcf61,69a1b278a2342e6c08876bcf,8890,trial,9
3348,33,7,0,0,,United Kingdom,angry,6,237505,1772205857294,1772205619789,male,true,7,63ed4ffc9e011d70035477c5,69a1b61eb4c1eacdbccdcf61,69a1b278a2342e6c08876bcf,8960,trial,1
3348,33,4,4,1,,United Kingdom,arrow_up,6,237505,1772205857294,1772205619789,male,true,7,63ed4ffc9e011d70035477c5,69a1b61eb4c1eacdbccdcf61,69a1b278a2342e6c08876bcf,5699,attention,1
3348,33,4,0,0,,United Kingdom,slightly_frowning_face,6,237505,1772205857294,1772205619789,male,true,7,63ed4ffc9e011d70035477c5,69a1b61eb4c1eacdbccdcf61,69a1b278a2342e6c08876bcf,7811,trial,3
3348,33,9,0,0,,United Kingdom,relaxed,6,237505,1772205857294,1772205619789,male,true,7,63ed4ffc9e011d70035477c5,69a1b61eb4c1eacdbccdcf61,69a1b278a2342e6c08876bcf,5573,trial,9
3348,33,4,0,0,,United Kingdom,pensive,6,237505,1772205857294,1772205619789,male,true,7,63ed4ffc9e011d70035477c5,69a1b61eb4c1eacdbccdcf61,69a1b278a2342e6c08876bcf,5216,trial,3
3348,33,9,0,0,,United Kingdom,laughing,6,237505,1772205857294,1772205619789,male,true,7,63ed4ffc9e011d70035477c5,69a1b61eb4c1eacdbccdcf61,69a1b278a2342e6c08876bcf,3899,trial,9
3336,30,1,0,0,,United States of America,relaxed,6,129941,1772205813916,1772205683975,female,true,7,60d93de1c8d49e78517751ff,69a1b66d481517d594c567b4,69a1b278a2342e6c08876bcf,8554,trial,9
3336,30,6,0,0,,United States of America,angry,6,129941,1772205813916,1772205683975,female,true,7,60d93de1c8d49e78517751ff,69a1b66d481517d594c567b4,69a1b278a2342e6c08876bcf,7662,trial,1
3336,30,9,0,0,,United States of America,laughing,6,129941,1772205813916,1772205683975,female,true,7,60d93de1c8d49e78517751ff,69a1b66d481517d594c567b4,69a1b278a2342e6c08876bcf,3584,trial,9
3336,30,4,0,0,,United States of America,slightly_frowning_face,6,129941,1772205813916,1772205683975,female,true,7,60d93de1c8d49e78517751ff,69a1b66d481517d594c567b4,69a1b278a2342e6c08876bcf,4528,trial,1
3336,30,5,5,1,,United States of America,arrow_up,6,129941,1772205813916,1772205683975,female,true,7,60d93de1c8d49e78517751ff,69a1b66d481517d594c567b4,69a1b278a2342e6c08876bcf,7332,attention,1
3336,30,3,0,0,,United States of America,pensive,6,129941,1772205813916,1772205683975,female,true,7,60d93de1c8d49e78517751ff,69a1b66d481517d594c567b4,69a1b278a2342e6c08876bcf,5532,trial,1
3336,30,8,0,0,,United States of America,grinning,6,129941,1772205813916,1772205683975,female,true,7,60d93de1c8d49e78517751ff,69a1b66d481517d594c567b4,69a1b278a2342e6c08876bcf,4850,trial,9
3336,30,2,0,0,,United States of America,kissing,6,129941,1772205813916,1772205683975,female,true,7,60d93de1c8d49e78517751ff,69a1b66d481517d594c567b4,69a1b278a2342e6c08876bcf,9402,trial,7
3336,30,2,0,0,,United States of America,slightly_smiling_face,6,129941,1772205813916,1772205683975,female,true,7,60d93de1c8d49e78517751ff,69a1b66d481517d594c567b4,69a1b278a2342e6c08876bcf,6306,trial,7
3336,30,1,1,3,,United States of America,arrow_up,6,129941,1772205813916,1772205683975,female,true,7,60d93de1c8d49e78517751ff,69a1b66d481517d594c567b4,69a1b278a2342e6c08876bcf,3575,attention,3
3336,30,1,0,0,,United States of America,neutral_face,6,129941,1772205813916,1772205683975,female,true,7,60d93de1c8d49e78517751ff,69a1b66d481517d594c567b4,69a1b278a2342e6c08876bcf,8118,trial,3
3336,30,5,0,0,,United States of America,white_frowning_face,6,129941,1772205813916,1772205683975,female,true,7,60d93de1c8d49e78517751ff,69a1b66d481517d594c567b4,69a1b278a2342e6c08876bcf,5728,trial,1
3336,30,7,0,0,,United States of America,weary,6,129941,1772205813916,1772205683975,female,true,7,60d93de1c8d49e78517751ff,69a1b66d481517d594c567b4,69a1b278a2342e6c08876bcf,4425,trial,1
3336,30,9,0,0,,United States of America,smile,6,129941,1772205813916,1772205683975,female,true,7,60d93de1c8d49e78517751ff,69a1b66d481517d594c567b4,69a1b278a2342e6c08876bcf,3936,trial,9
3339,55,7,0,0,,United Kingdom,grinning,5,231174,1772205818934,1772205587760,male,true,7,559272f4fdf99b7e42e96932,69a1b60f1b1e9d0943c3f066,69a1b278a2342e6c08876bcf,24324,trial,9
3339,55,4,0,0,,United Kingdom,slightly_smiling_face,5,231174,1772205818934,1772205587760,male,true,7,559272f4fdf99b7e42e96932,69a1b60f1b1e9d0943c3f066,69a1b278a2342e6c08876bcf,5397,trial,7
3339,55,6,0,0,,United Kingdom,weary,5,231174,1772205818934,1772205587760,male,true,7,559272f4fdf99b7e42e96932,69a1b60f1b1e9d0943c3f066,69a1b278a2342e6c08876bcf,15768,trial,2
3339,55,6,0,0,,United Kingdom,relaxed,5,231174,1772205818934,1772205587760,male,true,7,559272f4fdf99b7e42e96932,69a1b60f1b1e9d0943c3f066,69a1b278a2342e6c08876bcf,9080,trial,7
3339,55,2,5,4,,United Kingdom,arrow_up,5,231174,1772205818934,1772205587760,male,false,7,559272f4fdf99b7e42e96932,69a1b60f1b1e9d0943c3f066,69a1b278a2342e6c08876bcf,11887,attention,5
3339,55,5,0,0,,United Kingdom,kissing,5,231174,1772205818934,1772205587760,male,true,7,559272f4fdf99b7e42e96932,69a1b60f1b1e9d0943c3f066,69a1b278a2342e6c08876bcf,7269,trial,5
3339,55,7,0,0,,United Kingdom,angry,5,231174,1772205818934,1772205587760,male,true,7,559272f4fdf99b7e42e96932,69a1b60f1b1e9d0943c3f066,69a1b278a2342e6c08876bcf,7282,trial,3
3339,55,4,0,0,,United Kingdom,pensive,5,231174,1772205818934,1772205587760,male,true,7,559272f4fdf99b7e42e96932,69a1b60f1b1e9d0943c3f066,69a1b278a2342e6c08876bcf,7743,trial,3
3339,55,6,0,0,,United Kingdom,slightly_frowning_face,5,231174,1772205818934,1772205587760,male,true,7,559272f4fdf99b7e42e96932,69a1b60f1b1e9d0943c3f066,69a1b278a2342e6c08876bcf,8178,trial,3
3339,55,1,1,1,,United Kingdom,arrow_up,5,231174,1772205818934,1772205587760,male,true,7,559272f4fdf99b7e42e96932,69a1b60f1b1e9d0943c3f066,69a1b278a2342e6c08876bcf,21455,attention,1
3339,55,3,0,0,,United Kingdom,neutral_face,5,231174,1772205818934,1772205587760,male,true,7,559272f4fdf99b7e42e96932,69a1b60f1b1e9d0943c3f066,69a1b278a2342e6c08876bcf,7065,trial,3
3339,55,5,0,0,,United Kingdom,white_frowning_face,5,231174,1772205818934,1772205587760,male,true,7,559272f4fdf99b7e42e96932,69a1b60f1b1e9d0943c3f066,69a1b278a2342e6c08876bcf,5256,trial,2
3339,55,7,0,0,,United Kingdom,smile,5,231174,1772205818934,1772205587760,male,true,7,559272f4fdf99b7e42e96932,69a1b60f1b1e9d0943c3f066,69a1b278a2342e6c08876bcf,9559,trial,8
3339,55,8,0,0,,United Kingdom,laughing,5,231174,1772205818934,1772205587760,male,true,7,559272f4fdf99b7e42e96932,69a1b60f1b1e9d0943c3f066,69a1b278a2342e6c08876bcf,5217,trial,8
3343,75,8,0,0,,United Kingdom,angry,6,273998,1772205833643,1772205559645,female,true,7,5c5cad3e4ee81200018eafe2,69a1b5edbe6971a2790f81e5,69a1b278a2342e6c08876bcf,12827,trial,1
3343,75,3,0,0,,United Kingdom,weary,6,273998,1772205833643,1772205559645,female,true,7,5c5cad3e4ee81200018eafe2,69a1b5edbe6971a2790f81e5,69a1b278a2342e6c08876bcf,6613,trial,1
3343,75,4,0,0,,United Kingdom,slightly_frowning_face,6,273998,1772205833643,1772205559645,female,true,7,5c5cad3e4ee81200018eafe2,69a1b5edbe6971a2790f81e5,69a1b278a2342e6c08876bcf,9968,trial,3
3343,75,8,0,0,,United Kingdom,grinning,6,273998,1772205833643,1772205559645,female,true,7,5c5cad3e4ee81200018eafe2,69a1b5edbe6971a2790f81e5,69a1b278a2342e6c08876bcf,8011,trial,9
3343,75,1,1,4,,United Kingdom,arrow_up,6,273998,1772205833643,1772205559645,female,true,7,5c5cad3e4ee81200018eafe2,69a1b5edbe6971a2790f81e5,69a1b278a2342e6c08876bcf,16221,attention,4
3343,75,5,0,0,,United Kingdom,slightly_smiling_face,6,273998,1772205833643,1772205559645,female,true,7,5c5cad3e4ee81200018eafe2,69a1b5edbe6971a2790f81e5,69a1b278a2342e6c08876bcf,11454,trial,8
3343,75,4,0,0,,United Kingdom,relaxed,6,273998,1772205833643,1772205559645,female,true,7,5c5cad3e4ee81200018eafe2,69a1b5edbe6971a2790f81e5,69a1b278a2342e6c08876bcf,11300,trial,6
3343,75,8,0,0,,United Kingdom,smile,6,273998,1772205833643,1772205559645,female,true,7,5c5cad3e4ee81200018eafe2,69a1b5edbe6971a2790f81e5,69a1b278a2342e6c08876bcf,4743,trial,9
3343,75,4,0,0,,United Kingdom,neutral_face,6,273998,1772205833643,1772205559645,female,true,7,5c5cad3e4ee81200018eafe2,69a1b5edbe6971a2790f81e5,69a1b278a2342e6c08876bcf,6338,trial,5
3343,75,4,4,3,,United Kingdom,arrow_up,6,273998,1772205833643,1772205559645,female,true,7,5c5cad3e4ee81200018eafe2,69a1b5edbe6971a2790f81e5,69a1b278a2342e6c08876bcf,11835,attention,3
3343,75,3,0,0,,United Kingdom,white_frowning_face,6,273998,1772205833643,1772205559645,female,true,7,5c5cad3e4ee81200018eafe2,69a1b5edbe6971a2790f81e5,69a1b278a2342e6c08876bcf,10520,trial,2
3343,75,3,0,0,,United Kingdom,kissing,6,273998,1772205833643,1772205559645,female,true,7,5c5cad3e4ee81200018eafe2,69a1b5edbe6971a2790f81e5,69a1b278a2342e6c08876bcf,11146,trial,4
3343,75,1,0,0,,United Kingdom,pensive,6,273998,1772205833643,1772205559645,female,true,7,5c5cad3e4ee81200018eafe2,69a1b5edbe6971a2790f81e5,69a1b278a2342e6c08876bcf,6378,trial,2
3343,75,9,0,0,,United Kingdom,laughing,6,273998,1772205833643,1772205559645,female,true,7,5c5cad3e4ee81200018eafe2,69a1b5edbe6971a2790f81e5,69a1b278a2342e6c08876bcf,5120,trial,9
3347,35,7,0,0,,United Kingdom,grinning,5,175720,1772205859240,1772205683520,male,true,7,62b055a21e169809861b173d,69a1b66cf466e56ff351cabb,69a1b278a2342e6c08876bcf,10224,trial,9
3347,35,4,0,0,,United Kingdom,pensive,5,175720,1772205859240,1772205683520,male,true,7,62b055a21e169809861b173d,69a1b66cf466e56ff351cabb,69a1b278a2342e6c08876bcf,21709,trial,2
3347,35,8,0,0,,United Kingdom,angry,5,175720,1772205859240,1772205683520,male,true,7,62b055a21e169809861b173d,69a1b66cf466e56ff351cabb,69a1b278a2342e6c08876bcf,7316,trial,1
3347,35,6,0,0,,United Kingdom,relaxed,5,175720,1772205859240,1772205683520,male,true,7,62b055a21e169809861b173d,69a1b66cf466e56ff351cabb,69a1b278a2342e6c08876bcf,7218,trial,8
3347,35,3,3,2,,United Kingdom,arrow_up,5,175720,1772205859240,1772205683520,male,true,7,62b055a21e169809861b173d,69a1b66cf466e56ff351cabb,69a1b278a2342e6c08876bcf,5944,attention,2
3347,35,5,0,0,,United Kingdom,laughing,5,175720,1772205859240,1772205683520,male,true,7,62b055a21e169809861b173d,69a1b66cf466e56ff351cabb,69a1b278a2342e6c08876bcf,6176,trial,5
3347,35,6,0,0,,United Kingdom,kissing,5,175720,1772205859240,1772205683520,male,true,7,62b055a21e169809861b173d,69a1b66cf466e56ff351cabb,69a1b278a2342e6c08876bcf,12341,trial,7
3347,35,7,0,0,,United Kingdom,neutral_face,5,175720,1772205859240,1772205683520,male,true,7,62b055a21e169809861b173d,69a1b66cf466e56ff351cabb,69a1b278a2342e6c08876bcf,7438,trial,4
3347,35,6,0,0,,United Kingdom,smile,5,175720,1772205859240,1772205683520,male,true,7,62b055a21e169809861b173d,69a1b66cf466e56ff351cabb,69a1b278a2342e6c08876bcf,6016,trial,9
3347,35,2,2,4,,United Kingdom,arrow_up,5,175720,1772205859240,1772205683520,male,true,7,62b055a21e169809861b173d,69a1b66cf466e56ff351cabb,69a1b278a2342e6c08876bcf,7227,attention,4
3347,35,7,0,0,,United Kingdom,weary,5,175720,1772205859240,1772205683520,male,true,7,62b055a21e169809861b173d,69a1b66cf466e56ff351cabb,69a1b278a2342e6c08876bcf,17939,trial,2
3347,35,6,0,0,,United Kingdom,slightly_frowning_face,5,175720,1772205859240,1772205683520,male,true,7,62b055a21e169809861b173d,69a1b66cf466e56ff351cabb,69a1b278a2342e6c08876bcf,7236,trial,3
3347,35,8,0,0,,United Kingdom,white_frowning_face,5,175720,1772205859240,1772205683520,male,true,7,62b055a21e169809861b173d,69a1b66cf466e56ff351cabb,69a1b278a2342e6c08876bcf,4456,trial,1
3347,35,6,0,0,,United Kingdom,slightly_smiling_face,5,175720,1772205859240,1772205683520,male,true,7,62b055a21e169809861b173d,69a1b66cf466e56ff351cabb,69a1b278a2342e6c08876bcf,26537,trial,6
3355,45,6,0,0,,United Kingdom,relaxed,5,602585,1772205912872,1772205310287,male,true,7,5bb62f1a3e969700019bd44d,69a1b4ff520f2e39688bb625,69a1b278a2342e6c08876bcf,16674,trial,7
3355,45,6,0,0,,United Kingdom,white_frowning_face,5,602585,1772205912872,1772205310287,male,true,7,5bb62f1a3e969700019bd44d,69a1b4ff520f2e39688bb625,69a1b278a2342e6c08876bcf,10152,trial,3
3355,45,6,0,0,,United Kingdom,kissing,5,602585,1772205912872,1772205310287,male,true,7,5bb62f1a3e969700019bd44d,69a1b4ff520f2e39688bb625,69a1b278a2342e6c08876bcf,461532,trial,7
3355,45,7,0,0,,United Kingdom,laughing,5,602585,1772205912872,1772205310287,male,true,7,5bb62f1a3e969700019bd44d,69a1b4ff520f2e39688bb625,69a1b278a2342e6c08876bcf,5528,trial,8
3355,45,2,2,3,,United Kingdom,arrow_up,5,602585,1772205912872,1772205310287,male,true,7,5bb62f1a3e969700019bd44d,69a1b4ff520f2e39688bb625,69a1b278a2342e6c08876bcf,7617,attention,3
3355,45,5,0,0,,United Kingdom,pensive,5,602585,1772205912872,1772205310287,male,true,7,5bb62f1a3e969700019bd44d,69a1b4ff520f2e39688bb625,69a1b278a2342e6c08876bcf,6823,trial,3
3355,45,6,0,0,,United Kingdom,weary,5,602585,1772205912872,1772205310287,male,true,7,5bb62f1a3e969700019bd44d,69a1b4ff520f2e39688bb625,69a1b278a2342e6c08876bcf,9464,trial,2
3355,45,6,0,0,,United Kingdom,angry,5,602585,1772205912872,1772205310287,male,true,7,5bb62f1a3e969700019bd44d,69a1b4ff520f2e39688bb625,69a1b278a2342e6c08876bcf,7472,trial,4
3355,45,5,0,0,,United Kingdom,neutral_face,5,602585,1772205912872,1772205310287,male,true,7,5bb62f1a3e969700019bd44d,69a1b4ff520f2e39688bb625,69a1b278a2342e6c08876bcf,4616,trial,5
3355,45,1,1,3,,United Kingdom,arrow_up,5,602585,1772205912872,1772205310287,male,true,7,5bb62f1a3e969700019bd44d,69a1b4ff520f2e39688bb625,69a1b278a2342e6c08876bcf,6392,attention,3
3355,45,5,0,0,,United Kingdom,slightly_frowning_face,5,602585,1772205912872,1772205310287,male,true,7,5bb62f1a3e969700019bd44d,69a1b4ff520f2e39688bb625,69a1b278a2342e6c08876bcf,6450,trial,5
3355,45,6,0,0,,United Kingdom,slightly_smiling_face,5,602585,1772205912872,1772205310287,male,true,7,5bb62f1a3e969700019bd44d,69a1b4ff520f2e39688bb625,69a1b278a2342e6c08876bcf,6777,trial,6
3355,45,7,0,0,,United Kingdom,grinning,5,602585,1772205912872,1772205310287,male,true,7,5bb62f1a3e969700019bd44d,69a1b4ff520f2e39688bb625,69a1b278a2342e6c08876bcf,4256,trial,7
3355,45,7,0,0,,United Kingdom,smile,5,602585,1772205912872,1772205310287,male,true,7,5bb62f1a3e969700019bd44d,69a1b4ff520f2e39688bb625,69a1b278a2342e6c08876bcf,4296,trial,8
3361,33,9,0,0,,Canada,grinning,7,521002,1772206034490,1772205513488,male,true,7,66645d8f536eb7e9c7a11989,69a1b5c4e80c256a7cc1a91b,69a1b278a2342e6c08876bcf,3614,trial,9
3361,33,9,0,0,,Canada,smile,7,521002,1772206034490,1772205513488,male,true,7,66645d8f536eb7e9c7a11989,69a1b5c4e80c256a7cc1a91b,69a1b278a2342e6c08876bcf,1926,trial,9
3361,33,5,0,0,,Canada,slightly_frowning_face,7,521002,1772206034490,1772205513488,male,true,7,66645d8f536eb7e9c7a11989,69a1b5c4e80c256a7cc1a91b,69a1b278a2342e6c08876bcf,7487,trial,4
3361,33,9,0,0,,Canada,laughing,7,521002,1772206034490,1772205513488,male,true,7,66645d8f536eb7e9c7a11989,69a1b5c4e80c256a7cc1a91b,69a1b278a2342e6c08876bcf,3988,trial,9
3361,33,4,4,2,,Canada,arrow_up,7,521002,1772206034490,1772205513488,male,true,7,66645d8f536eb7e9c7a11989,69a1b5c4e80c256a7cc1a91b,69a1b278a2342e6c08876bcf,6826,attention,2
3361,33,3,0,0,,Canada,slightly_smiling_face,7,521002,1772206034490,1772205513488,male,true,7,66645d8f536eb7e9c7a11989,69a1b5c4e80c256a7cc1a91b,69a1b278a2342e6c08876bcf,5688,trial,6
3361,33,7,0,0,,Canada,angry,7,521002,1772206034490,1772205513488,male,true,7,66645d8f536eb7e9c7a11989,69a1b5c4e80c256a7cc1a91b,69a1b278a2342e6c08876bcf,7162,trial,1
3361,33,4,0,0,,Canada,kissing,7,521002,1772206034490,1772205513488,male,true,7,66645d8f536eb7e9c7a11989,69a1b5c4e80c256a7cc1a91b,69a1b278a2342e6c08876bcf,5552,trial,6
3361,33,1,0,0,,Canada,neutral_face,7,521002,1772206034490,1772205513488,male,true,7,66645d8f536eb7e9c7a11989,69a1b5c4e80c256a7cc1a91b,69a1b278a2342e6c08876bcf,5026,trial,5
3361,33,1,1,1,,Canada,arrow_up,7,521002,1772206034490,1772205513488,male,true,7,66645d8f536eb7e9c7a11989,69a1b5c4e80c256a7cc1a91b,69a1b278a2342e6c08876bcf,3187,attention,1
3361,33,7,0,0,,Canada,relaxed,7,521002,1772206034490,1772205513488,male,true,7,66645d8f536eb7e9c7a11989,69a1b5c4e80c256a7cc1a91b,69a1b278a2342e6c08876bcf,2976,trial,9
3361,33,7,0,0,,Canada,pensive,7,521002,1772206034490,1772205513488,male,true,7,66645d8f536eb7e9c7a11989,69a1b5c4e80c256a7cc1a91b,69a1b278a2342e6c08876bcf,4782,trial,1
3361,33,5,0,0,,Canada,white_frowning_face,7,521002,1772206034490,1772205513488,male,true,7,66645d8f536eb7e9c7a11989,69a1b5c4e80c256a7cc1a91b,69a1b278a2342e6c08876bcf,3358,trial,1
3361,33,7,0,0,,Canada,weary,7,521002,1772206034490,1772205513488,male,true,7,66645d8f536eb7e9c7a11989,69a1b5c4e80c256a7cc1a91b,69a1b278a2342e6c08876bcf,2307,trial,1
3341,33,6,0,0,NO,United Kingdom,white_frowning_face,7,490781,1772205827138,1772205336357,male,true,7,6755b42b20cf26a928acaa05,69a1b4fc45fe0aa20435e9cb,69a1b278a2342e6c08876bcf,26568,trial,1
3341,33,9,0,0,NO,United Kingdom,kissing,7,490781,1772205827138,1772205336357,male,true,7,6755b42b20cf26a928acaa05,69a1b4fc45fe0aa20435e9cb,69a1b278a2342e6c08876bcf,10943,trial,9
3341,33,8,0,0,NO,United Kingdom,relaxed,7,490781,1772205827138,1772205336357,male,true,7,6755b42b20cf26a928acaa05,69a1b4fc45fe0aa20435e9cb,69a1b278a2342e6c08876bcf,8793,trial,9
3341,33,8,0,0,NO,United Kingdom,smile,7,490781,1772205827138,1772205336357,male,true,7,6755b42b20cf26a928acaa05,69a1b4fc45fe0aa20435e9cb,69a1b278a2342e6c08876bcf,7520,trial,8
3341,33,5,5,5,NO,United Kingdom,arrow_up,7,490781,1772205827138,1772205336357,male,true,7,6755b42b20cf26a928acaa05,69a1b4fc45fe0aa20435e9cb,69a1b278a2342e6c08876bcf,20727,attention,5
3341,33,5,0,0,NO,United Kingdom,slightly_frowning_face,7,490781,1772205827138,1772205336357,male,true,7,6755b42b20cf26a928acaa05,69a1b4fc45fe0aa20435e9cb,69a1b278a2342e6c08876bcf,12648,trial,3
3341,33,3,0,0,NO,United Kingdom,pensive,7,490781,1772205827138,1772205336357,male,true,7,6755b42b20cf26a928acaa05,69a1b4fc45fe0aa20435e9cb,69a1b278a2342e6c08876bcf,15351,trial,1
3341,33,5,0,0,NO,United Kingdom,slightly_smiling_face,7,490781,1772205827138,1772205336357,male,true,7,6755b42b20cf26a928acaa05,69a1b4fc45fe0aa20435e9cb,69a1b278a2342e6c08876bcf,16912,trial,6
3341,33,5,0,0,NO,United Kingdom,neutral_face,7,490781,1772205827138,1772205336357,male,true,7,6755b42b20cf26a928acaa05,69a1b4fc45fe0aa20435e9cb,69a1b278a2342e6c08876bcf,3296,trial,5
3341,33,3,3,2,NO,United Kingdom,arrow_up,7,490781,1772205827138,1772205336357,male,true,7,6755b42b20cf26a928acaa05,69a1b4fc45fe0aa20435e9cb,69a1b278a2342e6c08876bcf,6128,attention,2
3341,33,8,0,0,NO,United Kingdom,grinning,7,490781,1772205827138,1772205336357,male,true,7,6755b42b20cf26a928acaa05,69a1b4fc45fe0aa20435e9cb,69a1b278a2342e6c08876bcf,7791,trial,7
3341,33,8,0,0,NO,United Kingdom,laughing,7,490781,1772205827138,1772205336357,male,true,7,6755b42b20cf26a928acaa05,69a1b4fc45fe0aa20435e9cb,69a1b278a2342e6c08876bcf,11593,trial,7
3341,33,7,0,0,NO,United Kingdom,weary,7,490781,1772205827138,1772205336357,male,true,7,6755b42b20cf26a928acaa05,69a1b4fc45fe0aa20435e9cb,69a1b278a2342e6c08876bcf,26247,trial,1
3341,33,7,0,0,NO,United Kingdom,angry,7,490781,1772205827138,1772205336357,male,true,7,6755b42b20cf26a928acaa05,69a1b4fc45fe0aa20435e9cb,69a1b278a2342e6c08876bcf,15385,trial,1
3342,67,4,0,0,,United Kingdom,pensive,5,137007,1772205829494,1772205692487,female,true,7,577eadd282f7f90001ee685f,69a1b6761a0602566e4b3434,69a1b278a2342e6c08876bcf,14968,trial,3
3342,67,7,0,0,,United Kingdom,relaxed,5,137007,1772205829494,1772205692487,female,true,7,577eadd282f7f90001ee685f,69a1b6761a0602566e4b3434,69a1b278a2342e6c08876bcf,8125,trial,7
3342,67,8,0,0,,United Kingdom,grinning,5,137007,1772205829494,1772205692487,female,true,7,577eadd282f7f90001ee685f,69a1b6761a0602566e4b3434,69a1b278a2342e6c08876bcf,7099,trial,8
3342,67,6,0,0,,United Kingdom,kissing,5,137007,1772205829494,1772205692487,female,true,7,577eadd282f7f90001ee685f,69a1b6761a0602566e4b3434,69a1b278a2342e6c08876bcf,9778,trial,6
3342,67,1,1,1,,United Kingdom,arrow_up,5,137007,1772205829494,1772205692487,female,true,7,577eadd282f7f90001ee685f,69a1b6761a0602566e4b3434,69a1b278a2342e6c08876bcf,12069,attention,1
3342,67,7,0,0,,United Kingdom,slightly_smiling_face,5,137007,1772205829494,1772205692487,female,true,7,577eadd282f7f90001ee685f,69a1b6761a0602566e4b3434,69a1b278a2342e6c08876bcf,4022,trial,7
3342,67,5,0,0,,United Kingdom,weary,5,137007,1772205829494,1772205692487,female,true,7,577eadd282f7f90001ee685f,69a1b6761a0602566e4b3434,69a1b278a2342e6c08876bcf,7276,trial,2
3342,67,8,0,0,,United Kingdom,smile,5,137007,1772205829494,1772205692487,female,true,7,577eadd282f7f90001ee685f,69a1b6761a0602566e4b3434,69a1b278a2342e6c08876bcf,4054,trial,8
3342,67,5,0,0,,United Kingdom,neutral_face,5,137007,1772205829494,1772205692487,female,true,7,577eadd282f7f90001ee685f,69a1b6761a0602566e4b3434,69a1b278a2342e6c08876bcf,3435,trial,5
3342,67,3,3,5,,United Kingdom,arrow_up,5,137007,1772205829494,1772205692487,female,true,7,577eadd282f7f90001ee685f,69a1b6761a0602566e4b3434,69a1b278a2342e6c08876bcf,4566,attention,5
3342,67,8,0,0,,United Kingdom,laughing,5,137007,1772205829494,1772205692487,female,true,7,577eadd282f7f90001ee685f,69a1b6761a0602566e4b3434,69a1b278a2342e6c08876bcf,4413,trial,8
3342,67,3,0,0,,United Kingdom,slightly_frowning_face,5,137007,1772205829494,1772205692487,female,true,7,577eadd282f7f90001ee685f,69a1b6761a0602566e4b3434,69a1b278a2342e6c08876bcf,6833,trial,3
3342,67,3,0,0,,United Kingdom,white_frowning_face,5,137007,1772205829494,1772205692487,female,true,7,577eadd282f7f90001ee685f,69a1b6761a0602566e4b3434,69a1b278a2342e6c08876bcf,3638,trial,2
3342,67,2,0,0,,United Kingdom,angry,5,137007,1772205829494,1772205692487,female,true,7,577eadd282f7f90001ee685f,69a1b6761a0602566e4b3434,69a1b278a2342e6c08876bcf,4285,trial,1
3349,50,6,0,0,,United Kingdom,grinning,5,169183,1772205870207,1772205701024,male,true,7,641384b3dffcf39ec42d3c23,69a1b67d63a5d2ddd8eea2e8,69a1b278a2342e6c08876bcf,8299,trial,9
3349,50,3,0,0,,United Kingdom,pensive,5,169183,1772205870207,1772205701024,male,true,7,641384b3dffcf39ec42d3c23,69a1b67d63a5d2ddd8eea2e8,69a1b278a2342e6c08876bcf,13252,trial,4
3349,50,7,0,0,,United Kingdom,weary,5,169183,1772205870207,1772205701024,male,true,7,641384b3dffcf39ec42d3c23,69a1b67d63a5d2ddd8eea2e8,69a1b278a2342e6c08876bcf,7566,trial,3
3349,50,5,0,0,,United Kingdom,relaxed,5,169183,1772205870207,1772205701024,male,true,7,641384b3dffcf39ec42d3c23,69a1b67d63a5d2ddd8eea2e8,69a1b278a2342e6c08876bcf,9427,trial,8
3349,50,5,5,3,,United Kingdom,arrow_up,5,169183,1772205870207,1772205701024,male,true,7,641384b3dffcf39ec42d3c23,69a1b67d63a5d2ddd8eea2e8,69a1b278a2342e6c08876bcf,8547,attention,3
3349,50,6,0,0,,United Kingdom,angry,5,169183,1772205870207,1772205701024,male,true,7,641384b3dffcf39ec42d3c23,69a1b67d63a5d2ddd8eea2e8,69a1b278a2342e6c08876bcf,11551,trial,3
3349,50,7,0,0,,United Kingdom,laughing,5,169183,1772205870207,1772205701024,male,true,7,641384b3dffcf39ec42d3c23,69a1b67d63a5d2ddd8eea2e8,69a1b278a2342e6c08876bcf,6800,trial,8
3349,50,3,0,0,,United Kingdom,slightly_frowning_face,5,169183,1772205870207,1772205701024,male,true,7,641384b3dffcf39ec42d3c23,69a1b67d63a5d2ddd8eea2e8,69a1b278a2342e6c08876bcf,10521,trial,4
3349,50,5,0,0,,United Kingdom,neutral_face,5,169183,1772205870207,1772205701024,male,true,7,641384b3dffcf39ec42d3c23,69a1b67d63a5d2ddd8eea2e8,69a1b278a2342e6c08876bcf,8766,trial,5
3349,50,3,3,4,,United Kingdom,arrow_up,5,169183,1772205870207,1772205701024,male,true,7,641384b3dffcf39ec42d3c23,69a1b67d63a5d2ddd8eea2e8,69a1b278a2342e6c08876bcf,6406,attention,4
3349,50,6,0,0,,United Kingdom,smile,5,169183,1772205870207,1772205701024,male,true,7,641384b3dffcf39ec42d3c23,69a1b67d63a5d2ddd8eea2e8,69a1b278a2342e6c08876bcf,12494,trial,8
3349,50,6,0,0,,United Kingdom,slightly_smiling_face,5,169183,1772205870207,1772205701024,male,true,7,641384b3dffcf39ec42d3c23,69a1b67d63a5d2ddd8eea2e8,69a1b278a2342e6c08876bcf,7172,trial,7
3349,50,5,0,0,,United Kingdom,kissing,5,169183,1772205870207,1772205701024,male,true,7,641384b3dffcf39ec42d3c23,69a1b67d63a5d2ddd8eea2e8,69a1b278a2342e6c08876bcf,7672,trial,5
3349,50,2,0,0,,United Kingdom,white_frowning_face,5,169183,1772205870207,1772205701024,male,true,7,641384b3dffcf39ec42d3c23,69a1b67d63a5d2ddd8eea2e8,69a1b278a2342e6c08876bcf,10978,trial,3
3352,45,7,0,0,,United Kingdom,weary,7,190086,1772205906384,1772205716298,female,true,7,61112576c81c42b0409bd52a,69a1b679fb5d7eaed64f6e47,69a1b278a2342e6c08876bcf,9479,trial,2
3352,45,4,0,0,,United Kingdom,slightly_smiling_face,7,190086,1772205906384,1772205716298,female,true,7,61112576c81c42b0409bd52a,69a1b679fb5d7eaed64f6e47,69a1b278a2342e6c08876bcf,43590,trial,8
3352,45,6,0,0,,United Kingdom,white_frowning_face,7,190086,1772205906384,1772205716298,female,true,7,61112576c81c42b0409bd52a,69a1b679fb5d7eaed64f6e47,69a1b278a2342e6c08876bcf,22784,trial,2
3352,45,5,0,0,,United Kingdom,slightly_frowning_face,7,190086,1772205906384,1772205716298,female,true,7,61112576c81c42b0409bd52a,69a1b679fb5d7eaed64f6e47,69a1b278a2342e6c08876bcf,5625,trial,3
3352,45,5,2,1,,United Kingdom,arrow_up,7,190086,1772205906384,1772205716298,female,false,7,61112576c81c42b0409bd52a,69a1b679fb5d7eaed64f6e47,69a1b278a2342e6c08876bcf,8452,attention,7
3352,45,7,0,0,,United Kingdom,laughing,7,190086,1772205906384,1772205716298,female,true,7,61112576c81c42b0409bd52a,69a1b679fb5d7eaed64f6e47,69a1b278a2342e6c08876bcf,6653,trial,8
3352,45,5,0,0,,United Kingdom,smile,7,190086,1772205906384,1772205716298,female,true,7,61112576c81c42b0409bd52a,69a1b679fb5d7eaed64f6e47,69a1b278a2342e6c08876bcf,6964,trial,7
3352,45,5,0,0,,United Kingdom,pensive,7,190086,1772205906384,1772205716298,female,true,7,61112576c81c42b0409bd52a,69a1b679fb5d7eaed64f6e47,69a1b278a2342e6c08876bcf,7646,trial,3
3352,45,5,0,0,,United Kingdom,relaxed,7,190086,1772205906384,1772205716298,female,true,7,61112576c81c42b0409bd52a,69a1b679fb5d7eaed64f6e47,69a1b278a2342e6c08876bcf,5081,trial,6
3352,45,5,3,4,,United Kingdom,arrow_up,7,190086,1772205906384,1772205716298,female,false,7,61112576c81c42b0409bd52a,69a1b679fb5d7eaed64f6e47,69a1b278a2342e6c08876bcf,8034,attention,7
3352,45,5,0,0,,United Kingdom,neutral_face,7,190086,1772205906384,1772205716298,female,true,7,61112576c81c42b0409bd52a,69a1b679fb5d7eaed64f6e47,69a1b278a2342e6c08876bcf,4662,trial,5
3352,45,5,0,0,,United Kingdom,kissing,7,190086,1772205906384,1772205716298,female,true,7,61112576c81c42b0409bd52a,69a1b679fb5d7eaed64f6e47,69a1b278a2342e6c08876bcf,4959,trial,6
3352,45,7,0,0,,United Kingdom,angry,7,190086,1772205906384,1772205716298,female,true,7,61112576c81c42b0409bd52a,69a1b679fb5d7eaed64f6e47,69a1b278a2342e6c08876bcf,4664,trial,2
3352,45,8,0,0,,United Kingdom,grinning,7,190086,1772205906384,1772205716298,female,true,7,61112576c81c42b0409bd52a,69a1b679fb5d7eaed64f6e47,69a1b278a2342e6c08876bcf,5752,trial,7
3353,32,8,0,0,,United Kingdom,relaxed,7,572490,1772205911273,1772205338783,female,true,7,6743c8da977b0d274dad1fc2,69a1b51009a1cdba208402c7,69a1b278a2342e6c08876bcf,17008,trial,9
3353,32,5,0,0,,United Kingdom,neutral_face,7,572490,1772205911273,1772205338783,female,true,7,6743c8da977b0d274dad1fc2,69a1b51009a1cdba208402c7,69a1b278a2342e6c08876bcf,16903,trial,5
3353,32,7,0,0,,United Kingdom,slightly_smiling_face,7,572490,1772205911273,1772205338783,female,true,7,6743c8da977b0d274dad1fc2,69a1b51009a1cdba208402c7,69a1b278a2342e6c08876bcf,9536,trial,7
3353,32,8,0,0,,United Kingdom,smile,7,572490,1772205911273,1772205338783,female,true,7,6743c8da977b0d274dad1fc2,69a1b51009a1cdba208402c7,69a1b278a2342e6c08876bcf,8200,trial,9
3353,32,3,3,1,,United Kingdom,arrow_up,7,572490,1772205911273,1772205338783,female,true,7,6743c8da977b0d274dad1fc2,69a1b51009a1cdba208402c7,69a1b278a2342e6c08876bcf,17880,attention,1
3353,32,8,0,0,,United Kingdom,grinning,7,572490,1772205911273,1772205338783,female,true,7,6743c8da977b0d274dad1fc2,69a1b51009a1cdba208402c7,69a1b278a2342e6c08876bcf,10199,trial,8
3353,32,6,0,0,,United Kingdom,laughing,7,572490,1772205911273,1772205338783,female,true,7,6743c8da977b0d274dad1fc2,69a1b51009a1cdba208402c7,69a1b278a2342e6c08876bcf,15073,trial,7
3353,32,2,0,0,,United Kingdom,pensive,7,572490,1772205911273,1772205338783,female,true,7,6743c8da977b0d274dad1fc2,69a1b51009a1cdba208402c7,69a1b278a2342e6c08876bcf,10367,trial,1
3353,32,8,0,0,,United Kingdom,weary,7,572490,1772205911273,1772205338783,female,true,7,6743c8da977b0d274dad1fc2,69a1b51009a1cdba208402c7,69a1b278a2342e6c08876bcf,8631,trial,1
3353,32,4,4,5,,United Kingdom,arrow_up,7,572490,1772205911273,1772205338783,female,true,7,6743c8da977b0d274dad1fc2,69a1b51009a1cdba208402c7,69a1b278a2342e6c08876bcf,20903,attention,5
3353,32,2,0,0,,United Kingdom,slightly_frowning_face,7,572490,1772205911273,1772205338783,female,true,7,6743c8da977b0d274dad1fc2,69a1b51009a1cdba208402c7,69a1b278a2342e6c08876bcf,6544,trial,2
3353,32,9,0,0,,United Kingdom,kissing,7,572490,1772205911273,1772205338783,female,true,7,6743c8da977b0d274dad1fc2,69a1b51009a1cdba208402c7,69a1b278a2342e6c08876bcf,4463,trial,9
3353,32,7,0,0,,United Kingdom,angry,7,572490,1772205911273,1772205338783,female,true,7,6743c8da977b0d274dad1fc2,69a1b51009a1cdba208402c7,69a1b278a2342e6c08876bcf,18712,trial,1
3353,32,3,0,0,,United Kingdom,white_frowning_face,7,572490,1772205911273,1772205338783,female,true,7,6743c8da977b0d274dad1fc2,69a1b51009a1cdba208402c7,69a1b278a2342e6c08876bcf,17384,trial,1
3354,32,6,0,0,,United States of America,relaxed,3,106322,1772205918476,1772205812154,female,true,7,6997ace35f7613bf9c48fa5d,69a1b6ecba0ac5cc32f6d3ea,69a1b278a2342e6c08876bcf,7487,trial,9
3354,32,4,0,0,,United States of America,pensive,3,106322,1772205918476,1772205812154,female,true,7,6997ace35f7613bf9c48fa5d,69a1b6ecba0ac5cc32f6d3ea,69a1b278a2342e6c08876bcf,8827,trial,1
3354,32,6,0,0,,United States of America,grinning,3,106322,1772205918476,1772205812154,female,true,7,6997ace35f7613bf9c48fa5d,69a1b6ecba0ac5cc32f6d3ea,69a1b278a2342e6c08876bcf,6837,trial,9
3354,32,6,0,0,,United States of America,angry,3,106322,1772205918476,1772205812154,female,true,7,6997ace35f7613bf9c48fa5d,69a1b6ecba0ac5cc32f6d3ea,69a1b278a2342e6c08876bcf,6057,trial,1
3354,32,5,4,2,,United States of America,arrow_up,3,106322,1772205918476,1772205812154,female,false,7,6997ace35f7613bf9c48fa5d,69a1b6ecba0ac5cc32f6d3ea,69a1b278a2342e6c08876bcf,5200,attention,5
3354,32,7,0,0,,United States of America,weary,3,106322,1772205918476,1772205812154,female,true,7,6997ace35f7613bf9c48fa5d,69a1b6ecba0ac5cc32f6d3ea,69a1b278a2342e6c08876bcf,5710,trial,7
3354,32,4,0,0,,United States of America,neutral_face,3,106322,1772205918476,1772205812154,female,true,7,6997ace35f7613bf9c48fa5d,69a1b6ecba0ac5cc32f6d3ea,69a1b278a2342e6c08876bcf,5845,trial,2
3354,32,7,0,0,,United States of America,laughing,3,106322,1772205918476,1772205812154,female,true,7,6997ace35f7613bf9c48fa5d,69a1b6ecba0ac5cc32f6d3ea,69a1b278a2342e6c08876bcf,5669,trial,8
3354,32,8,0,0,,United States of America,smile,3,106322,1772205918476,1772205812154,female,true,7,6997ace35f7613bf9c48fa5d,69a1b6ecba0ac5cc32f6d3ea,69a1b278a2342e6c08876bcf,5283,trial,9
3354,32,5,1,1,,United States of America,arrow_up,3,106322,1772205918476,1772205812154,female,false,7,6997ace35f7613bf9c48fa5d,69a1b6ecba0ac5cc32f6d3ea,69a1b278a2342e6c08876bcf,4236,attention,5
3354,32,7,0,0,,United States of America,slightly_smiling_face,3,106322,1772205918476,1772205812154,female,true,7,6997ace35f7613bf9c48fa5d,69a1b6ecba0ac5cc32f6d3ea,69a1b278a2342e6c08876bcf,3581,trial,7
3354,32,8,0,0,,United States of America,kissing,3,106322,1772205918476,1772205812154,female,true,7,6997ace35f7613bf9c48fa5d,69a1b6ecba0ac5cc32f6d3ea,69a1b278a2342e6c08876bcf,4201,trial,8
3354,32,4,0,0,,United States of America,slightly_frowning_face,3,106322,1772205918476,1772205812154,female,true,7,6997ace35f7613bf9c48fa5d,69a1b6ecba0ac5cc32f6d3ea,69a1b278a2342e6c08876bcf,3820,trial,1
3354,32,3,0,0,,United States of America,white_frowning_face,3,106322,1772205918476,1772205812154,female,true,7,6997ace35f7613bf9c48fa5d,69a1b6ecba0ac5cc32f6d3ea,69a1b278a2342e6c08876bcf,3292,trial,2
3368,35,3,0,0,,United Kingdom,pensive,7,372521,1772206130736,1772205758215,female,true,7,5f84e472052cf81ae5752252,69a1b6b6b7d5c3e15058dead,69a1b278a2342e6c08876bcf,8431,trial,3
3368,35,4,0,0,,United Kingdom,slightly_frowning_face,7,372521,1772206130736,1772205758215,female,true,7,5f84e472052cf81ae5752252,69a1b6b6b7d5c3e15058dead,69a1b278a2342e6c08876bcf,6399,trial,2
3368,35,4,0,0,,United Kingdom,relaxed,7,372521,1772206130736,1772205758215,female,true,7,5f84e472052cf81ae5752252,69a1b6b6b7d5c3e15058dead,69a1b278a2342e6c08876bcf,7481,trial,9
3368,35,5,0,0,,United Kingdom,white_frowning_face,7,372521,1772206130736,1772205758215,female,true,7,5f84e472052cf81ae5752252,69a1b6b6b7d5c3e15058dead,69a1b278a2342e6c08876bcf,5596,trial,1
3368,35,4,4,2,,United Kingdom,arrow_up,7,372521,1772206130736,1772205758215,female,true,7,5f84e472052cf81ae5752252,69a1b6b6b7d5c3e15058dead,69a1b278a2342e6c08876bcf,4961,attention,2
3368,35,8,0,0,,United Kingdom,laughing,7,372521,1772206130736,1772205758215,female,true,7,5f84e472052cf81ae5752252,69a1b6b6b7d5c3e15058dead,69a1b278a2342e6c08876bcf,5243,trial,7
3368,35,5,0,0,,United Kingdom,kissing,7,372521,1772206130736,1772205758215,female,true,7,5f84e472052cf81ae5752252,69a1b6b6b7d5c3e15058dead,69a1b278a2342e6c08876bcf,4583,trial,6
3368,35,8,0,0,,United Kingdom,grinning,7,372521,1772206130736,1772205758215,female,true,7,5f84e472052cf81ae5752252,69a1b6b6b7d5c3e15058dead,69a1b278a2342e6c08876bcf,3832,trial,9
3368,35,9,0,0,,United Kingdom,angry,7,372521,1772206130736,1772205758215,female,true,7,5f84e472052cf81ae5752252,69a1b6b6b7d5c3e15058dead,69a1b278a2342e6c08876bcf,4968,trial,1
3368,35,1,1,3,,United Kingdom,arrow_up,7,372521,1772206130736,1772205758215,female,true,7,5f84e472052cf81ae5752252,69a1b6b6b7d5c3e15058dead,69a1b278a2342e6c08876bcf,4046,attention,3
3368,35,3,0,0,,United Kingdom,neutral_face,7,372521,1772206130736,1772205758215,female,true,7,5f84e472052cf81ae5752252,69a1b6b6b7d5c3e15058dead,69a1b278a2342e6c08876bcf,6475,trial,3
3368,35,4,0,0,,United Kingdom,slightly_smiling_face,7,372521,1772206130736,1772205758215,female,true,7,5f84e472052cf81ae5752252,69a1b6b6b7d5c3e15058dead,69a1b278a2342e6c08876bcf,6681,trial,8
3368,35,9,0,0,,United Kingdom,weary,7,372521,1772206130736,1772205758215,female,true,7,5f84e472052cf81ae5752252,69a1b6b6b7d5c3e15058dead,69a1b278a2342e6c08876bcf,4913,trial,1
3368,35,9,0,0,,United Kingdom,smile,7,372521,1772206130736,1772205758215,female,true,7,5f84e472052cf81ae5752252,69a1b6b6b7d5c3e15058dead,69a1b278a2342e6c08876bcf,3481,trial,9
3384,21,1,0,0,,Canada,slightly_frowning_face,5,172474,1772206345097,1772206172623,male,true,7,6997642ca598fee2cfee1a2c,69a1b850e177b3b870b9c0a8,69a1b278a2342e6c08876bcf,11824,trial,3
3384,21,3,0,0,,Canada,slightly_smiling_face,5,172474,1772206345097,1772206172623,male,true,7,6997642ca598fee2cfee1a2c,69a1b850e177b3b870b9c0a8,69a1b278a2342e6c08876bcf,12420,trial,7
3384,21,5,0,0,,Canada,angry,5,172474,1772206345097,1772206172623,male,true,7,6997642ca598fee2cfee1a2c,69a1b850e177b3b870b9c0a8,69a1b278a2342e6c08876bcf,13713,trial,2
3384,21,7,0,0,,Canada,weary,5,172474,1772206345097,1772206172623,male,true,7,6997642ca598fee2cfee1a2c,69a1b850e177b3b870b9c0a8,69a1b278a2342e6c08876bcf,7831,trial,7
3384,21,3,3,5,,Canada,arrow_up,5,172474,1772206345097,1772206172623,male,true,7,6997642ca598fee2cfee1a2c,69a1b850e177b3b870b9c0a8,69a1b278a2342e6c08876bcf,8336,attention,5
3384,21,2,0,0,,Canada,white_frowning_face,5,172474,1772206345097,1772206172623,male,true,7,6997642ca598fee2cfee1a2c,69a1b850e177b3b870b9c0a8,69a1b278a2342e6c08876bcf,9360,trial,3
3384,21,6,0,0,,Canada,laughing,5,172474,1772206345097,1772206172623,male,true,7,6997642ca598fee2cfee1a2c,69a1b850e177b3b870b9c0a8,69a1b278a2342e6c08876bcf,8843,trial,7
3384,21,2,0,0,,Canada,pensive,5,172474,1772206345097,1772206172623,male,true,7,6997642ca598fee2cfee1a2c,69a1b850e177b3b870b9c0a8,69a1b278a2342e6c08876bcf,7728,trial,4
3384,21,3,0,0,,Canada,grinning,5,172474,1772206345097,1772206172623,male,true,7,6997642ca598fee2cfee1a2c,69a1b850e177b3b870b9c0a8,69a1b278a2342e6c08876bcf,5682,trial,5
3384,21,4,4,5,,Canada,arrow_up,5,172474,1772206345097,1772206172623,male,true,7,6997642ca598fee2cfee1a2c,69a1b850e177b3b870b9c0a8,69a1b278a2342e6c08876bcf,4995,attention,5
3384,21,8,0,0,,Canada,relaxed,5,172474,1772206345097,1772206172623,male,true,7,6997642ca598fee2cfee1a2c,69a1b850e177b3b870b9c0a8,69a1b278a2342e6c08876bcf,5456,trial,8
3384,21,7,0,0,,Canada,smile,5,172474,1772206345097,1772206172623,male,true,7,6997642ca598fee2cfee1a2c,69a1b850e177b3b870b9c0a8,69a1b278a2342e6c08876bcf,26201,trial,7
3384,21,6,0,0,,Canada,kissing,5,172474,1772206345097,1772206172623,male,true,7,6997642ca598fee2cfee1a2c,69a1b850e177b3b870b9c0a8,69a1b278a2342e6c08876bcf,10012,trial,4
3384,21,1,0,0,,Canada,neutral_face,5,172474,1772206345097,1772206172623,male,true,7,6997642ca598fee2cfee1a2c,69a1b850e177b3b870b9c0a8,69a1b278a2342e6c08876bcf,5716,trial,5
3373,36,1,0,0,,United States of America,white_frowning_face,7,137705,1772206202991,1772206065286,female,true,7,6996589ef8807b43043aef11,69a1b7e1a58d62e9c66b4eb8,69a1b278a2342e6c08876bcf,18808,trial,1
3373,36,6,0,0,,United States of America,angry,7,137705,1772206202991,1772206065286,female,true,7,6996589ef8807b43043aef11,69a1b7e1a58d62e9c66b4eb8,69a1b278a2342e6c08876bcf,7838,trial,1
3373,36,4,0,0,,United States of America,pensive,7,137705,1772206202991,1772206065286,female,true,7,6996589ef8807b43043aef11,69a1b7e1a58d62e9c66b4eb8,69a1b278a2342e6c08876bcf,11482,trial,2
3373,36,6,0,0,,United States of America,weary,7,137705,1772206202991,1772206065286,female,true,7,6996589ef8807b43043aef11,69a1b7e1a58d62e9c66b4eb8,69a1b278a2342e6c08876bcf,5326,trial,1
3373,36,1,1,5,,United States of America,arrow_up,7,137705,1772206202991,1772206065286,female,true,7,6996589ef8807b43043aef11,69a1b7e1a58d62e9c66b4eb8,69a1b278a2342e6c08876bcf,6746,attention,5
3373,36,5,0,0,,United States of America,neutral_face,7,137705,1772206202991,1772206065286,female,true,7,6996589ef8807b43043aef11,69a1b7e1a58d62e9c66b4eb8,69a1b278a2342e6c08876bcf,5716,trial,5
3373,36,4,0,0,,United States of America,relaxed,7,137705,1772206202991,1772206065286,female,true,7,6996589ef8807b43043aef11,69a1b7e1a58d62e9c66b4eb8,69a1b278a2342e6c08876bcf,8722,trial,9
3373,36,8,0,0,,United States of America,smile,7,137705,1772206202991,1772206065286,female,true,7,6996589ef8807b43043aef11,69a1b7e1a58d62e9c66b4eb8,69a1b278a2342e6c08876bcf,3954,trial,9
3373,36,8,0,0,,United States of America,kissing,7,137705,1772206202991,1772206065286,female,true,7,6996589ef8807b43043aef11,69a1b7e1a58d62e9c66b4eb8,69a1b278a2342e6c08876bcf,6518,trial,8
3373,36,5,5,1,,United States of America,arrow_up,7,137705,1772206202991,1772206065286,female,true,7,6996589ef8807b43043aef11,69a1b7e1a58d62e9c66b4eb8,69a1b278a2342e6c08876bcf,4888,attention,1
3373,36,8,0,0,,United States of America,grinning,7,137705,1772206202991,1772206065286,female,true,7,6996589ef8807b43043aef11,69a1b7e1a58d62e9c66b4eb8,69a1b278a2342e6c08876bcf,6702,trial,8
3373,36,6,0,0,,United States of America,slightly_smiling_face,7,137705,1772206202991,1772206065286,female,true,7,6996589ef8807b43043aef11,69a1b7e1a58d62e9c66b4eb8,69a1b278a2342e6c08876bcf,4566,trial,8
3373,36,9,0,0,,United States of America,laughing,7,137705,1772206202991,1772206065286,female,true,7,6996589ef8807b43043aef11,69a1b7e1a58d62e9c66b4eb8,69a1b278a2342e6c08876bcf,3112,trial,9
3373,36,3,0,0,,United States of America,slightly_frowning_face,7,137705,1772206202991,1772206065286,female,true,7,6996589ef8807b43043aef11,69a1b7e1a58d62e9c66b4eb8,69a1b278a2342e6c08876bcf,5918,trial,2
3363,25,8,0,0,,United Kingdom,angry,7,282973,1772206044758,1772205761785,female,true,7,67797c48163f306505b530b5,69a1b675b30363d3ce5b2b6a,69a1b278a2342e6c08876bcf,14894,trial,1
3363,25,9,0,0,,United Kingdom,laughing,7,282973,1772206044758,1772205761785,female,true,7,67797c48163f306505b530b5,69a1b675b30363d3ce5b2b6a,69a1b278a2342e6c08876bcf,73417,trial,9
3363,25,3,0,0,,United Kingdom,pensive,7,282973,1772206044758,1772205761785,female,true,7,67797c48163f306505b530b5,69a1b675b30363d3ce5b2b6a,69a1b278a2342e6c08876bcf,8813,trial,3
3363,25,7,0,0,,United Kingdom,smile,7,282973,1772206044758,1772205761785,female,true,7,67797c48163f306505b530b5,69a1b675b30363d3ce5b2b6a,69a1b278a2342e6c08876bcf,8078,trial,6
3363,25,5,5,2,,United Kingdom,arrow_up,7,282973,1772206044758,1772205761785,female,true,7,67797c48163f306505b530b5,69a1b675b30363d3ce5b2b6a,69a1b278a2342e6c08876bcf,5914,attention,2
3363,25,6,0,0,,United Kingdom,grinning,7,282973,1772206044758,1772205761785,female,true,7,67797c48163f306505b530b5,69a1b675b30363d3ce5b2b6a,69a1b278a2342e6c08876bcf,6303,trial,6
3363,25,1,0,0,,United Kingdom,neutral_face,7,282973,1772206044758,1772205761785,female,true,7,67797c48163f306505b530b5,69a1b675b30363d3ce5b2b6a,69a1b278a2342e6c08876bcf,7225,trial,3
3363,25,3,0,0,,United Kingdom,relaxed,7,282973,1772206044758,1772205761785,female,true,7,67797c48163f306505b530b5,69a1b675b30363d3ce5b2b6a,69a1b278a2342e6c08876bcf,9815,trial,8
3363,25,5,0,0,,United Kingdom,weary,7,282973,1772206044758,1772205761785,female,true,7,67797c48163f306505b530b5,69a1b675b30363d3ce5b2b6a,69a1b278a2342e6c08876bcf,8450,trial,2
3363,25,5,5,2,,United Kingdom,arrow_up,7,282973,1772206044758,1772205761785,female,true,7,67797c48163f306505b530b5,69a1b675b30363d3ce5b2b6a,69a1b278a2342e6c08876bcf,3975,attention,2
3363,25,1,0,0,,United Kingdom,slightly_smiling_face,7,282973,1772206044758,1772205761785,female,true,7,67797c48163f306505b530b5,69a1b675b30363d3ce5b2b6a,69a1b278a2342e6c08876bcf,8491,trial,4
3363,25,4,0,0,,United Kingdom,slightly_frowning_face,7,282973,1772206044758,1772205761785,female,true,7,67797c48163f306505b530b5,69a1b675b30363d3ce5b2b6a,69a1b278a2342e6c08876bcf,7254,trial,4
3363,25,2,0,0,,United Kingdom,white_frowning_face,7,282973,1772206044758,1772205761785,female,true,7,67797c48163f306505b530b5,69a1b675b30363d3ce5b2b6a,69a1b278a2342e6c08876bcf,20145,trial,3
3363,25,7,0,0,,United Kingdom,kissing,7,282973,1772206044758,1772205761785,female,true,7,67797c48163f306505b530b5,69a1b675b30363d3ce5b2b6a,69a1b278a2342e6c08876bcf,6064,trial,6
3396,49,9,0,0,,United Kingdom,smile,6,169671,1772206703517,1772206533846,female,true,7,59a09748617ca80001fcd28c,69a1b9bfd0ad26da7bd45b5e,69a1b278a2342e6c08876bcf,7620,trial,9
3396,49,7,0,0,,United Kingdom,slightly_smiling_face,6,169671,1772206703517,1772206533846,female,true,7,59a09748617ca80001fcd28c,69a1b9bfd0ad26da7bd45b5e,69a1b278a2342e6c08876bcf,6335,trial,7
3396,49,7,0,0,,United Kingdom,angry,6,169671,1772206703517,1772206533846,female,true,7,59a09748617ca80001fcd28c,69a1b9bfd0ad26da7bd45b5e,69a1b278a2342e6c08876bcf,8804,trial,2
3396,49,5,0,0,,United Kingdom,white_frowning_face,6,169671,1772206703517,1772206533846,female,true,7,59a09748617ca80001fcd28c,69a1b9bfd0ad26da7bd45b5e,69a1b278a2342e6c08876bcf,13633,trial,2
3396,49,5,2,1,,United Kingdom,arrow_up,6,169671,1772206703517,1772206533846,female,false,7,59a09748617ca80001fcd28c,69a1b9bfd0ad26da7bd45b5e,69a1b278a2342e6c08876bcf,11399,attention,5
3396,49,4,0,0,,United Kingdom,slightly_frowning_face,6,169671,1772206703517,1772206533846,female,true,7,59a09748617ca80001fcd28c,69a1b9bfd0ad26da7bd45b5e,69a1b278a2342e6c08876bcf,15574,trial,3
3396,49,8,0,0,,United Kingdom,laughing,6,169671,1772206703517,1772206533846,female,true,7,59a09748617ca80001fcd28c,69a1b9bfd0ad26da7bd45b5e,69a1b278a2342e6c08876bcf,9151,trial,8
3396,49,9,0,0,,United Kingdom,kissing,6,169671,1772206703517,1772206533846,female,true,7,59a09748617ca80001fcd28c,69a1b9bfd0ad26da7bd45b5e,69a1b278a2342e6c08876bcf,10257,trial,8
3396,49,8,0,0,,United Kingdom,grinning,6,169671,1772206703517,1772206533846,female,true,7,59a09748617ca80001fcd28c,69a1b9bfd0ad26da7bd45b5e,69a1b278a2342e6c08876bcf,6526,trial,8
3396,49,5,2,4,,United Kingdom,arrow_up,6,169671,1772206703517,1772206533846,female,false,7,59a09748617ca80001fcd28c,69a1b9bfd0ad26da7bd45b5e,69a1b278a2342e6c08876bcf,4038,attention,5
3396,49,1,0,0,,United Kingdom,relaxed,6,169671,1772206703517,1772206533846,female,true,7,59a09748617ca80001fcd28c,69a1b9bfd0ad26da7bd45b5e,69a1b278a2342e6c08876bcf,8160,trial,8
3396,49,8,0,0,,United Kingdom,weary,6,169671,1772206703517,1772206533846,female,true,7,59a09748617ca80001fcd28c,69a1b9bfd0ad26da7bd45b5e,69a1b278a2342e6c08876bcf,12207,trial,3
3396,49,2,0,0,,United Kingdom,pensive,6,169671,1772206703517,1772206533846,female,true,7,59a09748617ca80001fcd28c,69a1b9bfd0ad26da7bd45b5e,69a1b278a2342e6c08876bcf,6273,trial,4
3396,49,5,0,0,,United Kingdom,neutral_face,6,169671,1772206703517,1772206533846,female,true,7,59a09748617ca80001fcd28c,69a1b9bfd0ad26da7bd45b5e,69a1b278a2342e6c08876bcf,4736,trial,5
3362,50,8,0,0,,United States of America,weary,5,107239,1772206042865,1772205935626,male,true,7,6352c60b4a9850783773f265,69a1b768be532382662669c2,69a1b278a2342e6c08876bcf,7528,trial,3
3362,50,4,0,0,,United States of America,pensive,5,107239,1772206042865,1772205935626,male,true,7,6352c60b4a9850783773f265,69a1b768be532382662669c2,69a1b278a2342e6c08876bcf,6571,trial,4
3362,50,6,0,0,,United States of America,relaxed,5,107239,1772206042865,1772205935626,male,true,7,6352c60b4a9850783773f265,69a1b768be532382662669c2,69a1b278a2342e6c08876bcf,5925,trial,7
3362,50,6,0,0,,United States of America,slightly_smiling_face,5,107239,1772206042865,1772205935626,male,true,7,6352c60b4a9850783773f265,69a1b768be532382662669c2,69a1b278a2342e6c08876bcf,4648,trial,6
3362,50,3,3,3,,United States of America,arrow_up,5,107239,1772206042865,1772205935626,male,true,7,6352c60b4a9850783773f265,69a1b768be532382662669c2,69a1b278a2342e6c08876bcf,6203,attention,3
3362,50,7,0,0,,United States of America,angry,5,107239,1772206042865,1772205935626,male,true,7,6352c60b4a9850783773f265,69a1b768be532382662669c2,69a1b278a2342e6c08876bcf,5936,trial,3
3362,50,7,0,0,,United States of America,smile,5,107239,1772206042865,1772205935626,male,true,7,6352c60b4a9850783773f265,69a1b768be532382662669c2,69a1b278a2342e6c08876bcf,4417,trial,7
3362,50,9,0,0,,United States of America,laughing,5,107239,1772206042865,1772205935626,male,true,7,6352c60b4a9850783773f265,69a1b768be532382662669c2,69a1b278a2342e6c08876bcf,4845,trial,9
3362,50,4,0,0,,United States of America,kissing,5,107239,1772206042865,1772205935626,male,true,7,6352c60b4a9850783773f265,69a1b768be532382662669c2,69a1b278a2342e6c08876bcf,6367,trial,5
3362,50,3,3,3,,United States of America,arrow_up,5,107239,1772206042865,1772205935626,male,true,7,6352c60b4a9850783773f265,69a1b768be532382662669c2,69a1b278a2342e6c08876bcf,5486,attention,3
3362,50,4,0,0,,United States of America,slightly_frowning_face,5,107239,1772206042865,1772205935626,male,true,7,6352c60b4a9850783773f265,69a1b768be532382662669c2,69a1b278a2342e6c08876bcf,5553,trial,4
3362,50,6,0,0,,United States of America,white_frowning_face,5,107239,1772206042865,1772205935626,male,true,7,6352c60b4a9850783773f265,69a1b768be532382662669c2,69a1b278a2342e6c08876bcf,4863,trial,3
3362,50,7,0,0,,United States of America,grinning,5,107239,1772206042865,1772205935626,male,true,7,6352c60b4a9850783773f265,69a1b768be532382662669c2,69a1b278a2342e6c08876bcf,4979,trial,7
3362,50,1,0,0,,United States of America,neutral_face,5,107239,1772206042865,1772205935626,male,true,7,6352c60b4a9850783773f265,69a1b768be532382662669c2,69a1b278a2342e6c08876bcf,5923,trial,5
3367,19,7,0,0,,United States of America,white_frowning_face,2,203888,1772206066443,1772205862555,male,true,7,698dee6de06d11eec6f3f20a,69a1b71d673a8204dbb2d655,69a1b278a2342e6c08876bcf,9728,trial,3
3367,19,2,0,0,,United States of America,grinning,2,203888,1772206066443,1772205862555,male,true,7,698dee6de06d11eec6f3f20a,69a1b71d673a8204dbb2d655,69a1b278a2342e6c08876bcf,6544,trial,8
3367,19,2,0,0,,United States of America,slightly_smiling_face,2,203888,1772206066443,1772205862555,male,true,7,698dee6de06d11eec6f3f20a,69a1b71d673a8204dbb2d655,69a1b278a2342e6c08876bcf,6687,trial,7
3367,19,3,0,0,,United States of America,relaxed,2,203888,1772206066443,1772205862555,male,true,7,698dee6de06d11eec6f3f20a,69a1b71d673a8204dbb2d655,69a1b278a2342e6c08876bcf,6089,trial,7
3367,19,4,5,4,,United States of America,arrow_up,2,203888,1772206066443,1772205862555,male,false,7,698dee6de06d11eec6f3f20a,69a1b71d673a8204dbb2d655,69a1b278a2342e6c08876bcf,9399,attention,5
3367,19,8,0,0,,United States of America,angry,2,203888,1772206066443,1772205862555,male,true,7,698dee6de06d11eec6f3f20a,69a1b71d673a8204dbb2d655,69a1b278a2342e6c08876bcf,6521,trial,3
3367,19,8,0,0,,United States of America,kissing,2,203888,1772206066443,1772205862555,male,true,7,698dee6de06d11eec6f3f20a,69a1b71d673a8204dbb2d655,69a1b278a2342e6c08876bcf,6303,trial,6
3367,19,7,0,0,,United States of America,weary,2,203888,1772206066443,1772205862555,male,true,7,698dee6de06d11eec6f3f20a,69a1b71d673a8204dbb2d655,69a1b278a2342e6c08876bcf,14777,trial,3
3367,19,8,0,0,,United States of America,neutral_face,2,203888,1772206066443,1772205862555,male,true,7,698dee6de06d11eec6f3f20a,69a1b71d673a8204dbb2d655,69a1b278a2342e6c08876bcf,8848,trial,2
3367,19,5,5,5,,United States of America,arrow_up,2,203888,1772206066443,1772205862555,male,true,7,698dee6de06d11eec6f3f20a,69a1b71d673a8204dbb2d655,69a1b278a2342e6c08876bcf,10872,attention,5
3367,19,3,0,0,,United States of America,laughing,2,203888,1772206066443,1772205862555,male,true,7,698dee6de06d11eec6f3f20a,69a1b71d673a8204dbb2d655,69a1b278a2342e6c08876bcf,28584,trial,8
3367,19,3,0,0,,United States of America,slightly_frowning_face,2,203888,1772206066443,1772205862555,male,true,7,698dee6de06d11eec6f3f20a,69a1b71d673a8204dbb2d655,69a1b278a2342e6c08876bcf,6567,trial,3
3367,19,3,0,0,,United States of America,pensive,2,203888,1772206066443,1772205862555,male,true,7,698dee6de06d11eec6f3f20a,69a1b71d673a8204dbb2d655,69a1b278a2342e6c08876bcf,9194,trial,3
3367,19,8,0,0,,United States of America,smile,2,203888,1772206066443,1772205862555,male,true,7,698dee6de06d11eec6f3f20a,69a1b71d673a8204dbb2d655,69a1b278a2342e6c08876bcf,7324,trial,8
3369,54,2,0,0,,United Kingdom,weary,7,201839,1772206154963,1772205953124,female,true,7,5d3ee89122ed84000172272a,69a1b778238243e871b4de66,69a1b278a2342e6c08876bcf,21199,trial,2
3369,54,5,0,0,,United Kingdom,angry,7,201839,1772206154963,1772205953124,female,true,7,5d3ee89122ed84000172272a,69a1b778238243e871b4de66,69a1b278a2342e6c08876bcf,26609,trial,1
3369,54,7,0,0,,United Kingdom,laughing,7,201839,1772206154963,1772205953124,female,true,7,5d3ee89122ed84000172272a,69a1b778238243e871b4de66,69a1b278a2342e6c08876bcf,7817,trial,7
3369,54,7,0,0,,United Kingdom,kissing,7,201839,1772206154963,1772205953124,female,true,7,5d3ee89122ed84000172272a,69a1b778238243e871b4de66,69a1b278a2342e6c08876bcf,28440,trial,7
3369,54,1,1,2,,United Kingdom,arrow_up,7,201839,1772206154963,1772205953124,female,true,7,5d3ee89122ed84000172272a,69a1b778238243e871b4de66,69a1b278a2342e6c08876bcf,8122,attention,2
3369,54,9,0,0,,United Kingdom,slightly_smiling_face,7,201839,1772206154963,1772205953124,female,true,7,5d3ee89122ed84000172272a,69a1b778238243e871b4de66,69a1b278a2342e6c08876bcf,4422,trial,9
3369,54,1,0,0,,United Kingdom,slightly_frowning_face,7,201839,1772206154963,1772205953124,female,true,7,5d3ee89122ed84000172272a,69a1b778238243e871b4de66,69a1b278a2342e6c08876bcf,24366,trial,1
3369,54,4,0,0,,United Kingdom,neutral_face,7,201839,1772206154963,1772205953124,female,true,7,5d3ee89122ed84000172272a,69a1b778238243e871b4de66,69a1b278a2342e6c08876bcf,4792,trial,4
3369,54,1,0,0,,United Kingdom,pensive,7,201839,1772206154963,1772205953124,female,true,7,5d3ee89122ed84000172272a,69a1b778238243e871b4de66,69a1b278a2342e6c08876bcf,3930,trial,1
3369,54,4,4,3,,United Kingdom,arrow_up,7,201839,1772206154963,1772205953124,female,true,7,5d3ee89122ed84000172272a,69a1b778238243e871b4de66,69a1b278a2342e6c08876bcf,5490,attention,3
3369,54,9,0,0,,United Kingdom,grinning,7,201839,1772206154963,1772205953124,female,true,7,5d3ee89122ed84000172272a,69a1b778238243e871b4de66,69a1b278a2342e6c08876bcf,3885,trial,9
3369,54,1,0,0,,United Kingdom,white_frowning_face,7,201839,1772206154963,1772205953124,female,true,7,5d3ee89122ed84000172272a,69a1b778238243e871b4de66,69a1b278a2342e6c08876bcf,23034,trial,1
3369,54,7,0,0,,United Kingdom,relaxed,7,201839,1772206154963,1772205953124,female,true,7,5d3ee89122ed84000172272a,69a1b778238243e871b4de66,69a1b278a2342e6c08876bcf,3680,trial,7
3369,54,8,0,0,,United Kingdom,smile,7,201839,1772206154963,1772205953124,female,true,7,5d3ee89122ed84000172272a,69a1b778238243e871b4de66,69a1b278a2342e6c08876bcf,3472,trial,8
3388,37,3,0,0,,United States of America,relaxed,6,167553,1772206409725,1772206242172,female,true,7,66660a053b08e2a34f9b945c,69a1b68df60161bce458253e,69a1b278a2342e6c08876bcf,10023,trial,9
3388,37,2,0,0,,United States of America,slightly_smiling_face,6,167553,1772206409725,1772206242172,female,true,7,66660a053b08e2a34f9b945c,69a1b68df60161bce458253e,69a1b278a2342e6c08876bcf,9280,trial,8
3388,37,6,0,0,,United States of America,weary,6,167553,1772206409725,1772206242172,female,true,7,66660a053b08e2a34f9b945c,69a1b68df60161bce458253e,69a1b278a2342e6c08876bcf,8968,trial,2
3388,37,7,0,0,,United States of America,kissing,6,167553,1772206409725,1772206242172,female,true,7,66660a053b08e2a34f9b945c,69a1b68df60161bce458253e,69a1b278a2342e6c08876bcf,10616,trial,5
3388,37,5,5,3,,United States of America,arrow_up,6,167553,1772206409725,1772206242172,female,true,7,66660a053b08e2a34f9b945c,69a1b68df60161bce458253e,69a1b278a2342e6c08876bcf,6825,attention,3
3388,37,3,0,0,,United States of America,pensive,6,167553,1772206409725,1772206242172,female,true,7,66660a053b08e2a34f9b945c,69a1b68df60161bce458253e,69a1b278a2342e6c08876bcf,11680,trial,2
3388,37,8,0,0,,United States of America,angry,6,167553,1772206409725,1772206242172,female,true,7,66660a053b08e2a34f9b945c,69a1b68df60161bce458253e,69a1b278a2342e6c08876bcf,6088,trial,1
3388,37,2,0,0,,United States of America,slightly_frowning_face,6,167553,1772206409725,1772206242172,female,true,7,66660a053b08e2a34f9b945c,69a1b68df60161bce458253e,69a1b278a2342e6c08876bcf,5511,trial,3
3388,37,6,0,0,,United States of America,white_frowning_face,6,167553,1772206409725,1772206242172,female,true,7,66660a053b08e2a34f9b945c,69a1b68df60161bce458253e,69a1b278a2342e6c08876bcf,9449,trial,2
3388,37,4,4,4,,United States of America,arrow_up,6,167553,1772206409725,1772206242172,female,true,7,66660a053b08e2a34f9b945c,69a1b68df60161bce458253e,69a1b278a2342e6c08876bcf,6376,attention,4
3388,37,3,0,0,,United States of America,neutral_face,6,167553,1772206409725,1772206242172,female,true,7,66660a053b08e2a34f9b945c,69a1b68df60161bce458253e,69a1b278a2342e6c08876bcf,25904,trial,4
3388,37,9,0,0,,United States of America,laughing,6,167553,1772206409725,1772206242172,female,true,7,66660a053b08e2a34f9b945c,69a1b68df60161bce458253e,69a1b278a2342e6c08876bcf,10720,trial,6
3388,37,9,0,0,,United States of America,smile,6,167553,1772206409725,1772206242172,female,true,7,66660a053b08e2a34f9b945c,69a1b68df60161bce458253e,69a1b278a2342e6c08876bcf,4639,trial,8
3388,37,7,0,0,,United States of America,grinning,6,167553,1772206409725,1772206242172,female,true,7,66660a053b08e2a34f9b945c,69a1b68df60161bce458253e,69a1b278a2342e6c08876bcf,9176,trial,9
3391,63,6,0,0,,United States of America,relaxed,5,93267,1772206514956,1772206421689,female,true,7,66bcbbd35d182838b25ff7df,69a1b94efbe53e701e5b2b2a,69a1b278a2342e6c08876bcf,5883,trial,7
3391,63,8,0,0,,United States of America,smile,5,93267,1772206514956,1772206421689,female,true,7,66bcbbd35d182838b25ff7df,69a1b94efbe53e701e5b2b2a,69a1b278a2342e6c08876bcf,3400,trial,9
3391,63,6,0,0,,United States of America,slightly_smiling_face,5,93267,1772206514956,1772206421689,female,true,7,66bcbbd35d182838b25ff7df,69a1b94efbe53e701e5b2b2a,69a1b278a2342e6c08876bcf,3816,trial,6
3391,63,6,0,0,,United States of America,slightly_frowning_face,5,93267,1772206514956,1772206421689,female,true,7,66bcbbd35d182838b25ff7df,69a1b94efbe53e701e5b2b2a,69a1b278a2342e6c08876bcf,4434,trial,3
3391,63,6,4,1,,United States of America,arrow_up,5,93267,1772206514956,1772206421689,female,false,7,66bcbbd35d182838b25ff7df,69a1b94efbe53e701e5b2b2a,69a1b278a2342e6c08876bcf,3734,attention,8
3391,63,5,0,0,,United States of America,weary,5,93267,1772206514956,1772206421689,female,true,7,66bcbbd35d182838b25ff7df,69a1b94efbe53e701e5b2b2a,69a1b278a2342e6c08876bcf,3682,trial,3
3391,63,7,0,0,,United States of America,grinning,5,93267,1772206514956,1772206421689,female,true,7,66bcbbd35d182838b25ff7df,69a1b94efbe53e701e5b2b2a,69a1b278a2342e6c08876bcf,2966,trial,7
3391,63,4,0,0,,United States of America,kissing,5,93267,1772206514956,1772206421689,female,true,7,66bcbbd35d182838b25ff7df,69a1b94efbe53e701e5b2b2a,69a1b278a2342e6c08876bcf,3533,trial,5
3391,63,6,0,0,,United States of America,laughing,5,93267,1772206514956,1772206421689,female,true,7,66bcbbd35d182838b25ff7df,69a1b94efbe53e701e5b2b2a,69a1b278a2342e6c08876bcf,2983,trial,8
3391,63,2,2,2,,United States of America,arrow_up,5,93267,1772206514956,1772206421689,female,true,7,66bcbbd35d182838b25ff7df,69a1b94efbe53e701e5b2b2a,69a1b278a2342e6c08876bcf,9134,attention,2
3391,63,8,0,0,,United States of America,angry,5,93267,1772206514956,1772206421689,female,true,7,66bcbbd35d182838b25ff7df,69a1b94efbe53e701e5b2b2a,69a1b278a2342e6c08876bcf,5467,trial,1
3391,63,3,0,0,,United States of America,neutral_face,5,93267,1772206514956,1772206421689,female,true,7,66bcbbd35d182838b25ff7df,69a1b94efbe53e701e5b2b2a,69a1b278a2342e6c08876bcf,4749,trial,4
3391,63,4,0,0,,United States of America,white_frowning_face,5,93267,1772206514956,1772206421689,female,true,7,66bcbbd35d182838b25ff7df,69a1b94efbe53e701e5b2b2a,69a1b278a2342e6c08876bcf,4000,trial,2
3391,63,5,0,0,,United States of America,pensive,5,93267,1772206514956,1772206421689,female,true,7,66bcbbd35d182838b25ff7df,69a1b94efbe53e701e5b2b2a,69a1b278a2342e6c08876bcf,3001,trial,3
3397,38,3,0,0,,Ireland,weary,6,163360,1772206706831,1772206543471,female,true,7,69161a7c28dc889825157943,69a1b9c7caf1a89893105876,69a1b278a2342e6c08876bcf,19533,trial,3
3397,38,4,0,0,,Ireland,slightly_frowning_face,6,163360,1772206706831,1772206543471,female,true,7,69161a7c28dc889825157943,69a1b9c7caf1a89893105876,69a1b278a2342e6c08876bcf,11730,trial,4
3397,38,7,0,0,,Ireland,angry,6,163360,1772206706831,1772206543471,female,true,7,69161a7c28dc889825157943,69a1b9c7caf1a89893105876,69a1b278a2342e6c08876bcf,8421,trial,1
3397,38,6,0,0,,Ireland,kissing,6,163360,1772206706831,1772206543471,female,true,7,69161a7c28dc889825157943,69a1b9c7caf1a89893105876,69a1b278a2342e6c08876bcf,8451,trial,6
3397,38,4,4,4,,Ireland,arrow_up,6,163360,1772206706831,1772206543471,female,true,7,69161a7c28dc889825157943,69a1b9c7caf1a89893105876,69a1b278a2342e6c08876bcf,8017,attention,4
3397,38,8,0,0,,Ireland,laughing,6,163360,1772206706831,1772206543471,female,true,7,69161a7c28dc889825157943,69a1b9c7caf1a89893105876,69a1b278a2342e6c08876bcf,7289,trial,9
3397,38,7,0,0,,Ireland,slightly_smiling_face,6,163360,1772206706831,1772206543471,female,true,7,69161a7c28dc889825157943,69a1b9c7caf1a89893105876,69a1b278a2342e6c08876bcf,7780,trial,9
3397,38,4,0,0,,Ireland,pensive,6,163360,1772206706831,1772206543471,female,true,7,69161a7c28dc889825157943,69a1b9c7caf1a89893105876,69a1b278a2342e6c08876bcf,6325,trial,3
3397,38,8,0,0,,Ireland,grinning,6,163360,1772206706831,1772206543471,female,true,7,69161a7c28dc889825157943,69a1b9c7caf1a89893105876,69a1b278a2342e6c08876bcf,5964,trial,9
3397,38,3,3,2,,Ireland,arrow_up,6,163360,1772206706831,1772206543471,female,true,7,69161a7c28dc889825157943,69a1b9c7caf1a89893105876,69a1b278a2342e6c08876bcf,4900,attention,2
3397,38,5,0,0,,Ireland,smile,6,163360,1772206706831,1772206543471,female,true,7,69161a7c28dc889825157943,69a1b9c7caf1a89893105876,69a1b278a2342e6c08876bcf,6850,trial,9
3397,38,5,0,0,,Ireland,white_frowning_face,6,163360,1772206706831,1772206543471,female,true,7,69161a7c28dc889825157943,69a1b9c7caf1a89893105876,69a1b278a2342e6c08876bcf,6900,trial,3
3397,38,6,0,0,,Ireland,relaxed,6,163360,1772206706831,1772206543471,female,true,7,69161a7c28dc889825157943,69a1b9c7caf1a89893105876,69a1b278a2342e6c08876bcf,6983,trial,8
3397,38,3,0,0,,Ireland,neutral_face,6,163360,1772206706831,1772206543471,female,true,7,69161a7c28dc889825157943,69a1b9c7caf1a89893105876,69a1b278a2342e6c08876bcf,9590,trial,4
3390,45,3,0,0,Thanks and good luck!,Canada,slightly_smiling_face,6,163184,1772206456043,1772206292859,female,true,7,5c732f631388ff0001100e6d,69a1b8d29ddccbb3f457e9de,69a1b278a2342e6c08876bcf,7469,trial,9
3390,45,7,0,0,Thanks and good luck!,Canada,laughing,6,163184,1772206456043,1772206292859,female,true,7,5c732f631388ff0001100e6d,69a1b8d29ddccbb3f457e9de,69a1b278a2342e6c08876bcf,7487,trial,8
3390,45,6,0,0,Thanks and good luck!,Canada,grinning,6,163184,1772206456043,1772206292859,female,true,7,5c732f631388ff0001100e6d,69a1b8d29ddccbb3f457e9de,69a1b278a2342e6c08876bcf,8839,trial,9
3390,45,5,0,0,Thanks and good luck!,Canada,neutral_face,6,163184,1772206456043,1772206292859,female,true,7,5c732f631388ff0001100e6d,69a1b8d29ddccbb3f457e9de,69a1b278a2342e6c08876bcf,5667,trial,5
3390,45,4,4,1,Thanks and good luck!,Canada,arrow_up,6,163184,1772206456043,1772206292859,female,true,7,5c732f631388ff0001100e6d,69a1b8d29ddccbb3f457e9de,69a1b278a2342e6c08876bcf,7752,attention,1
3390,45,4,0,0,Thanks and good luck!,Canada,pensive,6,163184,1772206456043,1772206292859,female,true,7,5c732f631388ff0001100e6d,69a1b8d29ddccbb3f457e9de,69a1b278a2342e6c08876bcf,5664,trial,4
3390,45,5,0,0,Thanks and good luck!,Canada,slightly_frowning_face,6,163184,1772206456043,1772206292859,female,true,7,5c732f631388ff0001100e6d,69a1b8d29ddccbb3f457e9de,69a1b278a2342e6c08876bcf,8366,trial,3
3390,45,7,0,0,Thanks and good luck!,Canada,angry,6,163184,1772206456043,1772206292859,female,true,7,5c732f631388ff0001100e6d,69a1b8d29ddccbb3f457e9de,69a1b278a2342e6c08876bcf,4999,trial,2
3390,45,5,0,0,Thanks and good luck!,Canada,kissing,6,163184,1772206456043,1772206292859,female,true,7,5c732f631388ff0001100e6d,69a1b8d29ddccbb3f457e9de,69a1b278a2342e6c08876bcf,7305,trial,6
3390,45,2,2,5,Thanks and good luck!,Canada,arrow_up,6,163184,1772206456043,1772206292859,female,true,7,5c732f631388ff0001100e6d,69a1b8d29ddccbb3f457e9de,69a1b278a2342e6c08876bcf,6921,attention,5
3390,45,8,0,0,Thanks and good luck!,Canada,relaxed,6,163184,1772206456043,1772206292859,female,true,7,5c732f631388ff0001100e6d,69a1b8d29ddccbb3f457e9de,69a1b278a2342e6c08876bcf,5515,trial,9
3390,45,9,0,0,Thanks and good luck!,Canada,smile,6,163184,1772206456043,1772206292859,female,true,7,5c732f631388ff0001100e6d,69a1b8d29ddccbb3f457e9de,69a1b278a2342e6c08876bcf,3542,trial,9
3390,45,6,0,0,Thanks and good luck!,Canada,weary,6,163184,1772206456043,1772206292859,female,true,7,5c732f631388ff0001100e6d,69a1b8d29ddccbb3f457e9de,69a1b278a2342e6c08876bcf,7944,trial,2
3390,45,4,0,0,Thanks and good luck!,Canada,white_frowning_face,6,163184,1772206456043,1772206292859,female,true,7,5c732f631388ff0001100e6d,69a1b8d29ddccbb3f457e9de,69a1b278a2342e6c08876bcf,4875,trial,2
3398,58,7,0,0,,United Kingdom,relaxed,7,150451,1772206822922,1772206672471,female,true,7,6548ecb8df0db5617e001aef,69a1ba40f0adb98636854c9a,69a1b278a2342e6c08876bcf,12530,trial,8
3398,58,7,0,0,,United Kingdom,weary,7,150451,1772206822922,1772206672471,female,true,7,6548ecb8df0db5617e001aef,69a1ba40f0adb98636854c9a,69a1b278a2342e6c08876bcf,8229,trial,3
3398,58,7,0,0,,United Kingdom,laughing,7,150451,1772206822922,1772206672471,female,true,7,6548ecb8df0db5617e001aef,69a1ba40f0adb98636854c9a,69a1b278a2342e6c08876bcf,8496,trial,8
3398,58,7,0,0,,United Kingdom,angry,7,150451,1772206822922,1772206672471,female,true,7,6548ecb8df0db5617e001aef,69a1ba40f0adb98636854c9a,69a1b278a2342e6c08876bcf,7630,trial,2
3398,58,5,5,4,,United Kingdom,arrow_up,7,150451,1772206822922,1772206672471,female,true,7,6548ecb8df0db5617e001aef,69a1ba40f0adb98636854c9a,69a1b278a2342e6c08876bcf,14644,attention,4
3398,58,5,0,0,,United Kingdom,slightly_frowning_face,7,150451,1772206822922,1772206672471,female,true,7,6548ecb8df0db5617e001aef,69a1ba40f0adb98636854c9a,69a1b278a2342e6c08876bcf,5245,trial,5
3398,58,7,0,0,,United Kingdom,white_frowning_face,7,150451,1772206822922,1772206672471,female,true,7,6548ecb8df0db5617e001aef,69a1ba40f0adb98636854c9a,69a1b278a2342e6c08876bcf,7149,trial,4
3398,58,7,0,0,,United Kingdom,grinning,7,150451,1772206822922,1772206672471,female,true,7,6548ecb8df0db5617e001aef,69a1ba40f0adb98636854c9a,69a1b278a2342e6c08876bcf,5446,trial,7
3398,58,7,0,0,,United Kingdom,kissing,7,150451,1772206822922,1772206672471,female,true,7,6548ecb8df0db5617e001aef,69a1ba40f0adb98636854c9a,69a1b278a2342e6c08876bcf,6662,trial,3
3398,58,4,4,1,,United Kingdom,arrow_up,7,150451,1772206822922,1772206672471,female,true,7,6548ecb8df0db5617e001aef,69a1ba40f0adb98636854c9a,69a1b278a2342e6c08876bcf,6915,attention,1
3398,58,2,0,0,,United Kingdom,slightly_smiling_face,7,150451,1772206822922,1772206672471,female,true,7,6548ecb8df0db5617e001aef,69a1ba40f0adb98636854c9a,69a1b278a2342e6c08876bcf,6914,trial,6
3398,58,5,0,0,,United Kingdom,neutral_face,7,150451,1772206822922,1772206672471,female,true,7,6548ecb8df0db5617e001aef,69a1ba40f0adb98636854c9a,69a1b278a2342e6c08876bcf,4844,trial,5
3398,58,8,0,0,,United Kingdom,smile,7,150451,1772206822922,1772206672471,female,true,7,6548ecb8df0db5617e001aef,69a1ba40f0adb98636854c9a,69a1b278a2342e6c08876bcf,5716,trial,8
3398,58,6,0,0,,United Kingdom,pensive,7,150451,1772206822922,1772206672471,female,true,7,6548ecb8df0db5617e001aef,69a1ba40f0adb98636854c9a,69a1b278a2342e6c08876bcf,7081,trial,3
3399,40,3,0,0,,United Kingdom,grinning,5,222691,1772206874895,1772206652204,male,true,7,5c8ba607c5366c0001d022cb,69a1ba3522985ee6d2d8e200,69a1b278a2342e6c08876bcf,19464,trial,8
3399,40,6,0,0,,United Kingdom,angry,5,222691,1772206874895,1772206652204,male,true,7,5c8ba607c5366c0001d022cb,69a1ba3522985ee6d2d8e200,69a1b278a2342e6c08876bcf,12314,trial,2
3399,40,4,0,0,,United Kingdom,slightly_frowning_face,5,222691,1772206874895,1772206652204,male,true,7,5c8ba607c5366c0001d022cb,69a1ba3522985ee6d2d8e200,69a1b278a2342e6c08876bcf,7316,trial,4
3399,40,3,0,0,,United Kingdom,kissing,5,222691,1772206874895,1772206652204,male,true,7,5c8ba607c5366c0001d022cb,69a1ba3522985ee6d2d8e200,69a1b278a2342e6c08876bcf,10666,trial,7
3399,40,3,3,1,,United Kingdom,arrow_up,5,222691,1772206874895,1772206652204,male,true,7,5c8ba607c5366c0001d022cb,69a1ba3522985ee6d2d8e200,69a1b278a2342e6c08876bcf,11999,attention,1
3399,40,2,0,0,,United Kingdom,slightly_smiling_face,5,222691,1772206874895,1772206652204,male,true,7,5c8ba607c5366c0001d022cb,69a1ba3522985ee6d2d8e200,69a1b278a2342e6c08876bcf,8668,trial,8
3399,40,5,0,0,,United Kingdom,neutral_face,5,222691,1772206874895,1772206652204,male,true,7,5c8ba607c5366c0001d022cb,69a1ba3522985ee6d2d8e200,69a1b278a2342e6c08876bcf,6300,trial,5
3399,40,6,0,0,,United Kingdom,relaxed,5,222691,1772206874895,1772206652204,male,true,7,5c8ba607c5366c0001d022cb,69a1ba3522985ee6d2d8e200,69a1b278a2342e6c08876bcf,6580,trial,7
3399,40,8,0,0,,United Kingdom,laughing,5,222691,1772206874895,1772206652204,male,true,7,5c8ba607c5366c0001d022cb,69a1ba3522985ee6d2d8e200,69a1b278a2342e6c08876bcf,9461,trial,8
3399,40,5,5,4,,United Kingdom,arrow_up,5,222691,1772206874895,1772206652204,male,true,7,5c8ba607c5366c0001d022cb,69a1ba3522985ee6d2d8e200,69a1b278a2342e6c08876bcf,8204,attention,4
3399,40,7,0,0,,United Kingdom,weary,5,222691,1772206874895,1772206652204,male,true,7,5c8ba607c5366c0001d022cb,69a1ba3522985ee6d2d8e200,69a1b278a2342e6c08876bcf,9679,trial,5
3399,40,4,0,0,,United Kingdom,white_frowning_face,5,222691,1772206874895,1772206652204,male,true,7,5c8ba607c5366c0001d022cb,69a1ba3522985ee6d2d8e200,69a1b278a2342e6c08876bcf,6448,trial,3
3399,40,3,0,0,,United Kingdom,pensive,5,222691,1772206874895,1772206652204,male,true,7,5c8ba607c5366c0001d022cb,69a1ba3522985ee6d2d8e200,69a1b278a2342e6c08876bcf,6303,trial,3
3399,40,7,0,0,,United Kingdom,smile,5,222691,1772206874895,1772206652204,male,true,7,5c8ba607c5366c0001d022cb,69a1ba3522985ee6d2d8e200,69a1b278a2342e6c08876bcf,11434,trial,8
3401,49,7,0,0,,United Kingdom,laughing,3,322006,1772206982669,1772206660663,female,true,7,5ea59ffb9325e15853a82d84,69a1ba3a10e6ffd123535d7f,69a1b278a2342e6c08876bcf,21795,trial,8
3401,49,5,0,0,,United Kingdom,slightly_smiling_face,3,322006,1772206982669,1772206660663,female,true,7,5ea59ffb9325e15853a82d84,69a1ba3a10e6ffd123535d7f,69a1b278a2342e6c08876bcf,9310,trial,7
3401,49,5,0,0,,United Kingdom,kissing,3,322006,1772206982669,1772206660663,female,true,7,5ea59ffb9325e15853a82d84,69a1ba3a10e6ffd123535d7f,69a1b278a2342e6c08876bcf,45618,trial,5
3401,49,8,0,0,,United Kingdom,grinning,3,322006,1772206982669,1772206660663,female,true,7,5ea59ffb9325e15853a82d84,69a1ba3a10e6ffd123535d7f,69a1b278a2342e6c08876bcf,25436,trial,9
3401,49,3,3,1,,United Kingdom,arrow_up,3,322006,1772206982669,1772206660663,female,true,7,5ea59ffb9325e15853a82d84,69a1ba3a10e6ffd123535d7f,69a1b278a2342e6c08876bcf,7356,attention,1
3401,49,7,0,0,,United Kingdom,smile,3,322006,1772206982669,1772206660663,female,true,7,5ea59ffb9325e15853a82d84,69a1ba3a10e6ffd123535d7f,69a1b278a2342e6c08876bcf,36297,trial,9
3401,49,4,0,0,,United Kingdom,slightly_frowning_face,3,322006,1772206982669,1772206660663,female,true,7,5ea59ffb9325e15853a82d84,69a1ba3a10e6ffd123535d7f,69a1b278a2342e6c08876bcf,12705,trial,3
3401,49,5,0,0,,United Kingdom,neutral_face,3,322006,1772206982669,1772206660663,female,true,7,5ea59ffb9325e15853a82d84,69a1ba3a10e6ffd123535d7f,69a1b278a2342e6c08876bcf,14163,trial,5
3401,49,7,0,0,,United Kingdom,angry,3,322006,1772206982669,1772206660663,female,true,7,5ea59ffb9325e15853a82d84,69a1ba3a10e6ffd123535d7f,69a1b278a2342e6c08876bcf,17550,trial,1
3401,49,1,1,5,,United Kingdom,arrow_up,3,322006,1772206982669,1772206660663,female,true,7,5ea59ffb9325e15853a82d84,69a1ba3a10e6ffd123535d7f,69a1b278a2342e6c08876bcf,3825,attention,5
3401,49,7,0,0,,United Kingdom,weary,3,322006,1772206982669,1772206660663,female,true,7,5ea59ffb9325e15853a82d84,69a1ba3a10e6ffd123535d7f,69a1b278a2342e6c08876bcf,26740,trial,1
3401,49,6,0,0,,United Kingdom,relaxed,3,322006,1772206982669,1772206660663,female,true,7,5ea59ffb9325e15853a82d84,69a1ba3a10e6ffd123535d7f,69a1b278a2342e6c08876bcf,9463,trial,7
3401,49,3,0,0,,United Kingdom,pensive,3,322006,1772206982669,1772206660663,female,true,7,5ea59ffb9325e15853a82d84,69a1ba3a10e6ffd123535d7f,69a1b278a2342e6c08876bcf,31795,trial,4
3401,49,4,0,0,,United Kingdom,white_frowning_face,3,322006,1772206982669,1772206660663,female,true,7,5ea59ffb9325e15853a82d84,69a1ba3a10e6ffd123535d7f,69a1b278a2342e6c08876bcf,13619,trial,2
3403,27,7,0,0,,United Kingdom,smile,7,132931,1772207141286,1772207008355,female,true,7,5d0d4f6fcab1b50001e97333,69a1bb98cd448240fd0881c9,69a1b278a2342e6c08876bcf,10973,trial,9
3403,27,4,0,0,,United Kingdom,relaxed,7,132931,1772207141286,1772207008355,female,true,7,5d0d4f6fcab1b50001e97333,69a1bb98cd448240fd0881c9,69a1b278a2342e6c08876bcf,6775,trial,8
3403,27,7,0,0,,United Kingdom,weary,7,132931,1772207141286,1772207008355,female,true,7,5d0d4f6fcab1b50001e97333,69a1bb98cd448240fd0881c9,69a1b278a2342e6c08876bcf,9010,trial,3
3403,27,8,0,0,,United Kingdom,angry,7,132931,1772207141286,1772207008355,female,true,7,5d0d4f6fcab1b50001e97333,69a1bb98cd448240fd0881c9,69a1b278a2342e6c08876bcf,4845,trial,3
3403,27,7,2,5,,United Kingdom,arrow_up,7,132931,1772207141286,1772207008355,female,false,7,5d0d4f6fcab1b50001e97333,69a1bb98cd448240fd0881c9,69a1b278a2342e6c08876bcf,6468,attention,6
3403,27,5,0,0,,United Kingdom,neutral_face,7,132931,1772207141286,1772207008355,female,true,7,5d0d4f6fcab1b50001e97333,69a1bb98cd448240fd0881c9,69a1b278a2342e6c08876bcf,6782,trial,3
3403,27,5,0,0,,United Kingdom,slightly_frowning_face,7,132931,1772207141286,1772207008355,female,true,7,5d0d4f6fcab1b50001e97333,69a1bb98cd448240fd0881c9,69a1b278a2342e6c08876bcf,3900,trial,3
3403,27,5,0,0,,United Kingdom,kissing,7,132931,1772207141286,1772207008355,female,true,7,5d0d4f6fcab1b50001e97333,69a1bb98cd448240fd0881c9,69a1b278a2342e6c08876bcf,5291,trial,6
3403,27,6,0,0,,United Kingdom,grinning,7,132931,1772207141286,1772207008355,female,true,7,5d0d4f6fcab1b50001e97333,69a1bb98cd448240fd0881c9,69a1b278a2342e6c08876bcf,4266,trial,6
3403,27,4,4,5,,United Kingdom,arrow_up,7,132931,1772207141286,1772207008355,female,true,7,5d0d4f6fcab1b50001e97333,69a1bb98cd448240fd0881c9,69a1b278a2342e6c08876bcf,10087,attention,5
3403,27,3,0,0,,United Kingdom,pensive,7,132931,1772207141286,1772207008355,female,true,7,5d0d4f6fcab1b50001e97333,69a1bb98cd448240fd0881c9,69a1b278a2342e6c08876bcf,5402,trial,3
3403,27,8,0,0,,United Kingdom,laughing,7,132931,1772207141286,1772207008355,female,true,7,5d0d4f6fcab1b50001e97333,69a1bb98cd448240fd0881c9,69a1b278a2342e6c08876bcf,3676,trial,7
3403,27,6,0,0,,United Kingdom,white_frowning_face,7,132931,1772207141286,1772207008355,female,true,7,5d0d4f6fcab1b50001e97333,69a1bb98cd448240fd0881c9,69a1b278a2342e6c08876bcf,7472,trial,3
3403,27,4,0,0,,United Kingdom,slightly_smiling_face,7,132931,1772207141286,1772207008355,female,true,7,5d0d4f6fcab1b50001e97333,69a1bb98cd448240fd0881c9,69a1b278a2342e6c08876bcf,5552,trial,7
3404,50,6,0,0,,Canada,relaxed,7,354736,1772207143700,1772206788964,male,true,7,6609a0ad06fc9ade96c2cbb0,69a1bab101c2ed7b59fb08ab,69a1b278a2342e6c08876bcf,21952,trial,4
3404,50,7,0,0,,Canada,slightly_smiling_face,7,354736,1772207143700,1772206788964,male,true,7,6609a0ad06fc9ade96c2cbb0,69a1bab101c2ed7b59fb08ab,69a1b278a2342e6c08876bcf,52719,trial,8
3404,50,7,0,0,,Canada,laughing,7,354736,1772207143700,1772206788964,male,true,7,6609a0ad06fc9ade96c2cbb0,69a1bab101c2ed7b59fb08ab,69a1b278a2342e6c08876bcf,15807,trial,3
3404,50,4,0,0,,Canada,white_frowning_face,7,354736,1772207143700,1772206788964,male,true,7,6609a0ad06fc9ade96c2cbb0,69a1bab101c2ed7b59fb08ab,69a1b278a2342e6c08876bcf,12560,trial,5
3404,50,5,5,5,,Canada,arrow_up,7,354736,1772207143700,1772206788964,male,true,7,6609a0ad06fc9ade96c2cbb0,69a1bab101c2ed7b59fb08ab,69a1b278a2342e6c08876bcf,16752,attention,5
3404,50,4,0,0,,Canada,pensive,7,354736,1772207143700,1772206788964,male,true,7,6609a0ad06fc9ade96c2cbb0,69a1bab101c2ed7b59fb08ab,69a1b278a2342e6c08876bcf,14936,trial,3
3404,50,6,0,0,,Canada,smile,7,354736,1772207143700,1772206788964,male,true,7,6609a0ad06fc9ade96c2cbb0,69a1bab101c2ed7b59fb08ab,69a1b278a2342e6c08876bcf,8096,trial,8
3404,50,4,0,0,,Canada,weary,7,354736,1772207143700,1772206788964,male,true,7,6609a0ad06fc9ade96c2cbb0,69a1bab101c2ed7b59fb08ab,69a1b278a2342e6c08876bcf,6602,trial,3
3404,50,3,0,0,,Canada,grinning,7,354736,1772207143700,1772206788964,male,true,7,6609a0ad06fc9ade96c2cbb0,69a1bab101c2ed7b59fb08ab,69a1b278a2342e6c08876bcf,4734,trial,7
3404,50,5,5,2,,Canada,arrow_up,7,354736,1772207143700,1772206788964,male,true,7,6609a0ad06fc9ade96c2cbb0,69a1bab101c2ed7b59fb08ab,69a1b278a2342e6c08876bcf,13496,attention,2
3404,50,5,0,0,,Canada,kissing,7,354736,1772207143700,1772206788964,male,true,7,6609a0ad06fc9ade96c2cbb0,69a1bab101c2ed7b59fb08ab,69a1b278a2342e6c08876bcf,13592,trial,5
3404,50,6,0,0,,Canada,angry,7,354736,1772207143700,1772206788964,male,true,7,6609a0ad06fc9ade96c2cbb0,69a1bab101c2ed7b59fb08ab,69a1b278a2342e6c08876bcf,28559,trial,3
3404,50,4,0,0,,Canada,slightly_frowning_face,7,354736,1772207143700,1772206788964,male,true,7,6609a0ad06fc9ade96c2cbb0,69a1bab101c2ed7b59fb08ab,69a1b278a2342e6c08876bcf,6560,trial,3
3404,50,3,0,0,,Canada,neutral_face,7,354736,1772207143700,1772206788964,male,true,7,6609a0ad06fc9ade96c2cbb0,69a1bab101c2ed7b59fb08ab,69a1b278a2342e6c08876bcf,7689,trial,5
3405,45,4,0,0,"Gen X here, we don't use emojis as much as the other generations. Thank you and have a great day.",United States of America,slightly_smiling_face,4,168821,1772207182138,1772207013317,female,true,7,588e02b13326830001bc29cd,69a1bb9bccdded87e8fe5d0b,69a1b278a2342e6c08876bcf,9140,trial,8
3405,45,7,0,0,"Gen X here, we don't use emojis as much as the other generations. Thank you and have a great day.",United States of America,kissing,4,168821,1772207182138,1772207013317,female,true,7,588e02b13326830001bc29cd,69a1bb9bccdded87e8fe5d0b,69a1b278a2342e6c08876bcf,5760,trial,8
3405,45,9,0,0,"Gen X here, we don't use emojis as much as the other generations. Thank you and have a great day.",United States of America,smile,4,168821,1772207182138,1772207013317,female,true,7,588e02b13326830001bc29cd,69a1bb9bccdded87e8fe5d0b,69a1b278a2342e6c08876bcf,3222,trial,9
3405,45,9,0,0,"Gen X here, we don't use emojis as much as the other generations. Thank you and have a great day.",United States of America,angry,4,168821,1772207182138,1772207013317,female,true,7,588e02b13326830001bc29cd,69a1bb9bccdded87e8fe5d0b,69a1b278a2342e6c08876bcf,6278,trial,1
3405,45,3,3,2,"Gen X here, we don't use emojis as much as the other generations. Thank you and have a great day.",United States of America,arrow_up,4,168821,1772207182138,1772207013317,female,true,7,588e02b13326830001bc29cd,69a1bb9bccdded87e8fe5d0b,69a1b278a2342e6c08876bcf,7532,attention,2
3405,45,8,0,0,"Gen X here, we don't use emojis as much as the other generations. Thank you and have a great day.",United States of America,relaxed,4,168821,1772207182138,1772207013317,female,true,7,588e02b13326830001bc29cd,69a1bb9bccdded87e8fe5d0b,69a1b278a2342e6c08876bcf,4900,trial,9
3405,45,9,0,0,"Gen X here, we don't use emojis as much as the other generations. Thank you and have a great day.",United States of America,laughing,4,168821,1772207182138,1772207013317,female,true,7,588e02b13326830001bc29cd,69a1bb9bccdded87e8fe5d0b,69a1b278a2342e6c08876bcf,4004,trial,9
3405,45,4,0,0,"Gen X here, we don't use emojis as much as the other generations. Thank you and have a great day.",United States of America,neutral_face,4,168821,1772207182138,1772207013317,female,true,7,588e02b13326830001bc29cd,69a1bb9bccdded87e8fe5d0b,69a1b278a2342e6c08876bcf,8704,trial,3
3405,45,9,0,0,"Gen X here, we don't use emojis as much as the other generations. Thank you and have a great day.",United States of America,weary,4,168821,1772207182138,1772207013317,female,true,7,588e02b13326830001bc29cd,69a1bb9bccdded87e8fe5d0b,69a1b278a2342e6c08876bcf,3764,trial,1
3405,45,3,3,4,"Gen X here, we don't use emojis as much as the other generations. Thank you and have a great day.",United States of America,arrow_up,4,168821,1772207182138,1772207013317,female,true,7,588e02b13326830001bc29cd,69a1bb9bccdded87e8fe5d0b,69a1b278a2342e6c08876bcf,6224,attention,4
3405,45,7,0,0,"Gen X here, we don't use emojis as much as the other generations. Thank you and have a great day.",United States of America,white_frowning_face,4,168821,1772207182138,1772207013317,female,true,7,588e02b13326830001bc29cd,69a1bb9bccdded87e8fe5d0b,69a1b278a2342e6c08876bcf,4312,trial,1
3405,45,9,0,0,"Gen X here, we don't use emojis as much as the other generations. Thank you and have a great day.",United States of America,grinning,4,168821,1772207182138,1772207013317,female,true,7,588e02b13326830001bc29cd,69a1bb9bccdded87e8fe5d0b,69a1b278a2342e6c08876bcf,3866,trial,9
3405,45,5,0,0,"Gen X here, we don't use emojis as much as the other generations. Thank you and have a great day.",United States of America,pensive,4,168821,1772207182138,1772207013317,female,true,7,588e02b13326830001bc29cd,69a1bb9bccdded87e8fe5d0b,69a1b278a2342e6c08876bcf,4826,trial,1
3405,45,4,0,0,"Gen X here, we don't use emojis as much as the other generations. Thank you and have a great day.",United States of America,slightly_frowning_face,4,168821,1772207182138,1772207013317,female,true,7,588e02b13326830001bc29cd,69a1bb9bccdded87e8fe5d0b,69a1b278a2342e6c08876bcf,8296,trial,1
3407,29,9,0,0,,United States of America,smile,7,227277,1772207241137,1772207013860,male,true,7,699c5b2910acfa847b17b8f6,69a1bb638397519358daf6c4,69a1b278a2342e6c08876bcf,56109,trial,9
3407,29,9,0,0,,United States of America,grinning,7,227277,1772207241137,1772207013860,male,true,7,699c5b2910acfa847b17b8f6,69a1bb638397519358daf6c4,69a1b278a2342e6c08876bcf,3935,trial,9
3407,29,2,0,0,,United States of America,slightly_frowning_face,7,227277,1772207241137,1772207013860,male,true,7,699c5b2910acfa847b17b8f6,69a1bb638397519358daf6c4,69a1b278a2342e6c08876bcf,5992,trial,1
3407,29,2,0,0,,United States of America,pensive,7,227277,1772207241137,1772207013860,male,true,7,699c5b2910acfa847b17b8f6,69a1bb638397519358daf6c4,69a1b278a2342e6c08876bcf,4568,trial,1
3407,29,3,3,5,,United States of America,arrow_up,7,227277,1772207241137,1772207013860,male,true,7,699c5b2910acfa847b17b8f6,69a1bb638397519358daf6c4,69a1b278a2342e6c08876bcf,5928,attention,5
3407,29,1,0,0,,United States of America,neutral_face,7,227277,1772207241137,1772207013860,male,true,7,699c5b2910acfa847b17b8f6,69a1bb638397519358daf6c4,69a1b278a2342e6c08876bcf,8607,trial,4
3407,29,1,0,0,,United States of America,weary,7,227277,1772207241137,1772207013860,male,true,7,699c5b2910acfa847b17b8f6,69a1bb638397519358daf6c4,69a1b278a2342e6c08876bcf,2768,trial,1
3407,29,9,0,0,,United States of America,laughing,7,227277,1772207241137,1772207013860,male,true,7,699c5b2910acfa847b17b8f6,69a1bb638397519358daf6c4,69a1b278a2342e6c08876bcf,41102,trial,8
3407,29,9,0,0,,United States of America,relaxed,7,227277,1772207241137,1772207013860,male,true,7,699c5b2910acfa847b17b8f6,69a1bb638397519358daf6c4,69a1b278a2342e6c08876bcf,4144,trial,7
3407,29,1,1,2,,United States of America,arrow_up,7,227277,1772207241137,1772207013860,male,true,7,699c5b2910acfa847b17b8f6,69a1bb638397519358daf6c4,69a1b278a2342e6c08876bcf,3360,attention,2
3407,29,7,0,0,,United States of America,kissing,7,227277,1772207241137,1772207013860,male,true,7,699c5b2910acfa847b17b8f6,69a1bb638397519358daf6c4,69a1b278a2342e6c08876bcf,4007,trial,6
3407,29,7,0,0,,United States of America,slightly_smiling_face,7,227277,1772207241137,1772207013860,male,true,7,699c5b2910acfa847b17b8f6,69a1bb638397519358daf6c4,69a1b278a2342e6c08876bcf,2728,trial,7
3407,29,3,0,0,,United States of America,white_frowning_face,7,227277,1772207241137,1772207013860,male,true,7,699c5b2910acfa847b17b8f6,69a1bb638397519358daf6c4,69a1b278a2342e6c08876bcf,2672,trial,3
3407,29,2,0,0,,United States of America,angry,7,227277,1772207241137,1772207013860,male,true,7,699c5b2910acfa847b17b8f6,69a1bb638397519358daf6c4,69a1b278a2342e6c08876bcf,3864,trial,1
3413,53,6,0,0,,United Kingdom,relaxed,4,114690,1772207489382,1772207374692,female,true,7,65b9a002909e6b9bd3520066,69a1bd063213118863e00ca2,69a1b278a2342e6c08876bcf,13165,trial,8
3413,53,8,0,0,,United Kingdom,smile,4,114690,1772207489382,1772207374692,female,true,7,65b9a002909e6b9bd3520066,69a1bd063213118863e00ca2,69a1b278a2342e6c08876bcf,6515,trial,9
3413,53,4,0,0,,United Kingdom,neutral_face,4,114690,1772207489382,1772207374692,female,true,7,65b9a002909e6b9bd3520066,69a1bd063213118863e00ca2,69a1b278a2342e6c08876bcf,6958,trial,4
3413,53,8,0,0,,United Kingdom,grinning,4,114690,1772207489382,1772207374692,female,true,7,65b9a002909e6b9bd3520066,69a1bd063213118863e00ca2,69a1b278a2342e6c08876bcf,4747,trial,8
3413,53,2,2,3,,United Kingdom,arrow_up,4,114690,1772207489382,1772207374692,female,true,7,65b9a002909e6b9bd3520066,69a1bd063213118863e00ca2,69a1b278a2342e6c08876bcf,7247,attention,3
3413,53,3,0,0,,United Kingdom,angry,4,114690,1772207489382,1772207374692,female,true,7,65b9a002909e6b9bd3520066,69a1bd063213118863e00ca2,69a1b278a2342e6c08876bcf,5972,trial,2
3413,53,5,0,0,,United Kingdom,kissing,4,114690,1772207489382,1772207374692,female,true,7,65b9a002909e6b9bd3520066,69a1bd063213118863e00ca2,69a1b278a2342e6c08876bcf,5390,trial,5
3413,53,8,0,0,,United Kingdom,laughing,4,114690,1772207489382,1772207374692,female,true,7,65b9a002909e6b9bd3520066,69a1bd063213118863e00ca2,69a1b278a2342e6c08876bcf,4863,trial,7
3413,53,4,0,0,,United Kingdom,pensive,4,114690,1772207489382,1772207374692,female,true,7,65b9a002909e6b9bd3520066,69a1bd063213118863e00ca2,69a1b278a2342e6c08876bcf,4705,trial,2
3413,53,3,3,3,,United Kingdom,arrow_up,4,114690,1772207489382,1772207374692,female,true,7,65b9a002909e6b9bd3520066,69a1bd063213118863e00ca2,69a1b278a2342e6c08876bcf,5759,attention,3
3413,53,4,0,0,,United Kingdom,slightly_smiling_face,4,114690,1772207489382,1772207374692,female,true,7,65b9a002909e6b9bd3520066,69a1bd063213118863e00ca2,69a1b278a2342e6c08876bcf,13285,trial,7
3413,53,4,0,0,,United Kingdom,white_frowning_face,4,114690,1772207489382,1772207374692,female,true,7,65b9a002909e6b9bd3520066,69a1bd063213118863e00ca2,69a1b278a2342e6c08876bcf,4840,trial,2
3413,53,4,0,0,,United Kingdom,slightly_frowning_face,4,114690,1772207489382,1772207374692,female,true,7,65b9a002909e6b9bd3520066,69a1bd063213118863e00ca2,69a1b278a2342e6c08876bcf,3891,trial,3
3413,53,6,0,0,,United Kingdom,weary,4,114690,1772207489382,1772207374692,female,true,7,65b9a002909e6b9bd3520066,69a1bd063213118863e00ca2,69a1b278a2342e6c08876bcf,4703,trial,2
3412,42,6,0,0,none,United States of America,relaxed,6,87507,1772207473730,1772207386223,female,true,7,63fa297f1fd79947bc25a633,69a1bd12e8d797dd671398c4,69a1b278a2342e6c08876bcf,5744,trial,8
3412,42,4,0,0,none,United States of America,slightly_smiling_face,6,87507,1772207473730,1772207386223,female,true,7,63fa297f1fd79947bc25a633,69a1bd12e8d797dd671398c4,69a1b278a2342e6c08876bcf,4368,trial,8
3412,42,8,0,0,none,United States of America,kissing,6,87507,1772207473730,1772207386223,female,true,7,63fa297f1fd79947bc25a633,69a1bd12e8d797dd671398c4,69a1b278a2342e6c08876bcf,3080,trial,8
3412,42,4,0,0,none,United States of America,white_frowning_face,6,87507,1772207473730,1772207386223,female,true,7,63fa297f1fd79947bc25a633,69a1bd12e8d797dd671398c4,69a1b278a2342e6c08876bcf,3720,trial,2
3412,42,5,2,4,none,United States of America,arrow_up,6,87507,1772207473730,1772207386223,female,false,7,63fa297f1fd79947bc25a633,69a1bd12e8d797dd671398c4,69a1b278a2342e6c08876bcf,4351,attention,5
3412,42,5,0,0,none,United States of America,pensive,6,87507,1772207473730,1772207386223,female,true,7,63fa297f1fd79947bc25a633,69a1bd12e8d797dd671398c4,69a1b278a2342e6c08876bcf,3952,trial,3
3412,42,7,0,0,none,United States of America,smile,6,87507,1772207473730,1772207386223,female,true,7,63fa297f1fd79947bc25a633,69a1bd12e8d797dd671398c4,69a1b278a2342e6c08876bcf,3313,trial,8
3412,42,5,0,0,none,United States of America,slightly_frowning_face,6,87507,1772207473730,1772207386223,female,true,7,63fa297f1fd79947bc25a633,69a1bd12e8d797dd671398c4,69a1b278a2342e6c08876bcf,3128,trial,2
3412,42,6,0,0,none,United States of America,grinning,6,87507,1772207473730,1772207386223,female,true,7,63fa297f1fd79947bc25a633,69a1bd12e8d797dd671398c4,69a1b278a2342e6c08876bcf,2599,trial,7
3412,42,1,1,3,none,United States of America,arrow_up,6,87507,1772207473730,1772207386223,female,true,7,63fa297f1fd79947bc25a633,69a1bd12e8d797dd671398c4,69a1b278a2342e6c08876bcf,11920,attention,3
3412,42,8,0,0,none,United States of America,weary,6,87507,1772207473730,1772207386223,female,true,7,63fa297f1fd79947bc25a633,69a1bd12e8d797dd671398c4,69a1b278a2342e6c08876bcf,6760,trial,2
3412,42,8,0,0,none,United States of America,angry,6,87507,1772207473730,1772207386223,female,true,7,63fa297f1fd79947bc25a633,69a1bd12e8d797dd671398c4,69a1b278a2342e6c08876bcf,5511,trial,2
3412,42,7,0,0,none,United States of America,laughing,6,87507,1772207473730,1772207386223,female,true,7,63fa297f1fd79947bc25a633,69a1bd12e8d797dd671398c4,69a1b278a2342e6c08876bcf,2417,trial,7
3412,42,5,0,0,none,United States of America,neutral_face,6,87507,1772207473730,1772207386223,female,true,7,63fa297f1fd79947bc25a633,69a1bd12e8d797dd671398c4,69a1b278a2342e6c08876bcf,3624,trial,5
3416,42,7,0,0,,United Kingdom,smile,5,221665,1772207599434,1772207377769,male,true,7,699eccbe4a6e999af4b86af0,69a1bd0cd321923f51088150,69a1b278a2342e6c08876bcf,8308,trial,9
3416,42,7,0,0,,United Kingdom,white_frowning_face,5,221665,1772207599434,1772207377769,male,true,7,699eccbe4a6e999af4b86af0,69a1bd0cd321923f51088150,69a1b278a2342e6c08876bcf,37926,trial,2
3416,42,3,0,0,,United Kingdom,neutral_face,5,221665,1772207599434,1772207377769,male,true,7,699eccbe4a6e999af4b86af0,69a1bd0cd321923f51088150,69a1b278a2342e6c08876bcf,33312,trial,5
3416,42,6,0,0,,United Kingdom,grinning,5,221665,1772207599434,1772207377769,male,true,7,699eccbe4a6e999af4b86af0,69a1bd0cd321923f51088150,69a1b278a2342e6c08876bcf,8474,trial,7
3416,42,5,5,5,,United Kingdom,arrow_up,5,221665,1772207599434,1772207377769,male,true,7,699eccbe4a6e999af4b86af0,69a1bd0cd321923f51088150,69a1b278a2342e6c08876bcf,8282,attention,5
3416,42,6,0,0,,United Kingdom,slightly_smiling_face,5,221665,1772207599434,1772207377769,male,true,7,699eccbe4a6e999af4b86af0,69a1bd0cd321923f51088150,69a1b278a2342e6c08876bcf,17114,trial,6
3416,42,5,0,0,,United Kingdom,slightly_frowning_face,5,221665,1772207599434,1772207377769,male,true,7,699eccbe4a6e999af4b86af0,69a1bd0cd321923f51088150,69a1b278a2342e6c08876bcf,4378,trial,4
3416,42,2,0,0,,United Kingdom,pensive,5,221665,1772207599434,1772207377769,male,true,7,699eccbe4a6e999af4b86af0,69a1bd0cd321923f51088150,69a1b278a2342e6c08876bcf,10652,trial,3
3416,42,8,0,0,,United Kingdom,angry,5,221665,1772207599434,1772207377769,male,true,7,699eccbe4a6e999af4b86af0,69a1bd0cd321923f51088150,69a1b278a2342e6c08876bcf,7570,trial,2
3416,42,2,2,1,,United Kingdom,arrow_up,5,221665,1772207599434,1772207377769,male,true,7,699eccbe4a6e999af4b86af0,69a1bd0cd321923f51088150,69a1b278a2342e6c08876bcf,7198,attention,1
3416,42,6,0,0,,United Kingdom,weary,5,221665,1772207599434,1772207377769,male,true,7,699eccbe4a6e999af4b86af0,69a1bd0cd321923f51088150,69a1b278a2342e6c08876bcf,32826,trial,2
3416,42,7,0,0,,United Kingdom,laughing,5,221665,1772207599434,1772207377769,male,true,7,699eccbe4a6e999af4b86af0,69a1bd0cd321923f51088150,69a1b278a2342e6c08876bcf,5517,trial,8
3416,42,4,0,0,,United Kingdom,relaxed,5,221665,1772207599434,1772207377769,male,true,7,699eccbe4a6e999af4b86af0,69a1bd0cd321923f51088150,69a1b278a2342e6c08876bcf,7536,trial,9
3416,42,7,0,0,,United Kingdom,kissing,5,221665,1772207599434,1772207377769,male,true,7,699eccbe4a6e999af4b86af0,69a1bd0cd321923f51088150,69a1b278a2342e6c08876bcf,5320,trial,6
3418,63,3,0,0,,United Kingdom,white_frowning_face,5,216313,1772207953699,1772207737386,female,true,7,5c0873675b32d500012e3f2c,69a1bdcc0354110f73a7b799,69a1b278a2342e6c08876bcf,4787,trial,3
3418,63,3,0,0,,United Kingdom,slightly_frowning_face,5,216313,1772207953699,1772207737386,female,true,7,5c0873675b32d500012e3f2c,69a1bdcc0354110f73a7b799,69a1b278a2342e6c08876bcf,9532,trial,3
3418,63,2,0,0,,United Kingdom,neutral_face,5,216313,1772207953699,1772207737386,female,true,7,5c0873675b32d500012e3f2c,69a1bdcc0354110f73a7b799,69a1b278a2342e6c08876bcf,9396,trial,5
3418,63,2,0,0,,United Kingdom,slightly_smiling_face,5,216313,1772207953699,1772207737386,female,true,7,5c0873675b32d500012e3f2c,69a1bdcc0354110f73a7b799,69a1b278a2342e6c08876bcf,8880,trial,5
3418,63,1,1,1,,United Kingdom,arrow_up,5,216313,1772207953699,1772207737386,female,true,7,5c0873675b32d500012e3f2c,69a1bdcc0354110f73a7b799,69a1b278a2342e6c08876bcf,6662,attention,1
3418,63,7,0,0,,United Kingdom,grinning,5,216313,1772207953699,1772207737386,female,true,7,5c0873675b32d500012e3f2c,69a1bdcc0354110f73a7b799,69a1b278a2342e6c08876bcf,15497,trial,8
3418,63,8,0,0,,United Kingdom,angry,5,216313,1772207953699,1772207737386,female,true,7,5c0873675b32d500012e3f2c,69a1bdcc0354110f73a7b799,69a1b278a2342e6c08876bcf,15740,trial,3
3418,63,7,0,0,,United Kingdom,relaxed,5,216313,1772207953699,1772207737386,female,true,7,5c0873675b32d500012e3f2c,69a1bdcc0354110f73a7b799,69a1b278a2342e6c08876bcf,20528,trial,7
3418,63,6,0,0,,United Kingdom,laughing,5,216313,1772207953699,1772207737386,female,true,7,5c0873675b32d500012e3f2c,69a1bdcc0354110f73a7b799,69a1b278a2342e6c08876bcf,18264,trial,7
3418,63,5,5,2,,United Kingdom,arrow_up,5,216313,1772207953699,1772207737386,female,true,7,5c0873675b32d500012e3f2c,69a1bdcc0354110f73a7b799,69a1b278a2342e6c08876bcf,6730,attention,2
3418,63,6,0,0,,United Kingdom,kissing,5,216313,1772207953699,1772207737386,female,true,7,5c0873675b32d500012e3f2c,69a1bdcc0354110f73a7b799,69a1b278a2342e6c08876bcf,19341,trial,6
3418,63,7,0,0,,United Kingdom,weary,5,216313,1772207953699,1772207737386,female,true,7,5c0873675b32d500012e3f2c,69a1bdcc0354110f73a7b799,69a1b278a2342e6c08876bcf,12296,trial,2
3418,63,8,0,0,,United Kingdom,smile,5,216313,1772207953699,1772207737386,female,true,7,5c0873675b32d500012e3f2c,69a1bdcc0354110f73a7b799,69a1b278a2342e6c08876bcf,19742,trial,8
3418,63,4,0,0,,United Kingdom,pensive,5,216313,1772207953699,1772207737386,female,true,7,5c0873675b32d500012e3f2c,69a1bdcc0354110f73a7b799,69a1b278a2342e6c08876bcf,21176,trial,3
3419,29,8,0,0,,United States of America,white_frowning_face,2,773737,1772208208433,1772207434696,male,true,7,65ccca52871269168cc029b5,69a1bb9da354f538f0c397e5,69a1b278a2342e6c08876bcf,27544,trial,2
3419,29,9,0,0,,United States of America,angry,2,773737,1772208208433,1772207434696,male,true,7,65ccca52871269168cc029b5,69a1bb9da354f538f0c397e5,69a1b278a2342e6c08876bcf,17005,trial,2
3419,29,8,0,0,,United States of America,laughing,2,773737,1772208208433,1772207434696,male,true,7,65ccca52871269168cc029b5,69a1bb9da354f538f0c397e5,69a1b278a2342e6c08876bcf,6831,trial,5
3419,29,6,0,0,,United States of America,relaxed,2,773737,1772208208433,1772207434696,male,true,7,65ccca52871269168cc029b5,69a1bb9da354f538f0c397e5,69a1b278a2342e6c08876bcf,280670,trial,6
3419,29,4,4,4,,United States of America,arrow_up,2,773737,1772208208433,1772207434696,male,true,7,65ccca52871269168cc029b5,69a1bb9da354f538f0c397e5,69a1b278a2342e6c08876bcf,3901,attention,4
3419,29,7,0,0,,United States of America,pensive,2,773737,1772208208433,1772207434696,male,true,7,65ccca52871269168cc029b5,69a1bb9da354f538f0c397e5,69a1b278a2342e6c08876bcf,25161,trial,3
3419,29,5,0,0,,United States of America,slightly_frowning_face,2,773737,1772208208433,1772207434696,male,true,7,65ccca52871269168cc029b5,69a1bb9da354f538f0c397e5,69a1b278a2342e6c08876bcf,13465,trial,3
3419,29,5,0,0,,United States of America,kissing,2,773737,1772208208433,1772207434696,male,true,7,65ccca52871269168cc029b5,69a1bb9da354f538f0c397e5,69a1b278a2342e6c08876bcf,202308,trial,5
3419,29,6,0,0,,United States of America,grinning,2,773737,1772208208433,1772207434696,male,true,7,65ccca52871269168cc029b5,69a1bb9da354f538f0c397e5,69a1b278a2342e6c08876bcf,5094,trial,7
3419,29,1,1,4,,United States of America,arrow_up,2,773737,1772208208433,1772207434696,male,true,7,65ccca52871269168cc029b5,69a1bb9da354f538f0c397e5,69a1b278a2342e6c08876bcf,3086,attention,4
3419,29,6,0,0,,United States of America,smile,2,773737,1772208208433,1772207434696,male,true,7,65ccca52871269168cc029b5,69a1bb9da354f538f0c397e5,69a1b278a2342e6c08876bcf,13100,trial,7
3419,29,6,0,0,,United States of America,neutral_face,2,773737,1772208208433,1772207434696,male,true,7,65ccca52871269168cc029b5,69a1bb9da354f538f0c397e5,69a1b278a2342e6c08876bcf,4635,trial,3
3419,29,7,0,0,,United States of America,weary,2,773737,1772208208433,1772207434696,male,true,7,65ccca52871269168cc029b5,69a1bb9da354f538f0c397e5,69a1b278a2342e6c08876bcf,14825,trial,3
3419,29,4,0,0,,United States of America,slightly_smiling_face,2,773737,1772208208433,1772207434696,male,true,7,65ccca52871269168cc029b5,69a1bb9da354f538f0c397e5,69a1b278a2342e6c08876bcf,83743,trial,7
3420,37,1,0,0,,Canada,slightly_frowning_face,6,158169,1772208417237,1772208259068,male,true,7,6906fb0550ab0cd36ae6fc29,69a1c06cb065b092970f7958,69a1b278a2342e6c08876bcf,14801,trial,1
3420,37,8,0,0,,Canada,slightly_smiling_face,6,158169,1772208417237,1772208259068,male,true,7,6906fb0550ab0cd36ae6fc29,69a1c06cb065b092970f7958,69a1b278a2342e6c08876bcf,7681,trial,8
3420,37,8,0,0,,Canada,relaxed,6,158169,1772208417237,1772208259068,male,true,7,6906fb0550ab0cd36ae6fc29,69a1c06cb065b092970f7958,69a1b278a2342e6c08876bcf,7032,trial,8
3420,37,2,0,0,,Canada,angry,6,158169,1772208417237,1772208259068,male,true,7,6906fb0550ab0cd36ae6fc29,69a1c06cb065b092970f7958,69a1b278a2342e6c08876bcf,4423,trial,2
3420,37,7,2,1,,Canada,arrow_up,6,158169,1772208417237,1772208259068,male,false,7,6906fb0550ab0cd36ae6fc29,69a1c06cb065b092970f7958,69a1b278a2342e6c08876bcf,6741,attention,7
3420,37,5,0,0,,Canada,neutral_face,6,158169,1772208417237,1772208259068,male,true,7,6906fb0550ab0cd36ae6fc29,69a1c06cb065b092970f7958,69a1b278a2342e6c08876bcf,3722,trial,5
3420,37,2,0,0,,Canada,white_frowning_face,6,158169,1772208417237,1772208259068,male,true,7,6906fb0550ab0cd36ae6fc29,69a1c06cb065b092970f7958,69a1b278a2342e6c08876bcf,6290,trial,2
3420,37,9,0,0,,Canada,smile,6,158169,1772208417237,1772208259068,male,true,7,6906fb0550ab0cd36ae6fc29,69a1c06cb065b092970f7958,69a1b278a2342e6c08876bcf,4619,trial,9
3420,37,2,0,0,,Canada,weary,6,158169,1772208417237,1772208259068,male,true,7,6906fb0550ab0cd36ae6fc29,69a1c06cb065b092970f7958,69a1b278a2342e6c08876bcf,3345,trial,2
3420,37,7,3,3,,Canada,arrow_up,6,158169,1772208417237,1772208259068,male,false,7,6906fb0550ab0cd36ae6fc29,69a1c06cb065b092970f7958,69a1b278a2342e6c08876bcf,7663,attention,7
3420,37,7,0,0,,Canada,kissing,6,158169,1772208417237,1772208259068,male,true,7,6906fb0550ab0cd36ae6fc29,69a1c06cb065b092970f7958,69a1b278a2342e6c08876bcf,3895,trial,7
3420,37,6,0,0,,Canada,laughing,6,158169,1772208417237,1772208259068,male,true,7,6906fb0550ab0cd36ae6fc29,69a1c06cb065b092970f7958,69a1b278a2342e6c08876bcf,3643,trial,6
3420,37,7,0,0,,Canada,grinning,6,158169,1772208417237,1772208259068,male,true,7,6906fb0550ab0cd36ae6fc29,69a1c06cb065b092970f7958,69a1b278a2342e6c08876bcf,2916,trial,7
3420,37,2,0,0,,Canada,pensive,6,158169,1772208417237,1772208259068,male,true,7,6906fb0550ab0cd36ae6fc29,69a1c06cb065b092970f7958,69a1b278a2342e6c08876bcf,3544,trial,2
3421,52,5,0,0,,United States of America,kissing,6,112294,1772209177771,1772209065477,female,true,7,5dd4767b32288646716dc98a,69a1c2b7827ef30df821c542,69a1b278a2342e6c08876bcf,6662,trial,5
3421,52,3,0,0,,United States of America,angry,6,112294,1772209177771,1772209065477,female,true,7,5dd4767b32288646716dc98a,69a1c2b7827ef30df821c542,69a1b278a2342e6c08876bcf,4540,trial,3
3421,52,7,0,0,,United States of America,grinning,6,112294,1772209177771,1772209065477,female,true,7,5dd4767b32288646716dc98a,69a1c2b7827ef30df821c542,69a1b278a2342e6c08876bcf,4216,trial,7
3421,52,3,0,0,,United States of America,white_frowning_face,6,112294,1772209177771,1772209065477,female,true,7,5dd4767b32288646716dc98a,69a1c2b7827ef30df821c542,69a1b278a2342e6c08876bcf,6138,trial,3
3421,52,5,5,4,,United States of America,arrow_up,6,112294,1772209177771,1772209065477,female,true,7,5dd4767b32288646716dc98a,69a1c2b7827ef30df821c542,69a1b278a2342e6c08876bcf,9066,attention,4
3421,52,7,0,0,,United States of America,slightly_smiling_face,6,112294,1772209177771,1772209065477,female,true,7,5dd4767b32288646716dc98a,69a1c2b7827ef30df821c542,69a1b278a2342e6c08876bcf,6038,trial,7
3421,52,8,0,0,,United States of America,smile,6,112294,1772209177771,1772209065477,female,true,7,5dd4767b32288646716dc98a,69a1c2b7827ef30df821c542,69a1b278a2342e6c08876bcf,5326,trial,8
3421,52,9,0,0,,United States of America,relaxed,6,112294,1772209177771,1772209065477,female,true,7,5dd4767b32288646716dc98a,69a1c2b7827ef30df821c542,69a1b278a2342e6c08876bcf,4990,trial,9
3421,52,3,0,0,,United States of America,slightly_frowning_face,6,112294,1772209177771,1772209065477,female,true,7,5dd4767b32288646716dc98a,69a1c2b7827ef30df821c542,69a1b278a2342e6c08876bcf,5042,trial,3
3421,52,3,3,5,,United States of America,arrow_up,6,112294,1772209177771,1772209065477,female,true,7,5dd4767b32288646716dc98a,69a1c2b7827ef30df821c542,69a1b278a2342e6c08876bcf,8572,attention,5
3421,52,2,0,0,,United States of America,pensive,6,112294,1772209177771,1772209065477,female,true,7,5dd4767b32288646716dc98a,69a1c2b7827ef30df821c542,69a1b278a2342e6c08876bcf,4930,trial,2
3421,52,5,0,0,,United States of America,neutral_face,6,112294,1772209177771,1772209065477,female,true,7,5dd4767b32288646716dc98a,69a1c2b7827ef30df821c542,69a1b278a2342e6c08876bcf,4568,trial,5
3421,52,1,0,0,,United States of America,weary,6,112294,1772209177771,1772209065477,female,true,7,5dd4767b32288646716dc98a,69a1c2b7827ef30df821c542,69a1b278a2342e6c08876bcf,3988,trial,1
3421,52,7,0,0,,United States of America,laughing,6,112294,1772209177771,1772209065477,female,true,7,5dd4767b32288646716dc98a,69a1c2b7827ef30df821c542,69a1b278a2342e6c08876bcf,4792,trial,7
3423,53,5,0,0,,United States of America,relaxed,3,164433,1772211432299,1772211267866,male,true,7,5e0b388b15ef4037cebdecc9,69a1cc1b734f1971c676466d,69a1b278a2342e6c08876bcf,12164,trial,9
3423,53,3,0,0,,United States of America,neutral_face,3,164433,1772211432299,1772211267866,male,true,7,5e0b388b15ef4037cebdecc9,69a1cc1b734f1971c676466d,69a1b278a2342e6c08876bcf,9256,trial,5
3423,53,6,0,0,,United States of America,slightly_frowning_face,3,164433,1772211432299,1772211267866,male,true,7,5e0b388b15ef4037cebdecc9,69a1cc1b734f1971c676466d,69a1b278a2342e6c08876bcf,7864,trial,1
3423,53,8,0,0,,United States of America,smile,3,164433,1772211432299,1772211267866,male,true,7,5e0b388b15ef4037cebdecc9,69a1cc1b734f1971c676466d,69a1b278a2342e6c08876bcf,5100,trial,9
3423,53,1,1,2,,United States of America,arrow_up,3,164433,1772211432299,1772211267866,male,true,7,5e0b388b15ef4037cebdecc9,69a1cc1b734f1971c676466d,69a1b278a2342e6c08876bcf,7234,attention,2
3423,53,8,0,0,,United States of America,weary,3,164433,1772211432299,1772211267866,male,true,7,5e0b388b15ef4037cebdecc9,69a1cc1b734f1971c676466d,69a1b278a2342e6c08876bcf,17388,trial,1
3423,53,5,0,0,,United States of America,slightly_smiling_face,3,164433,1772211432299,1772211267866,male,true,7,5e0b388b15ef4037cebdecc9,69a1cc1b734f1971c676466d,69a1b278a2342e6c08876bcf,8526,trial,7
3423,53,9,0,0,,United States of America,laughing,3,164433,1772211432299,1772211267866,male,true,7,5e0b388b15ef4037cebdecc9,69a1cc1b734f1971c676466d,69a1b278a2342e6c08876bcf,4054,trial,9
3423,53,4,0,0,,United States of America,kissing,3,164433,1772211432299,1772211267866,male,true,7,5e0b388b15ef4037cebdecc9,69a1cc1b734f1971c676466d,69a1b278a2342e6c08876bcf,6898,trial,5
3423,53,5,5,2,,United States of America,arrow_up,3,164433,1772211432299,1772211267866,male,true,7,5e0b388b15ef4037cebdecc9,69a1cc1b734f1971c676466d,69a1b278a2342e6c08876bcf,5068,attention,2
3423,53,9,0,0,,United States of America,angry,3,164433,1772211432299,1772211267866,male,true,7,5e0b388b15ef4037cebdecc9,69a1cc1b734f1971c676466d,69a1b278a2342e6c08876bcf,30451,trial,1
3423,53,8,0,0,,United States of America,grinning,3,164433,1772211432299,1772211267866,male,true,7,5e0b388b15ef4037cebdecc9,69a1cc1b734f1971c676466d,69a1b278a2342e6c08876bcf,4636,trial,9
3423,53,7,0,0,,United States of America,white_frowning_face,3,164433,1772211432299,1772211267866,male,true,7,5e0b388b15ef4037cebdecc9,69a1cc1b734f1971c676466d,69a1b278a2342e6c08876bcf,8313,trial,2
3423,53,4,0,0,,United States of America,pensive,3,164433,1772211432299,1772211267866,male,true,7,5e0b388b15ef4037cebdecc9,69a1cc1b734f1971c676466d,69a1b278a2342e6c08876bcf,7755,trial,3
